NoEmp,Folio,Fecha,HoraI,HoraF,Motivos,Maquina,Razon,TurnoSeleccionado,HoraFinalSinMargen,HoraFinalConMargen,Estado
60040,873,2026-03-04,15:00:00,17:00:00,5,90,"Inserciones de prueba (Datos no reales)",turno1,17:00:00,17:15:00,null
60040,873,2026-03-05,18:30:00,20:30:00,5,90,"Inserciones de prueba (Datos no reales)",mixto2,20:30:00,20:45:00,null
55217,873,2026-02-11,15:00:00,17:00:00,5,90,"Inserciones de prueba (Datos no reales)",turno1,17:00:00,17:15:00,null
60040,874,2026-03-12,17:00:00,19:00:00,4,90,"Datos de prueba 1 dia despues de hoy",mixto1,19:00:00,19:15:00,null
60044,874,2026-03-12,17:00:00,19:00:00,10,90,"Datos de prueba 1 dia despues de hoy",mixto1,19:00:00,19:15:00,null
55217,874,2026-03-13,17:00:00,19:00:00,10,90,"Datos de prueba 2 dias despues de hoy",mixto1,19:00:00,19:15:00,null
55217,874,2026-03-11,17:00:00,19:00:00,10,90,"Datos de prueba 2 dias despues de hoy",mixto1,19:00:00,19:15:00,null
60040,873,2026-03-05,18:30:00,20:30:00,10,90,"Inserciones de prueba (Datos no reales)",mixto2,20:30:00,20:45:00,null
60040,873,2026-03-05,18:30:00,20:30:00,10,90,"Inserciones de prueba (Datos no reales)",mixto2,20:30:00,20:45:00,null
60040,873,2026-03-04,15:00:00,17:00:00,10,90,"Inserciones de prueba (Datos no reales)",turno1,17:00:00,17:15:00,null
60040,873,2026-03-04,15:00:00,17:00:00,10,90,"Inserciones de prueba (Datos no reales)",turno1,17:00:00,17:15:00,null
60040,873,2026-03-05,15:00:00,17:00:00,10,90,"Inserciones de prueba (Datos no reales)",turno1,17:00:00,17:15:00,null
60040,873,2026-03-05,15:00:00,17:00:00,10,90,"Inserciones de prueba (Datos no reales)",turno1,17:00:00,17:15:00,null
60040,873,2026-03-04,15:00:00,17:00:00,10,90,"Inserciones de prueba (Datos no reales)",turno1,17:00:00,17:15:00,null
60040,874,2026-02-06,15:00:00,17:00:00,10,90,"Inserciones de prueba (Datos no reales)",turno1,17:00:00,17:15:00,null
60040,873,2026-02-05,15:00:00,17:00:00,10,90,"Inserciones de prueba (Datos no reales)",turno1,17:00:00,17:15:00,null
60040,873,2026-02-04,15:00:00,17:00:00,10,90,"Inserciones de prueba (Datos no reales)",turno1,17:00:00,17:15:00,null
60040,873,2026-02-04,15:00:00,17:00:00,1,90,"Inserciones de prueba (Datos no reales)",turno1,17:00:00,17:15:00,null
60040,874,2026-03-10,07:00:00,09:00:00,1,90,"Inserciones de prueba (Datos no reales)",turno3,09:00:00,09:15:00,null
60040,874,2026-03-10,07:00:00,09:00:00,10,90,"Inserciones de prueba (Datos no reales)",turno3,09:00:00,09:15:00,null
60044,874,2026-03-10,07:00:00,09:00:00,10,90,"Inserciones de prueba (Datos no reales)",turno3,09:00:00,09:15:00,null
60044,874,2026-03-10,07:00:00,09:00:00,2,90,"Inserciones de prueba (Datos no reales)",turno3,09:00:00,09:15:00,null
60044,874,2026-03-10,07:00:00,13:20:00,2,90,"Inserciones de prueba (Datos no reales)",turno3,13:20:00,13:35:00,null
60044,874,2026-03-10,07:00:00,13:20:00,10,90,"Inserciones de prueba (Datos no reales)",turno3,13:20:00,13:35:00,null
60040,874,2026-03-10,07:00:00,13:20:00,10,90,"Inserciones de prueba (Datos no reales)",turno3,13:20:00,13:35:00,null
60040,874,2026-03-10,07:00:00,13:20:00,10,90,"Inserciones de prueba (Datos no reales)",turno3,13:20:00,13:35:00,null
60040,874,2026-03-10,07:00:00,13:20:00,4,90,"Inserciones de prueba (Datos no reales)",turno3,13:20:00,13:35:00,null
60040,874,2026-03-11,07:00:00,13:20:00,4,90,"Inserciones de prueba (Datos no reales)",turno3,13:20:00,13:35:00,null
60040,874,2026-03-11,07:00:00,13:20:00,10,90,"Inserciones de prueba (Datos no reales)",turno3,13:20:00,13:35:00,null
60044,874,2026-03-11,07:00:00,13:20:00,2,90,"Inserciones de prueba (Datos no reales)",turno3,13:20:00,13:35:00,null
60044,874,2026-03-11,07:00:00,13:20:00,10,90,"Inserciones de prueba (Datos no reales)",turno3,13:20:00,13:35:00,null
60044,874,2026-03-11,07:00:00,13:24:00,10,90,"Inserciones de prueba (Datos no reales)",turno3,13:24:00,13:39:00,null
60044,874,2026-03-11,07:00:00,13:24:00,1,90,"Inserciones de prueba (Datos no reales)",turno3,13:24:00,13:39:00,null
60040,874,2026-03-11,07:00:00,13:24:00,1,90,"Inserciones de prueba (Datos no reales)",turno3,13:24:00,13:39:00,null
60040,874,2026-03-11,07:00:00,13:24:00,1,90,"Inserciones de prueba (Datos no reales)",turno3,13:24:00,13:39:00,null
60040,874,2026-03-11,07:00:00,13:24:00,10,90,"Inserciones de prueba (Datos no reales)",turno3,13:24:00,13:39:00,null
60040,874,2026-03-11,07:00:00,13:30:00,10,90,"Inserciones de prueba (Datos no reales)",turno3,13:30:00,13:45:00,null
60040,874,2026-03-11,07:00:00,13:30:00,1,90,"Inserciones de prueba (Datos no reales)",turno3,13:30:00,13:45:00,null
60044,874,2026-03-11,07:00:00,13:30:00,1,90,"Inserciones de prueba (Datos no reales)",turno3,13:30:00,13:45:00,null
60044,874,2026-03-11,07:00:00,13:30:00,5,90,"Inserciones de prueba (Datos no reales)",turno3,13:30:00,13:45:00,null
60044,874,2026-03-11,07:00:00,13:30:00,10,90,"Inserciones de prueba (Datos no reales)",turno3,13:30:00,13:45:00,null
55217,874,2026-02-09,17:00:00,20:00:00,6,90,"Datos de prueba 2",mixto1,20:00:00,20:15:00,null
55217,874,2026-02-09,17:00:00,20:00:00,10,90,"Datos de prueba 2",mixto1,20:00:00,20:15:00,null
55217,874,2026-02-10,17:00:00,20:00:00,10,90,"Datos de prueba 2",mixto1,20:00:00,20:15:00,null
55217,874,2026-02-11,17:00:00,19:00:00,10,90,"Datos de prueba 2",mixto1,19:00:00,19:15:00,null
55217,874,2026-02-11,17:00:00,19:00:00,10,90,"Datos de prueba 2",mixto1,19:00:00,19:15:00,null
55217,874,2026-02-11,17:00:00,19:00:00,10,90,"Datos de prueba 2",mixto1,19:00:00,19:15:00,null
55217,873,2026-02-11,17:00:00,20:00:00,10,90,"Inserción de prueba (Datos no reales)",mixto1,20:00:00,20:15:00,null
60044,873,2026-03-13,17:00:00,19:00:00,4,64,"Inserción de prueba (Datos no reales)",mixto1,19:00:00,19:15:00,null
60040,874,2026-03-11,07:00:00,09:00:00,4,122,"Inserción de prueba (Datos no reales)",turno3,09:00:00,09:15:00,null
60040,874,2026-03-11,07:00:00,09:00:00,4,122,"Inserción de prueba (Datos no reales)",turno3,09:00:00,09:15:00,null
60040,875,2026-03-13,18:30:00,21:30:00,5,90,"Inserción de prueba (Datos no reales)",mixto2,21:30:00,21:45:00,null
60044,875,2026-03-12,07:00:00,10:00:00,5,90,"Inserción de prueba (Datos no reales)",turno3,10:00:00,10:15:00,null
60044,875,2026-03-13,15:00:00,17:00:00,5,90,"Inserción de prueba (Datos no reales)",turno1,17:00:00,17:15:00,null
60044,875,2026-03-13,07:00:00,09:00:00,10,90,"Inserción de prueba (Datos no reales)",turno3,09:00:00,09:15:00,null
55217,875,2026-02-10,17:00:00,19:00:00,10,90,"Inserción de prueba (Datos no reales)",mixto1,19:00:00,19:15:00,null
55217,875,2026-02-10,17:00:00,19:00:00,1,90,"Inserción de prueba (Datos no reales)",mixto1,19:00:00,19:15:00,null
55217,876,2026-02-10,17:00:00,21:00:00,5,137,"Datos de prueba.",mixto1,21:00:00,21:15:00,null
55217,876,2026-02-10,17:00:00,21:00:00,10,137,"Datos de prueba.",mixto1,21:00:00,21:15:00,null
55217,876,2026-02-10,17:00:00,20:00:00,4,137,"Datos de prueba.",mixto1,20:00:00,20:15:00,null
55217,876,2026-02-10,17:00:00,20:00:00,10,137,"Datos de prueba.",mixto1,20:00:00,20:15:00,null
55217,877,2026-02-09,17:00:00,19:00:00,1,64,"Datos de prueba",mixto1,19:00:00,19:15:00,null
55217,877,2026-02-10,17:00:00,19:00:00,10,64,"Datos de prueba",mixto1,19:00:00,19:15:00,null
55217,877,2026-02-09,17:00:00,19:00:00,10,64,"Datos de prueba",mixto1,19:00:00,19:15:00,null
55217,877,2026-02-09,17:00:00,19:00:00,1,64,"Datos de prueba",mixto1,19:00:00,19:15:00,null
55217,877,2026-02-09,17:00:00,19:00:00,4,64,"Datos de prueba",mixto1,19:00:00,19:15:00,null
55217,877,2026-02-09,17:00:00,19:00:00,10,64,"Datos de prueba",mixto1,19:00:00,19:15:00,null
55217,877,2026-02-09,01:00:00,04:00:00,8,64,"Datos de prueba",mixto1,19:00:00,19:15:00,null
55217,877,2026-02-09,17:00:00,19:00:00,1,81,"Datos de prueba 2",mixto1,19:00:00,19:15:00,null
55217,877,2026-02-09,17:00:00,19:00:00,5,81,"Datos de prueba 2",mixto1,19:00:00,19:15:00,null
55217,877,2026-02-09,17:00:00,19:00:00,10,81,"Datos de prueba 2",mixto1,19:00:00,19:15:00,null
55217,877,2026-02-09,17:00:00,19:00:00,11,81,"Datos de prueba 2",mixto1,19:00:00,19:15:00,null
55217,877,2026-02-09,01:00:00,04:00:00,8,81,"Datos de prueba 2",mixto1,19:00:00,19:15:00,null
55217,877,2026-02-09,17:00:00,19:00:00,1,81,"Datos de prueba 2",mixto1,19:00:00,19:15:00,null
55217,877,2026-02-09,17:00:00,19:00:00,1,65,"Datos de prueba 2",mixto1,19:00:00,19:15:00,null
55217,877,2026-02-09,17:00:00,19:00:00,10,65,"Datos de prueba 2",mixto1,19:00:00,19:15:00,null
55217,877,2026-02-09,17:00:00,19:00:00,6,65,"Datos de prueba 2",mixto1,19:00:00,19:15:00,null
55217,877,2026-02-09,17:00:00,19:00:00,1,90,"Datos de prueba",mixto1,19:00:00,19:15:00,null
55217,877,2026-02-09,17:00:00,19:00:00,2,90,"Datos de prueba",mixto1,19:00:00,19:15:00,null
55217,877,2026-02-09,17:00:00,19:00:00,10,90,"Datos de prueba",mixto1,19:00:00,19:15:00,null
55217,877,2026-02-09,17:00:00,19:00:00,2,90,"Datos de prueba",mixto1,19:00:00,19:15:00,null
55217,877,2026-02-09,17:00:00,19:00:00,4,90,"Datos de prueba",mixto1,19:00:00,19:15:00,null
55217,877,2026-02-09,17:00:00,19:00:00,7,90,"Datos de prueba",mixto1,19:00:00,19:15:00,null
55217,877,2026-02-09,17:00:00,19:00:00,10,90,"Datos de prueba",mixto1,19:00:00,19:15:00,null
55217,877,2026-02-09,17:00:00,19:00:00,2,90,"Datos de prueba",mixto1,19:00:00,19:15:00,null
55217,877,2026-02-09,17:00:00,19:00:00,11,90,"Datos de prueba",mixto1,19:00:00,19:15:00,null
55217,877,2026-02-09,17:00:00,19:00:00,5,90,"Datos de prueba",mixto1,19:00:00,19:15:00,null
55217,877,2026-02-09,01:00:00,04:00:00,8,90,"Datos de prueba",mixto1,19:00:00,19:15:00,null
55217,877,2026-02-09,17:00:00,19:00:00,10,90,"Datos de prueba",mixto1,19:00:00,19:15:00,null
55217,877,2026-02-09,17:00:00,19:00:00,2,90,"Datos de prueba",mixto1,19:00:00,19:15:00,null
55217,877,2026-02-09,17:00:00,19:00:00,7,90,"Datos de prueba",mixto1,19:00:00,19:15:00,null
55217,877,2026-02-09,01:00:00,04:00:00,8,90,"Datos de prueba",mixto1,19:00:00,19:15:00,null
55217,877,2026-02-09,17:00:00,19:00:00,2,90,"Datos de prueba",mixto1,19:00:00,19:15:00,null
55217,877,2026-02-09,17:00:00,19:00:00,1,90,"Datos de prueba",mixto1,19:00:00,19:15:00,null
55217,877,2026-02-09,17:00:00,19:00:00,4,90,"Datos de prueba",mixto1,19:00:00,19:15:00,null
55217,877,2026-02-09,01:00:00,04:00:00,8,90,"Datos de prueba",mixto1,19:00:00,19:15:00,null
55217,877,2026-02-09,17:00:00,19:00:00,2,90,"Datos de prueba",mixto1,19:00:00,19:15:00,null
55217,877,2026-02-10,17:00:00,19:00:00,4,90,"Datos de prueba",mixto1,19:00:00,19:15:00,null
55217,877,2026-02-11,17:00:00,19:00:00,6,90,"Datos de prueba",mixto1,19:00:00,19:15:00,null
60040,877,2026-03-13,15:00:00,17:00:00,4,90,"Datos de prueba",turno1,17:00:00,17:15:00,null
55217,878,2026-02-10,17:00:00,20:00:00,3,65,Pruebas,mixto1,20:00:00,20:15:00,null
55217,878,2026-02-11,17:00:00,20:00:00,3,65,Pruebas,mixto1,20:00:00,20:15:00,null
55217,878,2026-02-12,17:00:00,20:00:00,3,65,Pruebas,mixto1,20:00:00,20:15:00,null
60040,879,2026-02-09,15:00:00,17:00:00,10,90,"Datos de prueba",turno1,17:00:00,17:15:00,null
55217,879,2026-02-09,17:00:00,19:00:00,10,137,"Datos de prueba",mixto1,19:00:00,19:15:00,null
55217,879,2026-02-10,17:00:00,19:00:00,5,137,"Datos de prueba",mixto1,19:00:00,19:15:00,null
55217,879,2026-02-11,17:00:00,19:00:00,6,137,"Datos de prueba",mixto1,19:00:00,19:15:00,null
60040,880,2026-03-15,17:00:00,19:30:00,5,122,"Datos de prueba",mixto1,19:30:00,19:45:00,null
55217,880,2026-02-10,17:00:00,19:00:00,5,122,"Datos de prueba",mixto1,19:00:00,19:15:00,null
55217,880,2026-02-11,17:00:00,19:00:00,5,122,"Datos de prueba",mixto1,19:00:00,19:15:00,null
55217,880,2026-03-14,17:00:00,19:00:00,5,122,"Datos de prueba",mixto1,19:00:00,19:15:00,null
55217,880,2026-03-15,17:00:00,19:00:00,5,122,"Datos de prueba",mixto1,19:00:00,19:15:00,null
60040,879,2026-03-13,17:00:00,20:00:00,2,90,"Datos de prueba",mixto1,20:00:00,20:15:00,null
51947,882,2026-03-10,17:00:00,20:00:00,7,90,"Datos de prueba",mixto1,20:00:00,20:15:00,null
51947,882,2026-03-11,17:00:00,19:00:00,7,90,"Datos de prueba",mixto1,19:00:00,19:15:00,null
51947,879,2026-03-12,17:00:00,19:00:00,1,90,"Datos de prueba",mixto1,19:00:00,19:15:00,null
55217,883,2026-02-09,17:00:00,20:00:00,10,90,"Datos de prueba",mixto1,20:00:00,20:15:00,null
55217,883,2026-02-10,17:00:00,20:00:00,10,90,"Datos de prueba",mixto1,20:00:00,20:15:00,null
55217,883,2026-02-10,17:00:00,20:00:00,10,90,"Datos de prueba",mixto1,20:00:00,20:15:00,null
55217,883,2026-02-11,17:00:00,20:00:00,10,90,"Datos de prueba",mixto1,20:00:00,20:15:00,null
55217,883,2026-02-12,17:00:00,20:00:00,10,90,"Datos de prueba",mixto1,20:00:00,20:15:00,null
55217,883,2026-02-13,17:00:00,20:00:00,10,90,"Datos de prueba",mixto1,20:00:00,20:15:00,null
55217,884,2026-03-11,17:00:00,19:00:00,1,90,"Datos de prueba",mixto1,19:00:00,19:15:00,null
55217,884,2026-03-11,17:00:00,19:00:00,4,90,"Datos de prueba",mixto1,19:00:00,19:15:00,null
55217,884,2026-03-14,15:00:00,17:00:00,1,90,"Datos de prueba",turno1,17:00:00,17:15:00,null
55217,884,2026-03-14,15:00:00,17:00:00,3,90,"Datos de prueba",turno1,17:00:00,17:15:00,null
55217,884,2026-03-14,15:00:00,17:00:00,10,90,"Datos de prueba",turno1,17:00:00,17:15:00,null
55217,884,2026-03-14,15:00:00,17:00:00,2,90,"Datos de prueba",turno1,17:00:00,17:15:00,null
55217,884,2026-03-14,01:00:00,04:00:00,8,90,"Datos de prueba",turno1,17:00:00,17:15:00,null
55217,884,2026-03-14,15:00:00,17:00:00,10,90,"Datos de prueba",turno1,17:00:00,17:15:00,null
55217,884,2026-03-14,15:00:00,17:00:00,1,90,"Datos de prueba",turno1,17:00:00,17:15:00,null
55217,884,2026-03-14,15:00:00,17:00:00,2,90,"Datos de prueba",turno1,17:00:00,17:15:00,null
55217,884,2026-03-14,15:00:00,17:00:00,7,90,"Datos de prueba",turno1,17:00:00,17:15:00,null
55217,884,2026-03-14,01:00:00,04:00:00,8,90,"Datos de prueba",turno1,17:00:00,17:15:00,null
55217,884,2026-03-14,01:00:00,04:00:00,8,90,"Datos de prueba",turno1,17:00:00,17:15:00,null
55217,884,2026-03-14,15:00:00,17:00:00,1,90,"Datos de prueba",turno1,17:00:00,17:15:00,null
55217,884,2026-03-14,15:00:00,17:00:00,2,90,"Datos de prueba",turno1,17:00:00,17:15:00,null
55217,884,2026-03-14,15:00:00,17:00:00,10,90,"Datos de prueba",turno1,17:00:00,17:15:00,null
55217,884,2026-03-14,15:00:00,17:00:00,5,90,"Datos de prueba",turno1,17:00:00,17:15:00,null
55217,884,2026-03-14,15:00:00,17:00:00,7,90,"Datos de prueba",turno1,17:00:00,17:15:00,null
55217,884,2026-03-14,15:00:00,17:00:00,10,90,"Datos de prueba",turno1,17:00:00,17:15:00,null
55217,884,2026-03-14,15:00:00,17:00:00,3,90,"Datos de prueba",turno1,17:00:00,17:15:00,null
55217,884,2026-03-14,15:00:00,17:00:00,1,90,"Datos de prueba",turno1,17:00:00,17:15:00,null
55217,884,2026-03-14,01:00:00,04:00:00,8,90,"Datos de prueba",turno1,17:00:00,17:15:00,null
55217,885,2026-03-14,17:00:00,19:00:00,10,90,"Datos de prueba 2",mixto1,19:00:00,19:15:00,null
55217,885,2026-03-14,17:00:00,19:00:00,1,90,"Datos de prueba 2",mixto1,19:00:00,19:15:00,null
55217,885,2026-03-14,17:00:00,19:00:00,5,90,"Datos de prueba 2",mixto1,19:00:00,19:15:00,null
55217,885,2026-03-14,17:00:00,19:00:00,7,90,"Datos de prueba 2",mixto1,19:00:00,19:15:00,null
55217,885,2026-03-14,01:00:00,04:00:00,8,90,"Datos de prueba 2",mixto1,19:00:00,19:15:00,null
55217,886,2026-02-09,17:00:00,20:00:00,2,64,"Datos de prueba",mixto1,20:00:00,20:15:00,null
55217,886,2026-02-10,17:00:00,20:00:00,2,64,"Datos de prueba",mixto1,20:00:00,20:15:00,null
55217,886,2026-02-11,17:00:00,20:00:00,2,64,"Datos de prueba",mixto1,20:00:00,20:15:00,null
51947,887,2026-03-10,18:30:00,21:30:00,7,90,"Datos de prueba",mixto2,21:30:00,21:45:00,null
51947,887,2026-03-11,18:30:00,21:30:00,7,90,"Datos de prueba",mixto2,21:30:00,21:45:00,null
55217,887,2026-02-10,17:00:00,20:00:00,9,65,"Datos de prueba",mixto1,20:00:00,20:15:00,null
55217,887,2026-02-11,17:00:00,19:00:00,9,65,"Datos de prueba",mixto1,19:00:00,19:15:00,null
55217,887,2026-02-12,17:00:00,19:00:00,9,65,"Datos de prueba",mixto1,19:00:00,19:15:00,null
55217,887,2026-03-10,17:00:00,19:00:00,9,65,"Datos de prueba",mixto1,19:00:00,19:15:00,null
55217,887,2026-03-11,17:00:00,19:00:00,9,65,"Datos de prueba",mixto1,19:00:00,19:15:00,null
55217,886,2026-03-17,17:00:00,19:30:00,4,81,"Datos de prueba",mixto1,19:30:00,19:45:00,null
55217,886,2026-03-17,17:00:00,19:30:00,5,64,"Datos de prueba",mixto1,19:30:00,19:45:00,null
55217,886,2026-03-22,17:00:00,19:30:00,5,64,"Datos de prueba",mixto1,19:30:00,19:45:00,null
55217,886,2026-03-23,17:00:00,19:30:00,5,64,"Datos de prueba",mixto1,19:30:00,19:45:00,null
55217,890,2026-03-17,17:00:00,19:00:00,2,64,"Datos de prueba",mixto1,19:00:00,19:15:00,null
55217,890,2026-03-22,17:00:00,19:00:00,2,64,"Datos de prueba",mixto1,19:00:00,19:15:00,null
55217,890,2026-03-23,17:00:00,19:00:00,2,64,"Datos de prueba",mixto1,19:00:00,19:15:00,null
55217,887,2026-03-17,17:00:00,19:00:00,5,90,"Datos de prueba",mixto1,19:00:00,19:15:00,null
55217,887,2026-03-18,17:00:00,19:00:00,5,90,"Datos de prueba",mixto1,19:00:00,19:15:00,null
35657,895,2026-03-17,16:30:00,05:30:00,1,90,"Datos de prueba",mixto3,05:30:00,05:45:00,null
35657,895,2026-03-17,16:30:00,05:30:00,1,90,"Datos de prueba",mixto3,05:30:00,05:45:00,null
35657,895,2026-03-17,17:00:00,18:00:00,1,90,"Datos de prueba",mixto1,18:00:00,18:15:00,null
35657,895,2026-03-17,17:00:00,18:00:00,1,90,"Datos de prueba",mixto1,18:00:00,18:15:00,null
35657,895,2026-03-17,17:00:00,06:00:00,1,90,"Datos de prueba",mixto1,06:00:00,06:15:00,null
35657,895,2026-03-17,17:00:00,06:00:00,2,90,"Datos de prueba",mixto1,06:00:00,06:15:00,null
35657,895,2026-03-17,17:00:00,06:00:00,10,90,"Datos de prueba",mixto1,06:00:00,06:15:00,null
35657,895,2026-03-17,17:00:00,06:00:00,10,90,"Datos de prueba",mixto1,06:00:00,06:15:00,null
35657,895,2026-03-17,17:00:00,06:30:00,10,90,"Datos de prueba",mixto1,06:30:00,06:45:00,null
35657,895,2026-03-17,16:30:00,06:00:00,10,90,"Datos de prueba",mixto3,06:00:00,06:15:00,null
35657,895,2026-03-17,16:30:00,06:00:00,3,90,"Datos de prueba",mixto3,06:00:00,06:15:00,null
35657,895,2026-03-17,15:00:00,04:40:00,3,90,"Datos de prueba",turno1,04:40:00,04:55:00,null
35657,895,2026-03-17,15:00:00,04:40:00,3,90,"Datos de prueba",turno1,04:40:00,04:55:00,null
35657,895,2026-03-17,15:00:00,04:00:00,4,90,"Datos de prueba",turno1,04:00:00,04:15:00,null
35657,895,2026-03-17,15:00:00,04:00:00,10,90,"Datos de prueba",turno1,04:00:00,04:15:00,null
35657,895,2026-03-17,15:00:00,04:00:00,10,90,"Datos de prueba",turno1,04:00:00,04:15:00,null
35657,895,2026-03-17,15:00:00,04:00:00,10,90,"Datos de prueba 2",turno1,04:00:00,04:15:00,null
35657,895,2026-03-17,15:00:00,04:00:00,1,90,"Datos de prueba 2",turno1,04:00:00,04:15:00,null
35657,895,2026-03-17,07:00:00,20:00:00,1,90,"Datos de prueba 2",turno3,20:00:00,20:15:00,null
35657,895,2026-03-17,15:00:00,16:00:00,1,90,"Datos de prueba 2",turno1,16:00:00,16:15:00,null
35657,895,2026-03-17,15:00:00,16:00:00,2,90,"Datos de prueba 2",turno1,16:00:00,16:15:00,null
35657,895,2026-03-17,22:30:00,23:30:00,2,90,"Datos de prueba 2",turno2,23:30:00,23:45:00,null
35657,895,2026-03-17,07:00:00,08:00:00,2,90,"Datos de prueba 2",turno3,08:00:00,08:15:00,null
35657,895,2026-03-17,17:00:00,18:00:00,2,90,"Datos de prueba 2",mixto1,18:00:00,18:15:00,null
35657,895,2026-03-17,18:30:00,19:30:00,2,90,"Datos de prueba 2",mixto2,19:30:00,19:45:00,null
35657,895,2026-03-17,16:30:00,17:30:00,2,90,"Datos de prueba 2",mixto3,17:30:00,17:45:00,null
35657,895,2026-03-17,16:30:00,18:30:00,1,90,"Datos de prueba 2",mixto3,18:30:00,18:45:00,null
60040,895,2026-03-23,18:30:00,19:30:00,6,90,"Datos de prueba 2",mixto2,19:30:00,19:45:00,null
60040,896,2026-04-06,15:00:00,17:00:00,10,90,"Datos de prueba 2",turno1,17:00:00,17:15:00,null
55217,897,2026-04-02,18:30:00,20:30:00,3,90,"Datos de prueba 2",mixto2,20:30:00,20:45:00,null
55217,897,2026-04-03,16:30:00,21:30:00,4,90,"Datos de prueba 2",mixto3,21:30:00,21:45:00,null
55217,897,2026-04-03,15:00:00,20:00:00,4,90,"Datos de prueba 2",turno1,20:00:00,20:15:00,null
55217,897,2026-04-03,15:00:00,20:00:00,10,90,"Datos de prueba 2",turno1,20:00:00,20:15:00,null
55217,897,2026-04-03,15:00:00,20:00:00,7,90,"Datos de prueba 2",turno1,20:00:00,20:15:00,null
55217,897,2026-04-03,01:00:00,04:00:00,8,90,"Datos de prueba 2",turno1,20:00:00,20:15:00,null
55217,897,2026-04-03,01:00:00,04:00:00,8,90,"Datos de prueba 2",turno1,20:00:00,20:15:00,null
55217,897,2026-04-03,16:30:00,21:30:00,10,90,"Datos de prueba 2",mixto3,21:30:00,21:45:00,null
55217,897,2026-04-03,16:30:00,21:30:00,2,90,"Datos de prueba 2",mixto3,21:30:00,21:45:00,null
55217,897,2026-04-04,16:30:00,18:30:00,1,90,"Datos de prueba 2",mixto3,18:30:00,18:45:00,null
55217,897,2026-04-04,16:30:00,18:30:00,1,90,"Datos de prueba 2",mixto3,18:30:00,18:45:00,null
55217,897,2026-04-04,16:30:00,18:30:00,2,103,"Datos de prueba 2",mixto3,18:30:00,18:45:00,null
55217,897,2026-04-04,16:30:00,18:30:00,10,103,"Datos de prueba 2",mixto3,18:30:00,18:45:00,null
55217,897,2026-04-04,16:30:00,19:30:00,4,90,"Datos de prueba 2",mixto3,19:30:00,19:45:00,null
55217,897,2026-04-04,16:30:00,19:30:00,4,90,"Datos de prueba 2",mixto3,19:30:00,19:45:00,null
55217,897,2026-04-03,16:30:00,17:30:00,11,111,"Inserción de prueba (Datos no reales)",mixto3,17:30:00,17:45:00,null
55217,897,2026-04-03,16:30:00,18:30:00,11,111,"Inserción de prueba (Datos no reales)",mixto3,18:30:00,18:45:00,null
55217,897,2026-04-03,16:30:00,18:30:00,11,111,"Inserción de prueba (Datos no reales)",mixto3,18:30:00,18:45:00,null
55217,897,2026-04-03,16:30:00,18:30:00,10,111,"Inserción de prueba (Datos no reales)",mixto3,18:30:00,18:45:00,null
55217,897,2026-04-03,16:30:00,18:30:00,10,111,"Inserción de prueba (Datos no reales)",mixto3,18:30:00,18:45:00,null
55217,897,2026-04-02,16:30:00,18:30:00,10,90,"Inserción de prueba (Datos no reales)",mixto3,18:30:00,18:45:00,null
55217,897,2026-04-02,16:30:00,18:30:00,10,90,"Inserción de prueba (Datos no reales)",mixto3,18:30:00,18:45:00,null
55217,897,2026-04-02,16:30:00,18:30:00,10,90,"Inserción de prueba (Datos no reales)",mixto3,18:30:00,18:45:00,null
55217,897,2026-04-02,16:30:00,18:30:00,10,90,"Inserción de prueba (Datos no reales)",mixto3,18:30:00,18:45:00,null
55217,897,2026-04-02,16:30:00,18:30:00,7,90,"Inserción de prueba (Datos no reales)",mixto3,18:30:00,18:45:00,null
55217,897,2026-04-02,16:30:00,18:30:00,7,90,"Datos de prueba 2",mixto3,18:30:00,18:45:00,null
55217,897,2026-04-02,16:30:00,18:30:00,7,90,"Datos de prueba 2",mixto3,18:30:00,18:45:00,null
55217,897,2026-04-02,16:30:00,18:30:00,10,90,"Datos de prueba 2",mixto3,18:30:00,18:45:00,null
55217,897,2026-04-03,16:30:00,18:30:00,1,90,"Datos de prueba 1.",mixto3,18:30:00,18:45:00,null
55217,897,2026-04-03,16:30:00,18:30:00,1,90,"Datos de prueba 1.",mixto3,18:30:00,18:45:00,null
55217,897,2026-04-03,16:30:00,18:30:00,3,108,"Datos de prueba 1.",mixto3,18:30:00,18:45:00,null
55217,897,2026-04-03,16:30:00,18:30:00,3,108,"Datos de prueba 1.",mixto3,18:30:00,18:45:00,null
55217,897,2026-04-03,16:30:00,18:30:00,10,108,"Datos de prueba 1.",mixto3,18:30:00,18:45:00,null
55217,897,2026-04-03,16:30:00,18:30:00,3,103,"Datos de prueba",mixto3,18:30:00,18:45:00,null
55217,897,2026-04-03,16:30:00,18:30:00,10,103,"Datos de prueba",mixto3,18:30:00,18:45:00,null
55217,897,2026-04-03,16:30:00,18:30:00,10,103,"Datos de prueba",mixto3,18:30:00,18:45:00,null
55217,897,2026-04-05,16:30:00,18:30:00,3,90,"Datos de prueba",mixto3,18:30:00,18:45:00,null
55217,897,2026-04-05,16:30:00,19:30:00,3,90,"Datos de prueba",mixto3,19:30:00,19:45:00,null
55217,897,2026-04-05,16:30:00,19:30:00,3,90,"Datos de prueba",mixto3,19:30:00,19:45:00,null
55217,897,2026-04-05,16:30:00,19:30:00,3,90,"Datos de prueba",mixto3,19:30:00,19:45:00,null
55217,897,2026-04-05,16:30:00,19:30:00,3,90,"Datos de prueba",mixto3,19:30:00,19:45:00,null
55217,897,2026-04-06,16:30:00,21:30:00,5,90,"Datos de prueba 2",mixto3,21:30:00,21:45:00,null
60040,897,2026-04-05,15:00:00,17:00:00,3,90,"Datos de prueba",turno1,17:00:00,17:15:00,null
60044,897,2026-04-05,15:00:00,07:00:00,1,64,"Datos de prueba",turno1,07:00:00,07:15:00,null
55217,897,2026-04-06,15:00:00,17:00:00,2,61,"Datos de prueba",turno1,17:00:00,17:15:00,null
55217,897,2026-04-06,15:00:00,17:00:00,2,61,"Datos de prueba",turno1,17:00:00,17:15:00,null
55217,897,2026-04-06,15:00:00,17:00:00,2,61,"Datos de prueba",turno1,17:00:00,17:15:00,null
55217,897,2026-04-06,16:30:00,19:30:00,1,61,"Datos de prueba",mixto3,19:30:00,19:45:00,null
55217,897,2026-04-06,16:30:00,07:30:00,3,61,"Datos de prueba",mixto3,07:30:00,07:45:00,null
55217,897,2026-04-06,16:30:00,07:30:00,3,61,"Datos de prueba",mixto3,07:30:00,07:45:00,null
55217,897,2026-04-06,16:30:00,07:30:00,3,61,"Datos de prueba",mixto3,07:30:00,07:45:00,null
55217,897,2026-04-06,16:30:00,19:30:00,1,60,"Datos de prueba",mixto3,19:30:00,19:45:00,null
55217,897,2026-04-06,16:30:00,19:30:00,1,60,"Datos de prueba",mixto3,19:30:00,19:45:00,null
55217,897,2026-04-06,16:30:00,19:30:00,1,60,"Datos de prueba",mixto3,19:30:00,19:45:00,null
55217,897,2026-04-06,16:30:00,19:30:00,2,60,"Datos de prueba",mixto3,19:30:00,19:45:00,null
55217,897,2026-04-06,16:30:00,19:30:00,2,60,"Datos de prueba 2",mixto3,19:30:00,19:45:00,null
55217,897,2026-04-06,16:30:00,19:30:00,4,90,"Datos de prueba 2",mixto3,19:30:00,19:45:00,null
55217,897,2026-04-06,16:30:00,19:30:00,4,90,"Datos de prueba 2",mixto3,19:30:00,19:45:00,null
55217,897,2026-04-06,16:30:00,19:30:00,4,90,"Datos de prueba 2",mixto3,19:30:00,19:45:00,null
55217,897,2026-04-06,16:30:00,21:30:00,2,90,"Datos de prueba 2",mixto3,21:30:00,21:45:00,null
55217,897,2026-04-06,16:30:00,21:30:00,2,90,"Datos de prueba 2",mixto3,21:30:00,21:45:00,null
60043,897,2026-04-06,17:00:00,18:00:00,4,90,"Datos de prueba 2",mixto1,18:00:00,18:15:00,null
60040,904,2026-04-10,19:00:00,22:30:00,2,90,"Datos de prueba 2",turno3,10:40:00,10:55:00,null
32255,905,2026-03-21,19:00:00,22:30:00,1,90,"Datos de prueba",turno3,22:30:00,22:45:00,
32255,895,2026-03-21,19:00:00,22:30:00,3,90,"Datos de prueba 2",turno3,22:30:00,22:45:00,null
32255,895,2026-03-21,19:00:00,22:30:00,3,90,"Datos de prueba 2",turno3,22:30:00,22:45:00,null
32255,895,2026-03-21,19:00:00,22:30:00,3,90,"Datos de prueba 2",turno3,22:30:00,22:45:00,null
32255,895,2026-03-21,19:00:00,22:30:00,3,90,"Datos de prueba 2",turno3,22:30:00,22:45:00,null
32255,895,2026-03-21,19:00:00,22:30:00,3,90,"Datos de prueba 2",turno3,22:30:00,22:45:00,null
32255,895,2026-03-21,19:00:00,22:30:00,3,90,"Datos de prueba 2",turno3,22:30:00,22:45:00,null
32255,895,2026-03-21,19:00:00,22:30:00,2,90,"Datos de prueba 2",turno3,22:30:00,22:45:00,null
32255,895,2026-03-21,19:00:00,22:30:00,2,90,"Datos de prueba 2",turno3,22:30:00,22:45:00,null
32255,895,2026-03-21,19:00:00,22:30:00,2,90,"Datos de prueba 2",turno3,22:30:00,22:45:00,null
32255,895,2026-03-21,19:00:00,22:30:00,2,90,"Datos de prueba 2",turno3,22:30:00,22:45:00,null
32255,895,2026-03-21,19:00:00,22:30:00,2,90,"Datos de prueba 2",turno3,22:30:00,22:45:00,null
32255,895,2026-03-21,19:00:00,22:30:00,2,90,"Datos de prueba 2",turno3,22:30:00,22:45:00,null
32255,895,2026-03-21,19:00:00,22:30:00,2,90,"Datos de prueba 2",turno3,22:30:00,22:45:00,null
32255,895,2026-03-21,19:00:00,22:30:00,2,90,"Datos de prueba 2",turno3,22:30:00,22:45:00,null
32255,895,2026-03-21,19:00:00,22:30:00,2,90,"Datos de prueba 2",turno3,22:30:00,22:45:00,null
32255,895,2026-03-21,19:00:00,22:30:00,2,90,"Datos de prueba 2",turno3,22:30:00,22:45:00,null
32255,895,2026-03-21,19:00:00,22:30:00,1,90,"Datos de prueba 2",turno3,22:30:00,22:45:00,null
32255,895,2026-03-21,19:00:00,22:30:00,1,90,"Datos de prueba 2",turno3,22:30:00,22:45:00,null
32255,895,2026-03-21,19:00:00,22:30:00,1,90,"Datos de prueba 2",turno3,22:30:00,22:45:00,null
32255,895,2026-03-21,19:00:00,22:30:00,1,90,"Datos de prueba 2",turno3,22:30:00,22:45:00,null
32255,895,2026-03-21,19:00:00,22:30:00,1,90,"Datos de prueba 2",turno3,22:30:00,22:45:00,null
32255,895,2026-03-21,19:00:00,22:30:00,1,90,"Datos de prueba 2",turno3,22:30:00,22:45:00,null
32255,895,2026-03-21,19:00:00,22:30:00,1,90,"Datos de prueba 2",turno3,22:30:00,22:45:00,null
32255,895,2026-03-21,19:00:00,22:30:00,4,90,"Datos de prueba 2",turno3,22:30:00,22:45:00,null
32255,895,2026-03-21,19:00:00,22:30:00,4,90,"Datos de prueba 2",turno3,22:30:00,22:45:00,null
32255,895,2026-03-21,19:00:00,22:30:00,2,90,"Datos de prueba 2",turno3,22:30:00,22:45:00,null
32255,895,2026-03-21,19:00:00,22:30:00,2,90,"Datos de prueba 2",turno3,22:30:00,22:45:00,null
32255,895,2026-03-21,19:00:00,22:30:00,2,90,"Datos de prueba 2",turno3,22:30:00,22:45:00,null
32255,895,2026-03-21,19:00:00,22:30:00,2,90,"Datos de prueba 2",turno3,22:30:00,22:45:00,null
32255,895,2026-03-21,19:00:00,22:30:00,2,90,"Datos de prueba 2",turno3,22:30:00,22:45:00,null
32255,895,2026-03-21,19:00:00,22:30:00,2,90,"Datos de prueba 2",turno3,22:30:00,22:45:00,null
32255,895,2026-03-21,19:00:00,22:30:00,2,90,"Datos de prueba 2",turno3,22:30:00,22:45:00,null
32255,895,2026-03-21,19:00:00,22:30:00,2,90,"Datos de prueba 2",turno3,22:30:00,22:45:00,null
32255,895,2026-03-21,19:00:00,22:30:00,2,90,"Datos de prueba 2",turno3,22:30:00,22:45:00,null
32255,895,2026-03-21,19:00:00,22:30:00,2,90,"Datos de prueba 2",turno3,22:30:00,22:45:00,null
32255,895,2026-03-21,19:00:00,22:30:00,2,90,"Datos de prueba 2",turno3,22:30:00,22:45:00,null
32255,895,2026-03-21,19:00:00,22:30:00,2,90,"Datos de prueba 2",turno3,22:30:00,22:45:00,null
32255,895,2026-03-21,19:00:00,22:30:00,2,90,"Datos de prueba 2",turno3,22:30:00,22:45:00,null
32255,895,2026-03-21,19:00:00,22:30:00,2,90,"Datos de prueba 2",turno3,22:30:00,22:45:00,null
32255,895,2026-03-21,19:00:00,22:30:00,2,90,"Datos de prueba 2",turno3,22:30:00,22:45:00,null
32255,895,2026-03-21,19:00:00,22:30:00,5,90,"Datos de prueba 2",turno3,22:30:00,22:45:00,null
32255,895,2026-03-21,19:00:00,22:30:00,5,90,"Datos de prueba 2",turno3,22:30:00,22:45:00,null
32255,895,2026-03-21,19:00:00,22:30:00,5,90,"Datos de prueba 2",turno3,22:30:00,22:45:00,null
27475,907,2026-03-30,07:00:00,09:00:00,1,65,"Datos de prueba 2",turno3,09:00:00,09:15:00,null
27475,907,2026-03-30,15:00:00,17:00:00,1,65,"Datos de prueba 2",turno1,17:00:00,17:15:00,null
27648,909,2026-03-31,15:00:00,17:00:00,1,114,"Datos de prueba 2",turno1,17:00:00,17:15:00,null
276414,909,2026-03-31,22:30:00,00:30:00,2,110,"Datos de prueba 2",turno2,00:30:00,00:45:00,null
276414,909,2026-03-31,22:30:00,00:30:00,2,110,"Datos de prueba 2",turno2,00:30:00,00:45:00,null
27614,909,2026-03-31,22:30:00,00:30:00,2,112,"Datos de prueba 2",turno2,00:30:00,00:45:00,null
27614,909,2026-03-31,22:30:00,12:30:00,2,112,"Datos de prueba 2",turno2,12:30:00,12:45:00,null
27614,909,2026-03-31,22:30:00,12:30:00,2,112,"Datos de prueba 2",turno2,12:30:00,12:45:00,null
27475,909,2026-04-01,15:00:00,17:00:00,2,106,"Datos de prueba 2",turno1,17:00:00,17:15:00,null
46472,909,2026-04-02,22:30:00,00:30:00,4,64,"Datos de prueba 2",turno2,00:30:00,00:45:00,null
46474,909,2026-04-05,07:00:00,09:00:00,5,65,"Datos de prueba 2",turno3,09:00:00,09:15:00,null
47889,909,2026-04-04,07:00:00,09:00:00,10,71,"Datos de prueba 2",turno3,09:00:00,09:15:00,null
27648,909,2026-03-31,15:00:00,17:00:00,3,90,"Datos de prueba 2",turno1,17:00:00,17:15:00,null
27458,909,2026-03-31,19:00:00,22:30:00,1,64,"Datos de prueba 2",turno3,22:30:00,22:45:00,null
27458,909,2026-04-01,19:00:00,22:30:00,1,64,"Datos de prueba 2",turno3,22:30:00,22:45:00,null
27615,909,2026-04-04,19:00:00,22:30:00,1,90,"Datos de prueba 2",turno3,22:30:00,22:45:00,null
27615,909,2026-04-03,19:00:00,22:30:00,1,90,"Datos de prueba 2",turno3,22:30:00,22:45:00,null
27615,909,2026-04-05,19:00:00,22:30:00,1,90,"Datos de prueba 2",turno3,22:30:00,22:45:00,null
27635,909,2026-04-01,22:30:00,00:30:00,2,90,"Datos de prueba 2",turno2,00:30:00,00:45:00,null
27635,909,2026-04-04,22:30:00,00:30:00,2,90,"Datos de prueba 2",turno2,00:30:00,00:45:00,null
27635,909,2026-04-04,22:30:00,00:30:00,2,90,"Datos de prueba 2",turno2,00:30:00,00:45:00,null
27615,909,2026-04-05,19:00:00,22:30:00,4,112,"Datos de prueba 2",turno3,22:30:00,22:45:00,null
27475,909,2026-04-01,19:00:00,22:30:00,1,64,"Datos de prueba 2",turno3,22:30:00,22:45:00,null
27475,909,2026-04-01,22:30:00,02:00:00,1,64,"Datos de prueba 2",turno2,02:00:00,02:15:00,null
27475,909,2026-04-01,07:00:00,11:00:00,1,65,"Datos de prueba 2",turno3,11:00:00,11:15:00,null
27475,909,2026-04-01,07:00:00,11:00:00,1,65,"Datos de prueba 2",turno3,11:00:00,11:15:00,null
27475,909,2026-04-04,07:00:00,11:00:00,1,65,"Datos de prueba 2",turno3,11:00:00,11:15:00,null
27475,909,2026-04-04,19:00:00,22:30:00,1,137,"Datos de prueba 2",turno3,22:30:00,22:45:00,null
27475,909,2026-04-04,19:00:00,22:30:00,1,137,"Datos de prueba 2",turno3,22:30:00,22:45:00,null
60040,910,2026-04-16,17:00:00,18:30:00,1,90,"Datos de prueba 2",mixto1,18:30:00,18:45:00,null
60044,910,2026-04-16,19:00:00,22:30:00,1,75,"Datos de prueba 2",turno3,22:30:00,22:45:00,null
60040,910,2026-04-17,17:00:00,18:30:00,3,65,"Datos de prueba 2",mixto1,18:30:00,18:45:00,null
60044,897,2026-04-06,15:00:00,07:00:00,3,65,"Datos de prueba 2",turno1,07:00:00,07:15:00,null
60040,910,2026-04-17,15:00:00,16:30:00,1,90,"Datos de prueba 2",turno1,16:30:00,16:45:00,null
60040,910,2026-04-17,17:00:00,18:30:00,1,90,"Datos de prueba 2",mixto1,18:30:00,18:45:00,null
60040,910,2026-04-17,17:00:00,18:30:00,1,90,"Datos de prueba 2",mixto1,18:30:00,18:45:00,null
60040,910,2026-04-16,17:00:00,18:30:00,4,90,"Datos de prueba 2",mixto1,18:30:00,18:45:00,null
60040,910,2026-04-16,15:00:00,16:30:00,4,90,"Datos de prueba 2",turno1,16:30:00,16:45:00,null
60040,910,2026-04-16,17:00:00,18:30:00,4,90,"Datos de prueba 2",mixto1,18:30:00,18:45:00,null
60040,910,2026-04-16,17:00:00,18:30:00,1,90,"Datos de prueba 2",mixto1,18:30:00,18:45:00,null
60040,910,2026-04-16,22:30:00,02:30:00,1,90,"Datos de prueba 2",turno2,02:30:00,02:45:00,null
60040,910,2026-04-16,22:30:00,02:30:00,1,90,"Datos de prueba 2",turno2,02:30:00,02:45:00,null
60040,910,2026-04-17,22:30:00,02:30:00,1,90,"Datos de prueba 2",turno2,02:30:00,02:45:00,null
60040,910,2026-04-17,22:30:00,02:30:00,1,90,"Datos de prueba 2",turno2,02:30:00,02:45:00,null
60040,910,2026-04-17,22:30:00,02:30:00,1,90,"Datos de prueba 2",turno2,02:30:00,02:45:00,null
60040,910,2026-04-17,22:30:00,02:30:00,1,90,"Datos de prueba 2",turno2,02:30:00,02:45:00,null
60040,910,2026-04-17,17:00:00,21:00:00,1,90,"Datos de prueba 2",mixto1,21:00:00,21:15:00,null
60040,910,2026-04-17,17:00:00,21:00:00,1,90,"Datos de prueba 2",mixto1,21:00:00,21:15:00,null
60040,910,2026-04-17,17:00:00,21:00:00,1,90,"Datos de prueba 2",mixto1,21:00:00,21:15:00,null
60040,910,2026-04-17,17:00:00,21:00:00,1,90,"Datos de prueba 2",mixto1,21:00:00,21:15:00,null
60040,910,2026-04-17,17:00:00,21:00:00,1,90,"Datos de prueba 2",mixto1,21:00:00,21:15:00,null
60040,910,2026-04-17,17:00:00,21:00:00,1,90,"Datos de prueba 2",mixto1,21:00:00,21:15:00,null
60040,910,2026-04-17,22:30:00,02:30:00,1,90,"Datos de prueba 2",turno2,02:30:00,02:45:00,null
60040,910,2026-04-16,22:30:00,02:30:00,1,90,"Datos de prueba 2",turno2,02:30:00,02:45:00,null
60040,910,2026-04-17,22:30:00,02:30:00,1,90,"Datos de prueba 2",turno2,02:30:00,02:45:00,null
60040,910,2026-04-18,22:30:00,02:30:00,1,90,"Datos de prueba 2",turno2,02:30:00,02:45:00,null
60040,910,2026-04-16,15:00:00,07:00:00,1,90,"Datos de prueba 2",turno1,07:00:00,07:15:00,null
60040,910,2026-04-17,15:00:00,07:00:00,1,90,"Datos de prueba 2",turno1,07:00:00,07:15:00,null
60044,910,2026-04-17,19:00:00,22:30:00,1,90,"Datos de prueba 2",turno3,22:30:00,22:45:00,null
60044,910,2026-04-17,19:00:00,22:30:00,1,90,"Datos de prueba 2",turno3,22:30:00,22:45:00,null
60044,910,2026-04-17,19:00:00,22:30:00,1,90,"Datos de prueba 2",turno3,22:30:00,22:45:00,null
60044,910,2026-04-17,15:00:00,09:00:00,1,90,"Datos de prueba 2",turno1,09:00:00,09:15:00,null
60044,910,2026-04-18,15:00:00,09:00:00,1,90,"Datos de prueba 2",turno1,09:00:00,09:15:00,null
60044,910,2026-04-18,17:00:00,11:00:00,1,90,"Datos de prueba 2",mixto1,11:00:00,11:15:00,null
60044,910,2026-04-18,17:00:00,06:00:00,1,90,"Datos de prueba 2",mixto1,06:00:00,06:15:00,null
60044,910,2026-04-18,17:00:00,06:00:00,1,90,"Datos de prueba 2",mixto1,06:00:00,06:15:00,null
60044,910,2026-04-16,17:00:00,18:00:00,1,90,"Datos de prueba 2",mixto1,18:00:00,18:15:00,null
60044,910,2026-04-16,17:00:00,18:00:00,1,90,"Datos de prueba 2",mixto1,18:00:00,18:15:00,null
60040,910,2026-04-17,15:00:00,07:00:00,1,90,"Datos de prueba 2",turno1,07:00:00,07:15:00,null
60040,910,2026-04-17,22:30:00,14:30:00,1,90,"Datos de prueba 2",turno2,14:30:00,14:45:00,null
60040,910,2026-04-16,15:00:00,07:00:00,1,90,"Datos de prueba 2",turno1,07:00:00,07:15:00,null
60040,910,2026-04-17,15:00:00,07:00:00,1,90,"Datos de prueba 2",turno1,07:00:00,07:15:00,null
60040,910,2026-04-17,15:00:00,07:00:00,1,90,"Datos de prueba 2",turno1,07:00:00,07:15:00,null
60040,910,2026-04-17,17:00:00,09:00:00,1,90,"Datos de prueba 2",mixto1,09:00:00,09:15:00,null
60040,910,2026-04-17,17:00:00,09:00:00,1,90,"Datos de prueba 2",mixto1,09:00:00,09:15:00,null
60040,910,2026-04-16,17:00:00,18:00:00,1,90,"Datos de prueba 2",mixto1,18:00:00,18:15:00,null
60040,910,2026-04-16,17:00:00,18:00:00,1,90,"Datos de prueba 2",mixto1,18:00:00,18:15:00,null
60040,910,2026-04-16,17:00:00,18:00:00,1,90,"Datos de prueba 2",mixto1,18:00:00,18:15:00,null
60040,910,2026-04-16,17:00:00,18:00:00,1,112,"Datos de prueba 2",mixto1,18:00:00,18:15:00,null
60040,910,2026-04-16,15:00:00,16:00:00,1,90,"Datos de prueba 2",turno1,16:00:00,16:15:00,null
60040,910,2026-04-16,17:00:00,18:00:00,1,90,"Datos de prueba 2",mixto1,18:00:00,18:15:00,null
60044,910,2026-04-16,17:00:00,18:00:00,1,90,"Datos de prueba 2",mixto1,18:00:00,18:15:00,null
60040,910,2026-04-15,17:00:00,19:00:00,1,90,"Datos de prueba 2",mixto1,19:00:00,19:15:00,null
60044,910,2026-04-16,17:00:00,18:00:00,2,111,"Datos de prueba 2",mixto1,18:00:00,18:15:00,null
60044,910,2026-04-16,17:00:00,18:00:00,2,111,"Datos de prueba 2",mixto1,18:00:00,18:15:00,null
60040,910,2026-04-16,17:00:00,18:00:00,1,90,"Datos de prueba 2",mixto1,18:00:00,18:15:00,null
60044,910,2026-04-16,15:00:00,21:00:00,4,90,"Datos de prueba 2",turno1,21:00:00,21:15:00,null
60044,910,2026-04-17,15:00:00,19:00:00,1,90,"Datos de prueba 2",turno1,19:00:00,19:15:00,null
60044,910,2026-04-16,19:00:00,22:30:00,1,90,"Datos de prueba 2",turno3,22:30:00,22:45:00,null
60044,910,2026-04-17,15:00:00,19:00:00,1,90,"Datos de prueba 2",turno1,19:00:00,19:15:00,null
60044,910,2026-04-16,15:00:00,19:00:00,1,90,"Datos de prueba 2",turno1,19:00:00,19:15:00,null
60044,910,2026-04-17,19:00:00,22:30:00,2,114,"Datos de prueba 2",turno3,22:30:00,22:45:00,null
60044,910,2026-04-17,15:00:00,21:00:00,1,90,"Datos de prueba 2",turno1,21:00:00,21:15:00,null
60044,910,2026-04-18,15:00:00,19:00:00,4,90,"Datos de prueba 2",turno1,19:00:00,19:15:00,null
60028,910,2026-04-16,17:00:00,18:00:00,1,65,"Datos de prueba 2",mixto1,18:00:00,18:15:00,null
60044,910,2026-04-16,15:00:00,21:00:00,1,65,"Datos de prueba 2",turno1,21:00:00,21:15:00,null
60044,910,2026-04-17,15:00:00,19:00:00,4,90,"Datos de prueba 2",turno1,19:00:00,19:15:00,null
60044,910,2026-04-16,15:00:00,21:00:00,4,65,"Datos de prueba 2",turno1,21:00:00,21:15:00,null
60044,910,2026-04-17,15:00:00,19:00:00,4,90,"Datos de prueba 2",turno1,19:00:00,19:15:00,null
60044,910,2026-04-16,15:00:00,07:00:00,1,90,"Datos de prueba 2",turno1,07:00:00,07:15:00,null
60044,910,2026-04-17,15:00:00,07:00:00,1,90,"Datos de prueba 2",turno1,07:00:00,07:15:00,null
60044,910,2026-04-16,15:00:00,21:00:00,1,90,"Datos de prueba 2",turno1,21:00:00,21:15:00,null
60044,910,2026-04-17,15:00:00,19:00:00,1,90,"Datos de prueba 2",turno1,19:00:00,19:15:00,null
60044,910,2026-04-16,15:00:00,21:00:00,1,90,"Datos de prueba 2",turno1,21:00:00,21:15:00,null
60044,910,2026-04-17,15:00:00,19:00:00,1,90,"Datos de prueba 2",turno1,19:00:00,19:15:00,null
60044,910,2026-04-16,15:00:00,19:00:00,1,90,"Datos de prueba 2",turno1,19:00:00,19:15:00,null
60044,910,2026-04-16,15:00:00,19:00:00,1,90,"Datos de prueba 2",turno1,19:00:00,19:15:00,null
60044,910,2026-04-16,15:00:00,21:00:00,1,90,"Datos de prueba 2",turno1,21:00:00,21:15:00,null
60044,910,2026-04-17,15:00:00,19:00:00,1,90,"Datos de prueba 2",turno1,19:00:00,19:15:00,null
60044,910,2026-04-16,15:00:00,19:00:00,1,90,"Datos de prueba 2",turno1,19:00:00,19:15:00,null
60044,910,2026-04-17,15:00:00,21:00:00,1,90,"Datos de prueba 2",turno1,21:00:00,21:15:00,null
60044,910,2026-04-16,15:00:00,07:00:00,1,90,"Datos de prueba 2",turno1,07:00:00,07:15:00,null
60044,910,2026-04-17,15:00:00,07:00:00,1,90,"Datos de prueba 2",turno1,07:00:00,07:15:00,null
60044,910,2026-04-16,15:00:00,07:00:00,1,90,"Datos de prueba 2",turno1,07:00:00,07:15:00,null
60044,910,2026-04-17,15:00:00,07:00:00,2,90,"Datos de prueba 2",turno1,07:00:00,07:15:00,null
60040,910,2026-04-17,17:00:00,19:00:00,1,90,"Datos de prueba 2",mixto1,19:00:00,19:15:00,null
60044,910,2026-04-16,15:00:00,21:00:00,1,90,"Datos de prueba 2",turno1,21:00:00,21:15:00,null
60044,910,2026-04-17,15:00:00,19:00:00,1,90,"Datos de prueba 2",turno1,19:00:00,19:15:00,null
60044,910,2026-04-17,15:00:00,21:00:00,1,90,"Datos de prueba 2",turno1,21:00:00,21:15:00,null
60044,910,2026-04-18,15:00:00,19:00:00,1,90,"Datos de prueba 2",turno1,19:00:00,19:15:00,null
60044,910,2026-04-17,15:00:00,07:00:00,2,90,"Datos de prueba 2",turno1,07:00:00,07:15:00,null
60044,910,2026-04-18,15:00:00,07:00:00,3,90,"Datos de prueba 2",turno1,07:00:00,07:15:00,null
60044,910,2026-04-17,15:00:00,07:00:00,1,80,"Datos de prueba 2",turno1,07:00:00,07:15:00,null
60044,910,2026-04-18,15:00:00,07:00:00,3,75,"Datos de prueba 2",turno1,07:00:00,07:15:00,null
60044,910,2026-04-18,15:00:00,07:00:00,3,75,"Datos de prueba 2",turno1,07:00:00,07:15:00,null
60044,910,2026-04-18,15:00:00,07:00:00,3,75,"Datos de prueba 2",turno1,07:00:00,07:15:00,null
60044,910,2026-04-18,15:00:00,07:00:00,3,75,"Datos de prueba 2",turno1,07:00:00,07:15:00,null
60044,910,2026-04-18,15:00:00,07:00:00,3,75,"Datos de prueba 2",turno1,07:00:00,07:15:00,null
60044,910,2026-04-17,15:00:00,21:00:00,1,90,"Datos de prueba 2",turno1,21:00:00,21:15:00,null
60044,910,2026-04-18,15:00:00,19:00:00,4,90,"Datos de prueba 2",turno1,19:00:00,19:15:00,null
60044,910,2026-04-18,15:00:00,21:00:00,1,90,"Datos de prueba 2",turno1,21:00:00,21:15:00,null
60044,910,2026-04-18,15:00:00,15:00:00,1,90,"Datos de prueba 2",turno1,15:00:00,15:15:00,null
60044,910,2026-04-17,15:00:00,19:00:00,1,73,"Datos de prueba 2",turno1,19:00:00,19:15:00,null
60044,910,2026-04-17,19:00:00,22:30:00,1,90,"Datos de prueba 2",turno3,22:30:00,22:45:00,null
60044,910,2026-04-17,17:00:00,18:00:00,1,90,"Datos de prueba 2",mixto1,18:00:00,18:15:00,null
60044,910,2026-04-17,17:00:00,18:00:00,1,90,"Datos de prueba 2",mixto1,18:00:00,18:15:00,null
60044,910,2026-04-17,17:00:00,18:00:00,1,90,"Datos de prueba 2",mixto1,18:00:00,18:15:00,null
60044,910,2026-04-17,15:00:00,21:00:00,1,90,"Datos de prueba 2",turno1,21:00:00,21:15:00,null
60044,910,2026-04-18,19:00:00,22:30:00,1,90,"Datos de prueba 2",turno3,22:30:00,22:45:00,null
60044,910,2026-04-17,07:00:00,08:00:00,2,90,"Datos de prueba 2",turno3,08:00:00,08:15:00,null
60044,910,2026-04-18,22:30:00,00:30:00,1,90,"Datos de prueba 2",turno2,00:30:00,00:45:00,null
60044,910,2026-04-17,22:30:00,23:30:00,1,90,"Datos de prueba 2",turno2,23:30:00,23:45:00,null
60044,910,2026-04-18,22:30:00,00:30:00,2,90,"Datos de prueba 2",turno2,00:30:00,00:45:00,null
60044,910,2026-04-17,07:00:00,09:00:00,1,90,"Datos de prueba 2",turno3,09:00:00,09:15:00,null
60044,910,2026-04-18,22:30:00,23:30:00,1,90,"Datos de prueba 2",turno2,23:30:00,23:45:00,null
60044,910,2026-04-18,22:30:00,00:30:00,2,90,"Datos de prueba 2",turno2,00:30:00,00:45:00,null
60040,910,2026-04-17,17:00:00,18:00:00,4,110,"Datos de prueba 2",mixto1,18:00:00,18:15:00,null
60040,910,2026-04-17,22:30:00,01:30:00,4,110,"Datos de prueba 2",turno2,01:30:00,01:45:00,null
60040,910,2026-04-17,22:30:00,01:30:00,4,110,"Datos de prueba 2",turno2,01:30:00,01:45:00,null
60040,910,2026-04-17,22:30:00,01:30:00,4,110,"Datos de prueba 2",turno2,01:30:00,01:45:00,null
60040,910,2026-04-17,22:30:00,01:30:00,4,110,"Datos de prueba 2",turno2,01:30:00,01:45:00,null
60040,910,2026-04-17,22:30:00,01:30:00,4,110,"Datos de prueba 2",turno2,01:30:00,01:45:00,null
60040,910,2026-04-17,22:30:00,00:30:00,2,90,"Datos de prueba 2",turno2,00:30:00,00:45:00,null
60040,910,2026-04-18,15:00:00,17:00:00,1,113,"Datos de prueba 2",turno1,17:00:00,17:15:00,null
60040,910,2026-04-17,22:30:00,00:30:00,1,90,"Datos de prueba 2",turno2,00:30:00,00:45:00,null
60040,910,2026-04-18,15:00:00,16:00:00,1,111,"Datos de prueba 2",turno1,16:00:00,16:15:00,null
60040,910,2026-04-17,22:30:00,00:30:00,1,90,"Datos de prueba 2",turno2,00:30:00,00:45:00,null
60040,910,2026-04-18,15:00:00,16:00:00,3,64,"Datos de prueba 2",turno1,16:00:00,16:15:00,null
60040,910,2026-04-17,07:00:00,09:00:00,1,109,"Datos de prueba 2",turno3,09:00:00,09:15:00,null
60040,910,2026-04-18,22:30:00,23:30:00,1,90,"Datos de prueba 2",turno2,23:30:00,23:45:00,null
60040,910,2026-04-17,22:30:00,00:30:00,1,79,"Datos de prueba 2",turno2,00:30:00,00:45:00,null
60040,910,2026-04-17,22:30:00,00:30:00,1,79,"Datos de prueba 2",turno2,00:30:00,00:45:00,null
60040,910,2026-04-17,22:30:00,00:30:00,1,79,"Datos de prueba 2",turno2,00:30:00,00:45:00,null
60040,910,2026-04-18,15:00:00,16:00:00,2,79,"Datos de prueba 2",turno1,16:00:00,16:15:00,null
60044,910,2026-04-17,22:30:00,00:30:00,1,106,"Datos de prueba 2",turno2,00:30:00,00:45:00,null
60044,910,2026-04-17,22:30:00,00:30:00,1,106,"Datos de prueba 2",turno2,00:30:00,00:45:00,null
60044,910,2026-04-18,15:00:00,17:00:00,1,104,"Datos de prueba 2",turno1,17:00:00,17:15:00,null
60044,910,2026-04-18,15:00:00,20:00:00,1,104,"Datos de prueba 2",turno1,20:00:00,20:15:00,null
60044,910,2026-04-18,17:00:00,22:00:00,1,104,"Datos de prueba 2",mixto1,22:00:00,22:15:00,null
60040,910,2026-04-17,17:00:00,20:00:00,2,79,"Datos de prueba 2",mixto1,20:00:00,20:15:00,null
60044,910,2026-04-17,15:00:00,18:00:00,2,79,"Datos de prueba 2",turno1,18:00:00,18:15:00,null
60044,910,2026-04-18,15:00:00,16:00:00,1,81,"Datos de prueba 2",turno1,16:00:00,16:15:00,null
60044,910,2026-04-18,15:00:00,16:00:00,1,81,"Datos de prueba 2",turno1,16:00:00,16:15:00,null
60028,910,2026-04-17,19:00:00,22:30:00,2,90,"Datos de prueba 2",turno3,22:30:00,22:45:00,null
60026,910,2026-04-18,22:30:00,23:30:00,1,114,"Datos de prueba 2",turno2,23:30:00,23:45:00,null
60028,910,2026-04-18,22:30:00,23:30:00,1,113,"Datos de prueba 2",turno2,23:30:00,23:45:00,null
60028,910,2026-04-17,19:00:00,22:30:00,1,78,"Datos de prueba 2",turno3,22:30:00,22:45:00,null
60028,910,2026-04-18,22:30:00,23:30:00,1,81,"Datos de prueba 2",turno2,23:30:00,23:45:00,null
60028,910,2026-04-17,19:00:00,22:30:00,1,108,"Datos de prueba 2",turno3,22:30:00,22:45:00,null
60028,910,2026-04-18,22:30:00,23:30:00,1,111,"Datos de prueba 2",turno2,23:30:00,23:45:00,null
60028,910,2026-04-18,22:30:00,23:30:00,2,108,"Datos de prueba 2",turno2,23:30:00,23:45:00,null
41118,910,2026-04-18,19:00:00,22:30:00,2,109,"Datos de prueba 2",turno3,22:30:00,22:45:00,null
60040,913,2026-04-21,22:30:00,04:30:00,10,63,,turno2,04:30:00,04:45:00,null
60040,913,2026-04-21,22:30:00,04:30:00,10,110,"Datos de prueba 2",turno2,04:30:00,04:45:00,null
60040,913,2026-04-22,11:30:00,15:00:00,10,80,"Datos de prueba 2",turno2,11:30:00,15:15:00,null
60040,913,2026-04-22,22:30:00,04:30:00,10,111,"Datos de prueba 2",turno2,04:30:00,04:45:00,null
60040,913,2026-04-22,11:30:00,15:00:00,10,111,"Datos de prueba 2",turno2,11:30:00,15:15:00,null
60040,913,2026-04-22,22:30:00,04:30:00,10,80,"Datos de prueba 2",turno2,04:30:00,04:45:00,null
60040,913,2026-04-22,22:30:00,04:30:00,10,112,"Datos de prueba 2",turno2,04:30:00,04:45:00,null
60040,913,2026-04-22,22:30:00,04:30:00,12,111,"Datos de prueba 2",turno2,04:30:00,04:45:00,null
60040,913,2026-04-22,22:30:00,02:30:00,3,110,"Datos de prueba 2",turno2,02:30:00,02:45:00,null
60040,913,2026-04-22,22:30:00,04:30:00,10,109,"Datos de prueba 2",turno2,04:30:00,04:45:00,null
60040,913,2026-04-22,07:00:00,13:00:00,10,109,"Datos de prueba 2",turno3,13:00:00,13:15:00,null
60040,913,2026-04-22,01:00:00,04:00:00,8,108,"Datos de prueba 2",,,,null
60040,913,2026-04-23,15:00:00,,1,79,"Datos de prueba 2",turno1,NaN:NaN:00,NaN:NaN:00,null
60040,914,2026-04-29,17:00:00,18:00:00,1,90,"Datos de prueba 2",mixto1,18:00:00,18:15:00,null
60040,914,2026-04-29,17:00:00,18:00:00,1,90,"Datos de prueba 2",mixto1,18:00:00,18:15:00,null
60040,914,2026-04-21,15:00:00,16:00:00,1,90,"Datos de prueba 2",turno1,16:00:00,16:15:00,null
60040,914,2026-04-24,15:00:00,16:00:00,1,90,"Datos de prueba 2",turno1,16:00:00,16:15:00,null
60040,886,2026-03-18,15:00:00,16:00:00,1,90,"Datos de prueba 2",turno1,16:00:00,16:15:00,null
60040,886,2026-03-11,15:00:00,16:00:00,1,90,"Datos de prueba 2",turno1,16:00:00,16:15:00,null
60040,914,2026-04-30,15:00:00,19:00:00,1,90,"Datos de prueba 2",turno1,19:00:00,19:15:00,null
60040,914,2026-05-04,,,1,90,"Datos de prueba 2",,,,null
60040,914,2026-05-04,15:00:00,19:00:00,1,90,"Datos de prueba 2",turno1,19:00:00,19:15:00,null
60040,914,2026-05-05,18:30:00,21:30:00,4,90,"Datos de prueba 2",mixto2,21:30:00,21:45:00,null
60040,921,2026-05-04,17:00:00,18:00:00,10,90,"Datos de prueba 2",mixto4,18:00:00,18:15:00,null
60044,921,2026-04-29,17:00:00,19:00:00,5,81,"Datos de prueba 2",mixto4,19:00:00,19:15:00,null
60040,922,2026-05-08,,,1,90,"Datos de prueba 2",,,,null
60040,922,2026-05-04,18:30:00,19:30:00,2,90,"Datos de prueba 2",mixto2,19:30:00,19:45:00,null
51947,925,2026-05-06,17:00:00,18:00:00,1,90,"Datos de prueba 2",mixto4,18:00:00,18:15:00,null
60040,921,2026-04-29,01:00:00,04:00:00,8,90,"Datos de prueba 2",,,,null
60040,921,2026-05-01,01:00:00,04:00:00,8,90,"Datos de prueba 2",,,,null
60040,921,2026-04-30,01:00:00,04:00:00,8,90,"Datos de prueba 2",,,,null
60044,1,2026-05-07,15:00:00,22:30:00,10,82,"Datos de prueba 2",turno2,22:30:00,22:45:00,
28143,5,2026-04-27,07:00:00,15:00:00,10,63,"Datos de prueba 2",turno1,15:00:00,15:15:00,
27749,6,2026-05-01,22:30:00,07:00:00,12,90,"Datos de prueba 2",turno3,07:00:00,07:15:00,
27749,6,2026-05-01,08:30:00,18:30:00,12,90,"Datos de prueba 2",mixto2,18:30:00,18:45:00,
45510,6,2026-05-01,07:00:00,15:00:00,12,90,"Datos de prueba 2",turno1,15:00:00,15:15:00,
51851,6,2026-05-01,15:00:00,22:30:00,12,90,"Datos de prueba 2",turno2,22:30:00,22:45:00,
58424,6,2026-05-01,08:30:00,18:30:00,12,90,"Datos de prueba 2",mixto2,18:30:00,18:45:00,
60300,6,2026-05-01,08:30:00,18:30:00,12,90,"Datos de prueba 2",mixto2,18:30:00,18:45:00,
59939,6,2026-05-01,07:00:00,15:00:00,12,90,"Datos de prueba 2",turno1,15:00:00,15:15:00,
28017,6,2026-05-01,22:30:00,07:00:00,12,90,"Datos de prueba 2",turno3,07:00:00,07:15:00,
28143,5,2026-04-27,07:00:00,15:00:00,10,63,"Datos de prueba 2",turno1,15:00:00,15:15:00,
59697,6,2026-04-30,01:00:00,04:00:00,8,90,"Datos de prueba 2",,,,
58424,6,2026-05-01,08:30:00,18:30:00,12,90,"Datos de prueba 2",mixto2,18:30:00,18:45:00,
35025,15,2026-05-15,07:00:00,08:00:00,7,90,"Datos de prueba 2",turno3,08:00:00,08:15:00,
59936,15,2026-05-11,17:00:00,19:00:00,7,90,"Datos de prueba 2",mixto1,19:00:00,19:15:00,
59936,15,2026-05-11,17:00:00,19:00:00,7,90,"Datos de prueba 2",mixto1,19:00:00,19:15:00,
59609,15,2026-05-16,14:00:00,15:00:00,7,90,Anticipo,turno2,15:00:00,15:15:00,
32660,15,2026-05-15,14:00:00,15:00:00,7,90,Anticipo,turno2,15:00:00,15:15:00,
46472,22,2026-05-17,15:00:00,22:00:00,7,90,"Datos de prueba 2",turno1,22:00:00,22:15:00,
46472,22,2026-05-17,15:00:00,22:00:00,7,90,"Datos de prueba 2",turno1,22:00:00,22:15:00,
46472,22,2026-05-17,18:30:00,01:30:00,7,90,"Datos de prueba 2",mixto2,01:30:00,01:45:00,
46472,22,2026-05-17,17:00:00,00:00:00,7,90,"Datos de prueba 2",mixto1,00:00:00,00:15:00,
57647,23,2026-05-18,15:00:00,17:00:00,7,90,Devoluciones,turno1,17:00:00,17:15:00,
59703,24,2026-05-20,22:30:00,02:00:00,1,90,vacaciones,turno2,02:00:00,02:15:00,
49208,25,2026-05-21,15:00:00,19:00:00,1,82,vacaciones,turno1,19:00:00,19:15:00,
49208,25,2026-05-22,15:00:00,19:00:00,1,82,vacaciones,turno1,19:00:00,19:15:00,
57647,26,2026-05-11,15:00:00,17:00:00,7,90,"Cubrir Montacarguista",turno1,17:00:00,17:15:00,
57647,26,2026-05-18,15:00:00,17:00:00,7,90,"Cubrir Montacarguista",turno1,17:00:00,17:15:00,
57647,26,2026-05-19,15:00:00,18:30:00,7,90,Devoluciones,turno1,18:30:00,18:45:00,
57647,26,2026-05-20,15:00:00,16:00:00,7,90,"Cubrir Montacarguista",turno1,16:00:00,16:15:00,
51253,26,2026-05-23,15:00:00,19:00:00,7,90,"Cubrir Montacarguista",turno1,19:00:00,19:15:00,
56188,26,2026-05-18,15:00:00,18:00:00,7,90,Devoluciones,turno1,18:00:00,18:15:00,
56188,26,2026-05-19,15:00:00,19:00:00,7,90,"Cubrir Montacarguista",turno1,19:00:00,19:15:00,
56188,26,2026-05-20,15:00:00,17:00:00,7,90,"Cubrir Montacarguista",turno1,17:00:00,17:15:00,
56189,26,2026-05-18,22:30:00,23:30:00,7,90,Devoluciones,turno2,23:30:00,23:45:00,
56189,26,2026-05-21,15:00:00,19:00:00,7,90,"Cubrir Montacarguista",turno1,19:00:00,19:15:00,
38325,26,2026-05-20,15:00:00,17:00:00,7,90,"Cubrir Montacarguista",turno1,17:00:00,17:15:00,
38325,26,2026-05-21,15:00:00,17:00:00,7,90,"Cubrir Montacarguista",turno1,17:00:00,17:15:00,
50707,26,2026-05-22,15:00:00,20:00:00,7,90,"Cubrir Montacarguista",turno1,20:00:00,20:15:00,
51253,26,2026-05-19,15:00:00,18:00:00,7,90,Devoluciones,turno1,18:00:00,18:15:00,
27982,26,2026-05-18,15:00:00,19:30:00,7,90,"Cubrir Montacarguista",turno1,19:30:00,19:45:00,
27982,26,2026-05-19,15:00:00,19:30:00,7,90,"Cubrir Montacarguista",turno1,19:30:00,19:45:00,
59694,26,2026-05-18,15:00:00,19:30:00,7,90,"Cubrir Montacarguista",turno1,19:30:00,19:45:00,
60027,26,2026-05-21,15:00:00,19:00:00,7,90,"Cubrir Montacarguista",turno1,19:00:00,19:15:00,
27866,26,2026-05-18,15:00:00,19:00:00,7,90,"Cubrir Montacarguista",turno1,19:00:00,19:15:00,
27866,26,2026-05-20,15:00:00,17:00:00,7,90,"Cubrir Montacarguista",turno1,17:00:00,17:15:00,
27866,26,2026-05-22,15:00:00,18:00:00,7,90,"Cubrir Montacarguista",turno1,18:00:00,18:15:00,
49821,26,2026-05-18,15:00:00,19:00:00,7,90,"Cubrir Montacarguista",turno1,19:00:00,19:15:00,
49821,26,2026-05-20,15:00:00,17:00:00,7,90,"Cubrir Montacarguista",turno1,17:00:00,17:15:00,
49821,26,2026-05-22,15:00:00,18:00:00,7,90,"Cubrir Montacarguista",turno1,18:00:00,18:15:00,
49821,26,2026-05-21,15:00:00,18:00:00,7,90,"Apoyo en Mermas",turno1,18:00:00,18:15:00,
27635,26,2026-05-19,15:00:00,19:00:00,7,90,"Apoyo en Mermas",turno1,19:00:00,19:15:00,
27635,26,2026-05-20,15:00:00,19:00:00,7,90,"Apoyo en Mermas",turno1,19:00:00,19:15:00,
58953,26,2026-05-20,15:00:00,19:00:00,7,90,"Apoyo en Mermas",turno1,19:00:00,19:15:00,
40827,26,2026-05-20,15:00:00,18:00:00,7,90,"Cubrir Montacarguista",turno1,18:00:00,18:15:00,
40827,26,2026-05-22,15:00:00,20:00:00,7,90,"Cubrir Montacarguista",turno1,20:00:00,20:15:00,
40827,26,2026-05-23,15:00:00,16:00:00,7,90,"Cubrir Montacarguista",turno1,16:00:00,16:15:00,
38264,26,2026-05-22,22:30:00,02:30:00,7,90,"Apoyo en Mermas",turno2,02:30:00,02:45:00,
57577,26,2026-05-20,15:00:00,17:30:00,7,90,Devoluciones,turno1,17:30:00,17:45:00,
57577,26,2026-05-21,15:00:00,18:30:00,7,90,Devoluciones,turno1,18:30:00,18:45:00,
57647,26,2026-05-23,15:00:00,18:30:00,7,90,"Cubrir Montacarguista",turno1,18:30:00,18:45:00,
56189,26,2026-05-23,07:00:00,10:30:00,7,90,"Cubrir Montacarguista",turno3,10:30:00,10:45:00,
54495,27,2026-05-18,16:30:00,17:30:00,7,90,Devoluciones,mixto3,17:30:00,17:45:00,
54495,27,2026-05-19,16:30:00,17:30:00,7,90,"Revision de Metricas",mixto3,17:30:00,17:45:00,
54495,27,2026-05-20,16:30:00,17:30:00,7,90,Inspecciones,mixto3,17:30:00,17:45:00,
54495,27,2026-05-21,16:30:00,18:30:00,7,90,Inspecciones,mixto3,18:30:00,18:45:00,
59936,27,2026-05-21,16:30:00,17:30:00,7,90,"Captura de Facturas",mixto3,17:30:00,17:45:00,
59936,27,2026-05-22,16:30:00,17:30:00,7,90,"Captura de Facturas",mixto3,17:30:00,17:45:00,
55504,27,2026-05-20,16:30:00,17:30:00,7,90,Devoluciones,mixto3,17:30:00,17:45:00,
55504,27,2026-05-21,16:30:00,17:30:00,7,90,Devoluciones,mixto3,17:30:00,17:45:00,
55504,27,2026-05-22,16:30:00,17:30:00,7,90,Devoluciones,mixto3,17:30:00,17:45:00,
27777,27,2026-05-20,18:30:00,19:30:00,7,90,"Trabajos Extraordinarios",mixto2,19:30:00,19:45:00,
27777,27,2026-05-22,18:30:00,19:30:00,7,90,"Trabajos Extraordinarios",mixto2,19:30:00,19:45:00,
27777,27,2026-05-23,15:00:00,20:00:00,7,90,"Trabajos Extraordinarios",turno1,20:00:00,20:15:00,
32660,27,2026-05-18,15:00:00,18:30:00,7,90,"Trabajos Extraordinarios",turno1,18:30:00,18:45:00,
32660,27,2026-05-20,15:00:00,17:00:00,7,90,"Trabajos Extraordinarios",turno1,17:00:00,17:15:00,
32660,27,2026-05-23,15:00:00,21:30:00,7,90,"Trabajos Extraordinarios",turno1,21:30:00,21:45:00,
32660,27,2026-05-19,15:00:00,18:30:00,7,90,"Trabajos Extraordinarios",turno1,18:30:00,18:45:00,
56189,28,2026-05-21,01:00:00,04:00:00,8,90,"Reducción de Descanso",,,,
56189,28,2026-05-24,,,8,90,"Reducción de Descanso",,,,
50814,28,2026-05-22,,,8,90,"Reduccion de horario",turno1,20:00:00,20:15:00,
59609,27,2026-05-24,15:00:00,20:00:00,7,90,"Trabajos extraordinarios",turno1,20:00:00,20:15:00,
50156,27,2026-05-24,15:00:00,20:00:00,7,90,"Trabajos extraordinarios",turno1,20:00:00,20:15:00,
52530,27,2026-05-23,10:30:00,22:30:00,7,90,"Trabajos extraordinarios",turno3,22:30:00,22:45:00,
52530,27,2026-05-24,10:30:00,22:30:00,7,90,"Trabajos extraordinarios",turno3,22:30:00,22:45:00,
27777,27,2026-05-23,18:30:00,23:30:00,7,90,Doblete,mixto2,23:30:00,23:45:00,
52530,27,2026-05-23,19:00:00,22:30:00,7,90,Anticipo,turno3,22:30:00,22:45:00,
52530,27,2026-05-24,19:00:00,22:30:00,7,90,Anticipo,turno3,22:30:00,22:45:00,
54495,27,2026-05-18,17:00:00,18:00:00,7,90,Inspecciones,mixto1,18:00:00,18:15:00,
54495,27,2026-05-19,17:00:00,18:00:00,7,90,Inspecciones,mixto1,18:00:00,18:15:00,
54495,27,2026-05-20,17:00:00,18:00:00,7,90,Inspecciones,mixto1,18:00:00,18:15:00,
54495,27,2026-05-21,17:00:00,19:00:00,7,90,Devoluciones,mixto1,19:00:00,19:15:00,
59936,27,2026-05-21,17:00:00,18:00:00,7,90,"Capturar facturas",mixto1,18:00:00,18:15:00,
59936,27,2026-05-20,17:00:00,18:00:00,7,90,"Capturar facturas",mixto1,18:00:00,18:15:00,
55504,27,2026-05-20,17:00:00,18:00:00,7,90,Devoluciones,mixto1,18:00:00,18:15:00,
55504,27,2026-05-21,17:00:00,18:00:00,7,90,Devoluciones,mixto1,18:00:00,18:15:00,
55504,27,2026-05-22,17:00:00,18:00:00,7,90,Devoluciones,mixto1,18:00:00,18:15:00,
38264,26,2026-05-22,11:00:00,15:00:00,7,90,Anticipo,turno2,15:00:00,15:15:00,
56189,26,2026-05-18,07:00:00,08:00:00,7,90,Devoluciones,turno3,08:00:00,08:15:00,
57647,26,2026-05-23,15:00:00,18:30:00,7,90,"Cubrir montacarguista",turno1,18:30:00,18:45:00,
59579,26,2026-05-23,15:00:00,19:00:00,7,90,"Cubrir montacarguista",turno1,19:00:00,19:15:00,
56190,26,2026-05-22,19:00:00,22:30:00,7,90,Anticipo,turno3,22:30:00,22:45:00,
56190,26,2026-05-24,15:00:00,19:00:00,7,90,"Cubrir montacarguista",turno1,19:00:00,19:15:00,
55504,27,2026-05-22,17:00:00,18:00:00,1,90,"Cubrir montacarguista",mixto1,18:00:00,18:15:00,
59936,27,2026-05-22,17:00:00,18:00:00,7,90,"Capturar facturas",mixto1,18:00:00,18:15:00,
55504,27,2026-05-22,17:00:00,18:00:00,7,90,Devoluciones,mixto1,18:00:00,18:15:00,
56189,28,2026-05-24,,,8,90,Reduccion,,,,
56189,28,2026-05-24,10:00:00,15:00:00,8,90,Anticipo,turno2,15:00:00,15:15:00,
50814,28,2026-05-22,01:00:00,04:00:00,8,90,Anticipo,turno2,15:00:00,15:15:00,
50814,28,2026-05-22,,,8,90,Anticipo,turno2,15:00:00,15:15:00,
50814,28,2026-05-22,10:00:00,15:00:00,8,90,Anticipo,turno2,15:00:00,15:15:00,
56189,26,2026-05-23,19:00:00,22:30:00,7,90,Anticipo,turno3,22:30:00,22:45:00,
57647,26,2026-05-23,15:00:00,18:30:00,7,90,"Cubrir montacarguista",turno1,18:30:00,18:45:00,
50814,28,2026-05-22,,,8,90,"Reduccion de descanso",turno1,18:30:00,18:45:00,
56190,26,2026-05-22,10:30:00,22:30:00,7,90,Anticipo,turno3,22:30:00,22:45:00,
56190,29,2026-05-22,07:00:00,10:30:00,7,90,...,turno3,10:30:00,10:45:00,
56190,26,2026-05-22,19:00:00,22:30:00,7,90,Anticipo,turno3,22:30:00,22:45:00,
28082,30,2026-05-18,10:30:00,22:30:00,1,90,Anticipo,turno3,22:30:00,22:45:00,
56189,28,2026-05-24,,,8,90,"Reducción de descanso",,,,
56189,28,2026-05-24,,,8,90,"Reduccion de descanso",,,,
56189,29,2026-05-24,01:00:00,04:00:00,8,90,..,,,,
56189,29,2026-05-24,01:00:00,04:00:00,8,90,..,,,,
56189,28,2026-05-24,,,8,90,"Cubrir a 12 horas",,,,
56189,29,2026-05-24,,,8,90,...,,,,
56189,29,2026-05-24,01:00:00,06:00:00,8,90,..,,,,
60040,31,2026-05-26,01:00:00,06:00:00,8,90,"Datos de prueba 2",,,,
56189,28,2026-05-24,,,8,90,REDUCCIÓN,,,,
60040,31,2026-05-26,01:00:00,06:00:00,8,90,"Datos de prueba 2",,,,
59276,32,2026-05-25,15:00:00,18:00:00,7,90,"Cubrir montacarguista",turno1,18:00:00,18:15:00,
59609,33,2026-05-25,15:00:00,19:30:00,7,90,"Cubrir vacaciones",turno1,19:30:00,19:45:00,
52530,33,2026-05-25,19:30:00,22:30:00,7,90,Anticipo,turno3,22:30:00,22:45:00,
28182,34,2026-06-01,13:00:00,15:00:00,7,90,Anticipo,turno2,15:00:00,15:15:00,
28182,34,2026-06-05,10:30:00,22:30:00,7,90,...,turno3,22:30:00,22:45:00,
60040,33,2026-05-21,22:30:00,23:30:00,3,90,"Datos de prueba 2",turno2,23:30:00,23:45:00,
55075,48,2026-05-31,08:30:00,18:30:00,10,90,CIERRE,mixto2,18:30:00,18:45:00,
28082,46,2026-06-01,16:30:00,19:00:00,7,90,Pruebas,mixto3,19:00:00,19:15:00,
60040,39,2026-06-03,15:00:00,18:30:00,1,90,VACACIONES,turno1,18:30:00,18:45:00,
60040,39,2026-06-04,15:00:00,16:00:00,4,90,CAPACITACION,turno1,16:00:00,16:15:00,
60040,39,2026-06-04,22:30:00,23:30:00,1,90,VACACIONES,turno2,23:30:00,23:45:00,
60040,39,2026-06-04,15:00:00,16:00:00,4,90,CAPACITACION,turno1,16:00:00,16:15:00,
60040,39,2026-06-03,22:30:00,23:30:00,1,90,VACACIONES,turno2,23:30:00,23:45:00,
60040,39,2026-06-05,10:30:00,22:30:00,7,90,pruebas,turno3,22:30:00,22:45:00,
60040,39,2026-06-05,01:00:00,03:30:00,8,90,"Datos de prueba 2",,,,
60040,39,2026-06-08,01:00:00,04:00:00,8,90,"Datos de prueba 2",,,,
60040,39,2026-06-04,01:00:00,06:00:00,8,90,"Inserción de prueba (Datos no reales)",,,,
60040,64,2026-06-08,18:30:00,22:30:00,1,90,VACACIONES,mixto2,22:30:00,22:45:00,
60040,64,2026-06-08,18:30:00,21:00:00,7,90,"Datos de prueba 2",mixto2,21:00:00,21:15:00,
60040,64,2026-06-09,07:00:00,13:00:00,7,90,uhuj,turno3,13:00:00,13:15:00,
60040,64,2026-06-09,07:00:00,11:00:00,7,90,uhuj,turno3,11:00:00,11:15:00,
56360,81,2026-06-08,21:30:00,22:30:00,7,90,Anticipo,turno3,22:30:00,22:45:00,
56360,81,2026-06-09,15:00:00,21:00:00,7,90,"Datos de prueba 2",turno1,21:00:00,21:15:00,
56360,81,2026-06-08,07:00:00,13:00:00,7,90,"Datos de prueba 2",turno3,13:00:00,13:15:00,
56360,81,2026-06-08,21:30:00,22:30:00,7,90,Anticipo,turno3,22:30:00,22:45:00,
56360,81,2026-06-08,07:00:00,13:00:00,7,90,"Datos de prueba 2",turno3,13:00:00,13:15:00,
56360,81,2026-06-09,07:00:00,13:00:00,7,90,"Datos de prueba 2",turno3,13:00:00,13:15:00,
56360,81,2026-06-09,21:30:00,22:30:00,7,90,Anticipo,turno3,22:30:00,22:45:00,
56360,98,2026-06-22,15:00:00,21:30:00,7,90,operacion,turno1,21:30:00,21:45:00,
56360,98,2026-06-23,15:00:00,16:00:00,7,90,operacion,turno1,16:00:00,16:15:00,
51463,98,2026-06-22,18:30:00,19:30:00,7,90,operacion,mixto2,19:30:00,19:45:00,
51463,98,2026-06-23,18:30:00,20:30:00,7,90,operacion,mixto2,20:30:00,20:45:00,
46472,98,2026-06-23,15:00:00,21:00:00,7,90,operacion,turno1,21:00:00,21:15:00,
28175,99,2026-06-26,15:00:00,21:00:00,7,90,OPERACION,turno1,21:00:00,21:15:00,
28175,99,2026-06-27,15:00:00,19:00:00,7,90,OPERACION,turno1,19:00:00,19:15:00,
28182,99,2026-06-26,17:00:00,22:30:00,7,90,Anticipo,turno3,22:30:00,22:45:00,
38310,99,2026-06-26,17:00:00,22:30:00,7,90,Anticipo,turno3,22:30:00,22:45:00,
56360,98,2026-06-24,15:00:00,18:30:00,7,90,OPERACION,turno1,18:30:00,18:45:00,
46472,98,2026-06-24,15:00:00,16:30:00,7,90,OPERACION,turno1,16:30:00,16:45:00,
56360,98,2026-06-25,15:00:00,17:30:00,7,90,operacion,turno1,17:30:00,17:45:00,
51463,98,2026-06-25,18:30:00,19:30:00,7,90,operacion,mixto2,19:30:00,19:45:00,
46472,98,2026-06-25,15:00:00,21:00:00,7,90,operacion,turno1,21:00:00,21:15:00,
27777,59,2026-06-25,18:30:00,,11,90,EXTEMPORANEO,mixto2,,NaN:NaN:00,
27777,59,2026-06-25,18:30:00,19:30:00,11,90,EXTEMPORANEO,mixto2,19:30:00,19:45:00,
27777,100,2026-06-25,18:30:00,19:30:00,11,90,EXTEMPORANEO,mixto2,19:30:00,19:45:00,
49821,101,2026-06-22,15:00:00,19:00:00,11,90,EXTEMPORANEO,turno1,19:00:00,19:15:00,
49821,101,2026-06-24,15:00:00,18:00:00,11,90,EXTEMPORANEO,turno1,18:00:00,18:15:00,
49821,101,2026-06-25,15:00:00,17:00:00,11,90,EXTEMPORANEO,turno1,17:00:00,17:15:00,
27866,101,2026-06-22,15:00:00,19:00:00,11,90,EXTEMPORANEO,turno1,19:00:00,19:15:00,
27866,101,2026-06-23,15:00:00,18:00:00,11,90,EXTEMPORANEO,turno1,18:00:00,18:15:00,
27866,101,2026-06-25,15:00:00,17:00:00,11,90,EXTEMPORANEO,turno1,17:00:00,17:15:00,
38264,101,2026-06-22,15:00:00,19:00:00,11,90,EXTEMPORANEO,turno1,19:00:00,19:15:00,
38264,101,2026-06-25,15:00:00,19:00:00,11,90,EXTEMPORANEO,turno1,19:00:00,19:15:00,
38264,101,2026-06-26,15:00:00,19:00:00,11,90,EXTEMPORANEO,turno1,19:00:00,19:15:00,
54956,102,2026-06-25,15:00:00,19:00:00,7,90,"T. extraordinario ",turno1,19:00:00,19:15:00,
48632,103,2026-06-23,17:00:00,18:00:00,7,90,"t. extraordinario ",mixto1,18:00:00,18:15:00,
52530,100,2026-06-24,22:30:00,23:30:00,7,90,Supervision,turno2,23:30:00,23:45:00,
52530,100,2026-06-25,22:30:00,23:30:00,7,90,Supervision,turno2,23:30:00,23:45:00,
52530,100,2026-06-23,22:30:00,23:30:00,7,90,Supervision,turno2,23:30:00,23:45:00,
52530,100,2026-06-22,22:30:00,23:30:00,7,90,Supervision,turno2,23:30:00,23:45:00,
27777,100,2026-06-26,18:30:00,03:00:00,7,90,Doblete,mixto2,03:00:00,03:15:00,
59937,104,2026-06-22,18:30:00,00:30:00,7,90,"Ingreso de consumos",mixto2,00:30:00,00:45:00,
59937,104,2026-06-22,17:00:00,23:00:00,7,90,"Ingreso de suministros",mixto4,23:00:00,23:15:00,
59937,104,2026-06-23,18:30:00,20:30:00,7,90,"Ingreso de recepciones",mixto2,20:30:00,20:45:00,
59937,104,2026-06-23,17:00:00,19:00:00,7,90,"Ingreso de recepciones",mixto4,19:00:00,19:15:00,
59937,104,2026-06-24,17:00:00,21:00:00,7,90,"Ingreso de recepciones",mixto4,21:00:00,21:15:00,
59937,104,2026-06-25,18:30:00,21:00:00,7,90,"Ingreso de suministros",mixto2,21:00:00,21:15:00,
59937,104,2026-06-26,17:00:00,02:30:00,7,90,Doblete,mixto4,02:30:00,02:45:00,
59936,104,2026-06-22,17:00:00,19:00:00,7,90,"Ingreso de facturas",mixto4,19:00:00,19:15:00,
59936,104,2026-06-23,17:00:00,21:00:00,7,90,"Ingreso de entradas",mixto4,21:00:00,21:15:00,
59936,104,2026-06-25,17:00:00,20:00:00,7,90,"Ingreso entradas",mixto4,20:00:00,20:15:00,
59936,104,2026-06-26,17:00:00,02:00:00,7,90,Doblete,mixto4,02:00:00,02:15:00,
54495,104,2026-06-25,17:00:00,18:30:00,7,90,"Entrega de documentos",mixto4,18:30:00,18:45:00,
54495,104,2026-06-26,17:00:00,02:00:00,7,90,Doblete,mixto4,02:00:00,02:15:00,
59609,104,2026-06-24,15:00:00,17:00:00,7,90,"entrega de papeles",turno1,17:00:00,17:15:00,
59937,104,2026-06-22,17:00:00,23:00:00,11,90,EXTEMPORANEO,mixto4,23:00:00,23:15:00,
59937,104,2026-06-24,17:00:00,21:00:00,7,90,"CAPTURA DE DOCUMENTOS",mixto4,21:00:00,21:15:00,
59937,104,2026-06-26,17:00:00,02:30:00,7,90,Doblete,mixto4,02:30:00,02:45:00,
54495,104,2026-06-25,17:00:00,18:00:00,7,90,"VALIDAR DOCUMENTACION",mixto4,18:00:00,18:15:00,
54495,104,2026-06-26,17:00:00,02:00:00,7,90,Doblete,mixto4,02:00:00,02:15:00,
59936,104,2026-06-22,17:00:00,19:30:00,7,90,"CAPTURA DE DOCUMENTOS",mixto4,19:30:00,19:45:00,
59936,104,2026-06-23,17:00:00,21:00:00,7,90,"CAPTURA DE DOCUMENTOS",mixto4,21:00:00,21:15:00,
59936,104,2026-06-25,17:00:00,21:00:00,7,90,"CAPTURA DE DOCUMENTOS",mixto4,21:00:00,21:15:00,
59936,104,2026-06-26,17:00:00,02:00:00,7,90,Doblete,mixto4,02:00:00,02:15:00,
59609,104,2026-06-24,15:00:00,17:00:00,7,90,"VALIDACION DE COCUMENTOS",turno1,17:00:00,17:15:00,
27777,104,2026-06-26,17:00:00,01:30:00,7,90,Doblete,mixto4,01:30:00,01:45:00,
52530,104,2026-06-25,22:30:00,23:30:00,7,90,"VALIDACION DE DOCUMENTOS",turno2,23:30:00,23:45:00,
59173,104,2026-06-25,22:30:00,23:30:00,7,90,"capturando informacion",turno2,23:30:00,23:45:00,
32660,104,2026-06-22,07:00:00,08:00:00,7,90,"VALIDACION DE DOCUMENTOS",turno3,08:00:00,08:15:00,
32660,104,2026-06-23,07:00:00,08:00:00,7,90,"VALIDACION DE DOCUMNETOS",turno3,08:00:00,08:15:00,
32660,104,2026-06-24,07:00:00,08:00:00,7,90,"VALIDACION DE DOCUMENTOS",turno3,08:00:00,08:15:00,
32660,104,2026-06-25,07:00:00,10:30:00,7,90,"MARBETEAR ALMACEN POR INVENTARIO",turno3,10:30:00,10:45:00,
35025,104,2026-06-24,15:00:00,18:30:00,7,90,"ACOMODO DE ALMACEN",turno1,18:30:00,18:45:00,
35025,104,2026-06-25,15:00:00,19:30:00,7,90,"ACOMODO DE ALMACEN",turno1,19:30:00,19:45:00,
35025,104,2026-06-26,15:00:00,00:30:00,7,90,Doblete,turno1,00:30:00,00:45:00,
35025,104,2026-06-27,15:00:00,18:00:00,7,90,"VALIDACION DE DOCUMENTOS",turno1,18:00:00,18:15:00,
27982,105,2026-06-22,15:00:00,20:00:00,7,90,"CARGAS BODEGA XHALA",turno1,20:00:00,20:15:00,
27982,105,2026-06-23,15:00:00,19:00:00,7,90,"CARGAS BODEGA XHALA",turno1,19:00:00,19:15:00,
59357,105,2026-06-22,15:00:00,19:00:00,7,90,"CARGAS DE XHALA",turno1,19:00:00,19:15:00,
59357,105,2026-06-23,15:00:00,20:00:00,7,90,"CARGAS DE XHALA",turno1,20:00:00,20:15:00,
50707,105,2026-06-22,15:00:00,17:00:00,7,90,"ACOMODO DE MATERIAL",turno1,17:00:00,17:15:00,
50707,105,2026-06-23,15:00:00,17:00:00,7,90,"ACOMODO DE ALMACEN",turno1,17:00:00,17:15:00,
50707,105,2026-06-26,15:00:00,20:00:00,7,90,INVENTARIO,turno1,20:00:00,20:15:00,
40827,105,2026-06-23,15:00:00,19:00:00,7,90,"ACOMODO DE MATERIALES",turno1,19:00:00,19:15:00,
40827,105,2026-06-26,15:00:00,20:00:00,7,90,INVENTARIO,turno1,20:00:00,20:15:00,
38325,105,2026-06-23,15:00:00,19:00:00,7,90,"ACOMODO DE ALMACEN",turno1,19:00:00,19:15:00,
38325,105,2026-06-26,15:00:00,20:00:00,7,90,INVENTARIO,turno1,20:00:00,20:15:00,
57647,105,2026-06-22,07:00:00,08:00:00,7,90,"CAPTURA DE VALES",turno3,08:00:00,08:15:00,
57647,105,2026-06-23,07:00:00,08:00:00,7,90,"CAPTURA DE DOCUMENTOS",turno3,08:00:00,08:15:00,
57647,105,2026-06-24,07:00:00,08:00:00,7,90,"CAPTURA DE DOCUMENTOS",turno3,08:00:00,08:15:00,
57647,105,2026-06-25,07:00:00,09:00:00,7,90,"PEGAR MARBETES POR INVENTARIO",turno3,09:00:00,09:15:00,
60027,105,2026-06-24,15:00:00,20:00:00,7,90,"APOYO PARA SURTIMIENTO",turno1,20:00:00,20:15:00,
60501,105,2026-06-25,15:00:00,18:00:00,7,90,"ACOMODO DE MATERIAL",turno1,18:00:00,18:15:00,
60501,105,2026-06-26,15:00:00,19:00:00,7,90,INVENTARIO,turno1,19:00:00,19:15:00,
56189,105,2026-06-25,15:00:00,20:00:00,7,90,"ACOMODO DE MATERIALES",turno1,20:00:00,20:15:00,
56189,105,2026-06-26,15:00:00,19:00:00,7,90,INVENTARIO,turno1,19:00:00,19:15:00,
27906,105,2026-06-22,15:00:00,19:00:00,7,90,"ACOMODO DE ALMACEN",turno1,19:00:00,19:15:00,
27906,105,2026-06-23,15:00:00,20:00:00,7,90,"ACLOMODO DE ALMACEN",turno1,20:00:00,20:15:00,
59694,105,2026-06-24,15:00:00,19:00:00,7,90,"APOYO EN XHALA",turno1,19:00:00,19:15:00,
59694,105,2026-06-26,15:00:00,18:00:00,7,90,INVENTARIO,turno1,18:00:00,18:15:00,
59694,105,2026-06-27,15:00:00,17:00:00,7,90,"APOYO EN XHALA",turno1,17:00:00,17:15:00,
58092,105,2026-06-26,15:00:00,20:00:00,7,90,INVENTARIO,turno1,20:00:00,20:15:00,
35025,104,2026-06-27,15:00:00,18:00:00,7,90,"Terminar turno",turno1,18:00:00,18:15:00,
35025,104,2026-06-27,,00:00:00,7,90,Reingreso,turno1,18:00:00,18:15:00,
35025,104,2026-06-27,,00:00:00,7,90,Reingreso,turno1,18:00:00,18:15:00,
35025,104,2026-06-27,,00:00:00,7,90,Reingreso,turno1,18:00:00,18:15:00,
35025,104,2026-06-26,15:00:00,00:30:00,7,90,Doblete,turno1,00:30:00,00:45:00,
56360,107,2026-06-27,15:00:00,19:00:00,7,90,operacion,turno1,19:00:00,19:15:00,
51463,107,2026-06-26,18:30:00,21:30:00,7,90,operacion,mixto2,21:30:00,21:45:00,
46472,107,2026-06-26,15:00:00,18:00:00,7,90,operacion,turno1,18:00:00,18:15:00,
46472,107,2026-06-28,20:30:00,22:30:00,7,90,Anticipo,turno3,22:30:00,22:45:00,
30322,107,2026-06-27,15:00:00,19:00:00,7,90,OPERACION,turno1,19:00:00,19:15:00,
41842,107,2026-06-26,07:00:00,08:00:00,7,90,OPERACION,turno3,08:00:00,08:15:00,
41842,107,2026-06-27,19:30:00,22:30:00,7,90,Anticipo,turno3,22:30:00,22:45:00,
51831,107,2026-06-28,15:00:00,18:00:00,7,90,OPERACION,turno1,18:00:00,18:15:00,
32708,107,2026-06-28,15:00:00,19:00:00,7,90,OPERACION,turno1,19:00:00,19:15:00,
33128,107,2026-06-28,19:00:00,22:30:00,7,90,Anticipo,turno3,22:30:00,22:45:00,
35025,106,2026-06-27,15:00:00,18:00:00,7,90,...,turno1,18:00:00,18:15:00,
28182,108,2026-06-23,01:00:00,04:00:00,8,90,"REDUCCIÓN DE HORARIO",,,,
36677,108,2026-06-25,01:00:00,04:00:00,8,90,"REDUCCIÓN DE HORARIO",,,,
55558,108,2026-06-26,01:00:00,04:00:00,8,90,"REDUCCIÓN DE HORARIO",,,,
58093,108,2026-06-26,01:00:00,04:00:00,8,90,"REDUCCIÓN DE HORARIO",,,,
56189,109,2026-06-24,01:00:00,04:00:00,8,90,"REDUCCIÓN DE HORARIO",,,,
58092,109,2026-06-24,01:00:00,04:00:00,8,90,"REDUCCIÓN DE HORARIO",,,,
28182,110,2026-07-01,07:00:00,13:00:00,7,90,INVENTARIO,turno3,13:00:00,13:15:00,
51828,110,2026-07-01,07:00:00,13:00:00,7,90,INVENTARIO,turno3,13:00:00,13:15:00,
28182,111,2026-06-30,07:00:00,13:00:00,7,90,INVENTARIO,turno3,13:00:00,13:15:00,
51828,111,2026-06-30,07:00:00,13:00:00,7,90,INVENTARIO,turno3,13:00:00,13:15:00,
32851,112,2026-06-29,15:00:00,16:00:00,3,90,"ARRANQUE DE MAQUINA",turno1,16:00:00,16:15:00,
27449,112,2026-07-01,07:00:00,10:30:00,1,81,VACACIONES,turno3,10:30:00,10:45:00,
28166,112,2026-07-01,10:30:00,22:30:00,1,81,VACACIONES,turno3,22:30:00,22:45:00,
27836,112,2026-07-01,15:00:00,19:00:00,1,81,VACACIONES,turno1,19:00:00,19:15:00,
50154,112,2026-07-02,01:00:00,04:00:00,8,97,"REDUCCIÓN DE HORARIO",turno1,19:00:00,19:15:00,
31774,113,2026-07-01,10:30:00,22:30:00,1,68,VACACIONES,turno3,22:30:00,22:45:00,
42006,113,2026-07-01,15:00:00,19:00:00,1,68,VACACIONES,turno1,19:00:00,19:15:00,
38259,113,2026-07-01,10:30:00,22:30:00,1,76,VACACIONES,turno3,22:30:00,22:45:00,
58084,113,2026-07-01,15:00:00,19:00:00,1,76,VACACIONES,turno1,19:00:00,19:15:00,
56058,113,2026-07-01,15:00:00,19:00:00,1,73,VACACIONES,turno1,19:00:00,19:15:00,
59705,113,2026-07-01,15:00:00,19:00:00,1,73,VACACIONES,turno1,19:00:00,19:15:00,
48157,113,2026-07-01,10:30:00,22:30:00,1,77,VACACIONES,turno3,22:30:00,22:45:00,
42023,113,2026-07-01,15:00:00,19:00:00,1,74,VACACIONES,turno1,19:00:00,19:15:00,
55075,118,2026-07-02,18:30:00,00:30:00,7,90,CIERRE,mixto2,00:30:00,00:45:00,
55075,118,2026-07-01,18:30:00,22:30:00,7,90,CIERRE,mixto2,22:30:00,22:45:00,
55075,118,2026-07-02,18:30:00,21:30:00,7,90,CIERRE,mixto2,21:30:00,21:45:00,
55075,118,2026-07-02,18:30:00,21:30:00,7,90,CIERRE,mixto2,21:30:00,21:45:00,
55075,118,2026-06-30,18:30:00,00:30:00,7,90,CIERRE,mixto2,00:30:00,00:45:00,
28175,119,2026-07-02,15:00:00,21:00:00,7,90,OPERACION,turno1,21:00:00,21:15:00,
51831,120,2026-07-01,15:00:00,16:30:00,7,90,INVENTARIO,turno1,16:30:00,16:45:00,
56360,120,2026-07-01,15:00:00,16:30:00,7,90,INVENTARIO,turno1,16:30:00,16:45:00,
51463,120,2026-06-29,18:30:00,19:30:00,7,90,OPERACION,mixto2,19:30:00,19:45:00,
51463,120,2026-06-30,18:30:00,21:30:00,7,90,OPERACION,mixto2,21:30:00,21:45:00,
51463,120,2026-07-01,18:30:00,20:30:00,7,90,OPERACION,mixto2,20:30:00,20:45:00,
51463,120,2026-07-02,18:30:00,19:30:00,7,90,OPERACION,mixto2,19:30:00,19:45:00,
46472,120,2026-06-30,10:30:00,22:30:00,7,90,OPERACION,turno3,22:30:00,22:45:00,
51947,121,2026-06-04,17:00:00,21:00:00,7,90,...,mixto4,21:00:00,21:15:00,
51947,121,2026-06-22,17:00:00,21:00:00,7,90,vacaciones,mixto4,21:00:00,21:15:00,
53144,123,2026-07-02,17:00:00,18:00:00,7,90,"Tiempo extra",mixto1,18:00:00,18:15:00,
27889,124,2026-07-03,01:00:00,06:00:00,8,90,"REDUCCIÓN DE HORARIO",,,,
27889,124,2026-07-03,01:00:00,06:00:00,8,90,"REDUCCIÓN DE HORARIO",,,,
56061,125,2026-07-04,01:00:00,04:00:00,8,85,"REDUCCIÓN DE HORARIO",,,,
49821,126,2026-06-29,15:00:00,19:00:00,7,90,Apoyo,turno1,19:00:00,19:15:00,
49821,126,2026-07-01,15:00:00,18:00:00,7,90,Apoyo,turno1,18:00:00,18:15:00,
49821,126,2026-07-02,15:00:00,17:00:00,7,90,Apoyo,turno1,17:00:00,17:15:00,
27866,126,2026-06-29,15:00:00,19:00:00,7,90,Apoyo,turno1,19:00:00,19:15:00,
27866,126,2026-07-01,15:00:00,18:00:00,7,90,Apoyo,turno1,18:00:00,18:15:00,
27866,126,2026-07-02,15:00:00,17:00:00,7,90,Apoyo,turno1,17:00:00,17:15:00,
58953,126,2026-07-03,15:00:00,19:00:00,7,90,Apoyo,turno1,19:00:00,19:15:00,
28041,126,2026-07-02,15:00:00,19:00:00,7,90,Apoyo,turno1,19:00:00,19:15:00,
58953,126,2026-07-04,15:00:00,19:00:00,7,90,Apoyo,turno1,19:00:00,19:15:00,
27777,116,2026-07-01,18:30:00,20:00:00,7,90,"Realizar facturas de transportes ",mixto2,20:00:00,20:15:00,
48632,127,2026-06-29,17:00:00,18:00:00,7,90,"t. extraordinario",mixto1,18:00:00,18:15:00,
48632,127,2026-07-01,17:00:00,18:00:00,7,90,t.extraordinario,mixto1,18:00:00,18:15:00,
48632,127,2026-07-03,17:00:00,18:00:00,7,90,"t. extraordinario",mixto1,18:00:00,18:15:00,
59937,128,2026-06-29,17:00:00,18:00:00,7,90,"Ingreso de consumo",mixto4,18:00:00,18:15:00,
59937,128,2026-06-29,17:00:00,18:00:00,7,90,"Ingreso de consumo",mixto4,18:00:00,18:15:00,
59937,128,2026-06-30,17:00:00,18:00:00,7,90,"Ingreso de consumo",mixto4,18:00:00,18:15:00,
59937,128,2026-07-01,18:30:00,19:30:00,7,90,"Ingreso de suministros",mixto2,19:30:00,19:45:00,
59937,128,2026-07-02,17:00:00,18:00:00,7,90,"Ingreso de suministro",mixto4,18:00:00,18:15:00,
59937,128,2026-07-03,17:00:00,18:00:00,7,90,"Ingreso de suministros",mixto4,18:00:00,18:15:00,
59936,128,2026-06-29,17:00:00,18:00:00,7,90,"Ingreso de materiales",mixto4,18:00:00,18:15:00,
59936,128,2026-06-30,17:00:00,18:00:00,7,90,"Ingreso de facturas",mixto4,18:00:00,18:15:00,
59936,128,2026-07-01,17:00:00,18:00:00,7,90,"Ingreso de suministros",mixto4,18:00:00,18:15:00,
59936,128,2026-07-02,17:00:00,18:00:00,7,90,"Ingreso de suministros",mixto4,18:00:00,18:15:00,
59936,128,2026-07-03,17:00:00,18:00:00,7,90,"Ingreso de facturas",mixto4,18:00:00,18:15:00,
35025,128,2026-06-29,15:00:00,16:00:00,7,90,"Inspección de cargas",turno1,16:00:00,16:15:00,
35025,128,2026-06-30,15:00:00,16:00:00,7,90,"Revisión de surtimiento",turno1,16:00:00,16:15:00,
35025,128,2026-07-01,15:00:00,16:00:00,7,90,"Revisión de acomodos de montacarguistas",turno1,16:00:00,16:15:00,
35025,128,2026-07-03,07:00:00,09:00:00,7,90,"Cambio de turno y acomodo de materiales",turno3,09:00:00,09:15:00,
40827,129,2026-06-29,15:00:00,16:30:00,7,90,"ACOMODO DE MATERIALES",turno1,16:30:00,16:45:00,
40827,129,2026-06-30,15:00:00,19:00:00,7,90,"ACOMODO DE MATERIALES",turno1,19:00:00,19:15:00,
40827,129,2026-07-03,15:00:00,17:30:00,7,90,"ACOMODO DE MATERIALES",turno1,17:30:00,17:45:00,
50707,129,2026-06-29,15:00:00,18:00:00,7,90,"ACOMODO DE MATERIALES",turno1,18:00:00,18:15:00,
50707,129,2026-06-30,15:00:00,17:00:00,7,90,"ACOMODO DE MATERIALES",turno1,17:00:00,17:15:00,
50707,129,2026-07-01,15:00:00,19:00:00,7,90,"ACOMODO DE MATERIALES",turno1,19:00:00,19:15:00,
27982,129,2026-06-29,15:00:00,19:00:00,7,90,"DESCARGA Y ACOMODO EN BODEGA XHALA",turno1,19:00:00,19:15:00,
27982,129,2026-06-30,15:00:00,18:30:00,7,90,"DESCARGA Y ACOMODO EN BODEGA XHALA",turno1,18:30:00,18:45:00,
27982,129,2026-07-01,15:00:00,16:30:00,7,90,"DESCARGA Y ACOMODO EN BODEGA XHALA",turno1,16:30:00,16:45:00,
59167,129,2026-06-29,15:00:00,18:00:00,7,90,"DESCARGA Y ACOMODO EN BODEGA XHALA",turno1,18:00:00,18:15:00,
59167,129,2026-06-30,15:00:00,16:00:00,7,90,"DESCARGA Y ACOMODO EN BODEGA XHALA",turno1,16:00:00,16:15:00,
38325,129,2026-06-29,15:00:00,18:00:00,7,90,"ACOMODO DE MATERIALES",turno1,18:00:00,18:15:00,
38325,129,2026-06-30,15:00:00,18:00:00,7,90,"ACOMODO DE MATERIALES",turno1,18:00:00,18:15:00,
38325,129,2026-07-01,15:00:00,17:00:00,7,90,"ACOMODO DE MATERIALES",turno1,17:00:00,17:15:00,
38325,129,2026-07-02,15:00:00,16:00:00,7,90,"ACOMODO DE MATERIALES",turno1,16:00:00,16:15:00,
50814,129,2026-07-02,15:00:00,16:00:00,7,90,"ACOMODO DE MATERIALES",turno1,16:00:00,16:15:00,
56189,129,2026-07-01,15:00:00,20:00:00,7,90,"DESCARGA Y ACOMODO EN BODEGA XHALA",turno1,20:00:00,20:15:00,
56189,129,2026-07-02,15:00:00,16:00:00,7,90,"CARGAS A PLANTA TLAXCALA",turno1,16:00:00,16:15:00,
56189,129,2026-07-03,07:00:00,09:00:00,7,90,"CAPTURA EN CARDEX",turno3,09:00:00,09:15:00,
56189,129,2026-06-30,15:00:00,16:00:00,7,90,"CARGAS A TLAXCALA",turno1,16:00:00,16:15:00,
28175,119,2026-07-04,15:00:00,19:00:00,7,90,operacion,turno1,19:00:00,19:15:00,
51831,120,2026-07-04,15:00:00,20:00:00,7,90,operacion,turno1,20:00:00,20:15:00,
56360,120,2026-07-05,17:30:00,22:30:00,7,90,Anticipo,turno3,22:30:00,22:45:00,
51463,120,2026-07-02,18:30:00,19:30:00,7,90,OPERACION,mixto2,19:30:00,19:45:00,
51463,120,2026-07-03,18:30:00,19:30:00,7,90,OPERACION,mixto2,19:30:00,19:45:00,
51463,120,2026-07-04,08:30:00,18:30:00,10,90,"DESCANSO TRABAJADO",mixto2,18:30:00,18:45:00,
46472,120,2026-06-30,10:30:00,22:30:00,7,90,OPERACION,turno3,22:30:00,22:45:00,
46472,120,2026-07-04,19:30:00,22:30:00,7,90,Anticipo,turno3,22:30:00,22:45:00,
30322,120,2026-07-04,15:00:00,19:00:00,7,90,OPERACION,turno1,19:00:00,19:15:00,
33128,120,2026-07-04,19:00:00,22:30:00,7,90,Anticipo,turno3,22:30:00,22:45:00,
30024,120,2026-07-05,15:00:00,19:30:00,7,90,OPERACION,turno1,19:30:00,19:45:00,
32708,120,2026-07-05,10:30:00,22:30:00,7,90,OPERACION,turno3,22:30:00,22:45:00,
41842,120,2026-07-05,15:00:00,19:30:00,7,90,OPERACION,turno1,19:30:00,19:45:00,
55151,130,2026-07-02,15:00:00,18:00:00,4,90,CAPACITACION,turno1,18:00:00,18:15:00,
46473,130,2026-07-03,10:30:00,22:30:00,1,90,VACACIONES,turno3,22:30:00,22:45:00,
27659,130,2026-07-01,17:00:00,18:00:00,3,137,"ARRANQUE DE MAQUINA",mixto1,18:00:00,18:15:00,
27659,130,2026-07-02,17:00:00,19:00:00,3,137,"ARRANQUE DE MAQUINA",mixto1,19:00:00,19:15:00,
27992,130,2026-07-04,15:00:00,19:00:00,1,77,VACACIONES,turno1,19:00:00,19:15:00,
28226,130,2026-07-04,10:30:00,22:30:00,1,77,VACACIONES,turno3,22:30:00,22:45:00,
27583,130,2026-06-29,17:00:00,18:00:00,3,76,"ARRANQUE DE MAQUINA",mixto1,18:00:00,18:15:00,
27583,130,2026-06-30,17:00:00,18:00:00,3,76,"ARRANQUE DE MAQUINA",mixto1,18:00:00,18:15:00,
31774,133,2026-07-02,10:30:00,22:30:00,1,73,VACACIONES,turno3,22:30:00,22:45:00,
42006,133,2026-07-02,15:00:00,19:00:00,1,73,VACACIONES,turno1,19:00:00,19:15:00,
27562,133,2026-07-02,15:00:00,19:00:00,1,80,VACACIONES,turno1,19:00:00,19:15:00,
27727,133,2026-07-02,10:30:00,22:30:00,1,80,VACACIONES,turno3,22:30:00,22:45:00,
58084,133,2026-07-02,15:00:00,19:00:00,1,76,VACACIONES,turno1,19:00:00,19:15:00,
27613,133,2026-07-02,10:30:00,22:30:00,1,73,VACACIONES,turno3,22:30:00,22:45:00,
27613,133,2026-07-04,15:00:00,19:00:00,1,73,VACACIONES,turno1,19:00:00,19:15:00,
27613,133,2026-07-04,15:00:00,19:00:00,1,73,VACACIONES,turno1,19:00:00,19:15:00,
27613,133,2026-07-04,15:00:00,19:00:00,1,73,VACACIONES,turno1,19:00:00,19:15:00,
27878,133,2026-07-02,15:00:00,19:00:00,1,76,VACACIONES,turno1,19:00:00,19:15:00,
27878,133,2026-07-03,15:00:00,19:00:00,1,76,VACACIONES,turno1,19:00:00,19:15:00,
48157,133,2026-07-02,10:30:00,22:30:00,1,77,VACACIONES,turno3,22:30:00,22:45:00,
34095,133,2026-07-03,10:30:00,22:30:00,1,69,VACACIONES,turno3,22:30:00,22:45:00,
34095,133,2026-07-04,10:30:00,22:30:00,1,69,VACACIONES,turno3,22:30:00,22:45:00,
27727,133,2026-07-03,10:30:00,22:30:00,1,80,VACACIONES,turno3,22:30:00,22:45:00,
49242,133,2026-07-03,10:30:00,22:30:00,1,76,VACACIONES,turno3,22:30:00,22:45:00,
56058,133,2026-07-03,10:30:00,22:30:00,1,73,VACACIONES,turno3,22:30:00,22:45:00,
56727,133,2026-07-03,10:30:00,22:30:00,1,73,VACACIONES,turno3,22:30:00,22:45:00,
56727,133,2026-07-04,10:30:00,22:30:00,1,73,VACACIONES,turno3,22:30:00,22:45:00,
28128,133,2026-07-03,15:00:00,19:00:00,1,72,VACACIONES,turno1,19:00:00,19:15:00,
28128,133,2026-07-04,15:00:00,19:00:00,1,72,VACACIONES,turno1,19:00:00,19:15:00,
58810,133,2026-07-03,15:00:00,19:00:00,1,76,VACACIONES,turno1,19:00:00,19:15:00,
58088,133,2026-07-03,15:00:00,19:00:00,1,74,VACACIONES,turno1,19:00:00,19:15:00,
42011,133,2026-07-03,15:00:00,19:00:00,1,73,VACACIONES,turno1,19:00:00,19:15:00,
42011,133,2026-07-04,15:00:00,19:00:00,1,73,VACACIONES,turno1,19:00:00,19:15:00,
51257,133,2026-07-03,15:00:00,19:00:00,1,137,VACACIONES,turno1,19:00:00,19:15:00,
28128,133,2026-07-03,01:00:00,04:00:00,8,72,"REDUCCIÓN DE HORARIO",turno1,19:00:00,19:15:00,
44081,133,2026-07-04,15:00:00,19:00:00,1,77,VACACIONES,turno1,19:00:00,19:15:00,
46252,133,2026-07-04,15:00:00,19:00:00,1,77,VACACIONES,turno1,19:00:00,19:15:00,
49210,133,2026-07-04,15:00:00,19:00:00,3,77,"ARRANQUE DE MAQUINA",turno1,19:00:00,19:15:00,
50816,133,2026-07-04,15:00:00,19:00:00,1,74,VACACIONES,turno1,19:00:00,19:15:00,
28097,133,2026-07-04,10:30:00,22:30:00,1,76,VACACIONES,turno3,22:30:00,22:45:00,
28235,133,2026-07-04,10:30:00,22:30:00,1,77,VACACIONES,turno3,22:30:00,22:45:00,
48154,133,2026-07-04,10:30:00,22:30:00,1,77,VACACIONES,turno3,22:30:00,22:45:00,
48157,133,2026-07-04,10:30:00,22:30:00,1,77,VACACIONES,turno3,22:30:00,22:45:00,
58476,133,2026-07-04,10:30:00,22:30:00,1,73,VACACIONES,turno3,22:30:00,22:45:00,
27672,133,2026-07-04,10:30:00,22:30:00,1,73,VACACIONES,turno3,22:30:00,22:45:00,
58476,133,2026-07-05,10:30:00,22:30:00,1,73,VACACIONES,turno3,22:30:00,22:45:00,
57925,133,2026-07-05,10:30:00,22:30:00,1,76,VACACIONES,turno3,22:30:00,22:45:00,
27449,135,2026-07-02,10:30:00,22:30:00,1,81,VACACIONES,turno3,22:30:00,22:45:00,
28166,135,2026-07-02,10:30:00,22:30:00,1,81,VACACIONES,turno3,22:30:00,22:45:00,
60165,135,2026-07-03,10:30:00,22:30:00,1,81,VACACIONES,turno3,22:30:00,22:45:00,
32851,135,2026-07-03,15:00:00,17:00:00,7,90,vacaciones,turno1,17:00:00,17:15:00,
27449,136,2026-07-02,10:30:00,22:30:00,1,81,VACACIONES,turno3,22:30:00,22:45:00,
28166,136,2026-07-02,10:30:00,22:30:00,1,81,VACACIONES,turno3,22:30:00,22:45:00,
60165,136,2026-07-03,10:30:00,22:30:00,1,81,VACACIONES,turno3,22:30:00,22:45:00,
32851,136,2026-07-03,15:00:00,17:00:00,7,90,"acareo de tarimas",turno1,17:00:00,17:15:00,
57723,137,2026-06-30,15:00:00,22:30:00,7,90,Doblete,turno1,22:30:00,22:45:00,
27458,137,2026-06-29,17:00:00,18:00:00,3,81,"ARRANQUE DE MAQUINA",mixto1,18:00:00,18:15:00,
27458,137,2026-06-30,17:00:00,18:30:00,3,81,"ARRANQUE DE MAQUINA",mixto1,18:30:00,18:45:00,
59609,132,2026-07-04,22:30:00,01:00:00,7,90,"Apoyo en la bodega de xhala",turno2,01:00:00,01:15:00,
57925,138,2026-07-07,01:00:00,06:00:00,8,76,"REDUCCIÓN DE HORARIO",,,,
42100,138,2026-07-08,01:00:00,06:00:00,8,72,"REDUCCIÓN DE HORARIO",,,,
56857,139,2026-07-01,01:00:00,04:00:00,8,90,"REDUCCIÓN DE HORARIO",,,,
58093,139,2026-06-30,01:00:00,04:00:00,8,90,"REDUCCIÓN DE HORARIO",,,,
58394,139,2026-07-02,01:00:00,04:00:00,8,90,"REDUCCIÓN DE HORARIO",,,,
27449,140,2026-07-01,01:00:00,04:00:00,8,81,"REDUCCIÓN DE HORARIO",,,,
27836,140,2026-07-01,01:00:00,04:00:00,8,81,"REDUCCIÓN DE HORARIO",,,,
33199,140,2026-07-01,01:00:00,04:00:00,8,81,"REDUCCIÓN DE HORARIO",,,,
58554,140,2026-07-03,01:00:00,04:00:00,8,81,"REDUCCIÓN DE HORARIO",,,,
33199,140,2026-07-03,01:00:00,04:00:00,8,81,"REDUCCIÓN DE HORARIO",,,,
60165,140,2026-07-03,01:00:00,04:00:00,8,81,"REDUCCIÓN DE HORARIO",,,,
27562,141,2026-07-02,01:00:00,04:00:00,8,69,"REDUCCIÓN DE HORARIO",,,,
27562,141,2026-07-04,01:00:00,04:00:00,8,69,"REDUCCIÓN DE HORARIO",,,,
27613,141,2026-07-04,01:00:00,04:00:00,8,73,"REDUCCIÓN DE HORARIO",,,,
27672,141,2026-07-04,01:00:00,04:00:00,8,73,"REDUCCIÓN DE HORARIO",,,,
27727,141,2026-07-02,01:00:00,04:00:00,8,69,"REDUCCIÓN DE HORARIO",,,,
27878,141,2026-07-05,01:00:00,04:00:00,8,73,"REDUCCIÓN DE HORARIO",,,,
27951,141,2026-07-04,01:00:00,04:00:00,8,73,"REDUCCIÓN DE HORARIO",,,,
28097,141,2026-07-04,01:00:00,04:00:00,8,69,"REDUCCIÓN DE HORARIO",,,,
28235,141,2026-07-01,01:00:00,04:00:00,8,77,"REDUCCIÓN DE HORARIO",,,,
34095,141,2026-07-01,01:00:00,04:00:00,8,69,"REDUCCIÓN DE HORARIO",,,,
34095,141,2026-07-01,01:00:00,04:00:00,8,69,"REDUCCIÓN DE HORARIO",,,,
38259,141,2026-07-04,01:00:00,04:00:00,8,76,"REDUCCIÓN DE HORARIO",,,,
44081,141,2026-07-04,01:00:00,04:00:00,8,77,"REDUCCIÓN DE HORARIO",,,,
46252,141,2026-07-04,01:00:00,04:00:00,8,77,"REDUCCIÓN DE HORARIO",,,,
48154,141,2026-07-04,01:00:00,04:00:00,8,77,"REDUCCIÓN DE HORARIO",,,,
48157,141,2026-07-01,01:00:00,04:00:00,8,77,"REDUCCIÓN DE HORARIO",,,,
49242,141,2026-07-03,01:00:00,04:00:00,8,77,"REDUCCIÓN DE HORARIO",,,,
49210,141,2026-07-03,01:00:00,04:00:00,8,77,"REDUCCIÓN DE HORARIO",,,,
49210,141,2026-07-04,01:00:00,04:00:00,8,77,"REDUCCIÓN DE HORARIO",,,,
50816,141,2026-07-04,01:00:00,04:00:00,8,74,"REDUCCIÓN DE HORARIO",,,,
57010,141,2026-07-02,01:00:00,04:00:00,8,76,"REDUCCIÓN DE HORARIO",,,,
42023,141,2026-07-04,15:00:00,19:00:00,1,76,VACACIONES,turno1,19:00:00,19:15:00,
59937,144,2026-07-06,17:00:00,20:30:00,7,90,"Capturar vales",mixto1,20:30:00,20:45:00,
59937,144,2026-07-07,17:00:00,21:00:00,7,90,"Capturar vales",mixto1,21:00:00,21:15:00,
59936,144,2026-07-06,17:00:00,19:00:00,7,90,"Capturar facturas en Sistema",mixto1,19:00:00,19:15:00,
59936,144,2026-07-07,17:00:00,18:30:00,7,90,"Capturar facturas en Sistema",mixto1,18:30:00,18:45:00,
27951,145,2026-07-06,15:00:00,19:00:00,1,73,VACACIONES,turno1,19:00:00,19:15:00,
48157,145,2026-07-06,15:00:00,19:00:00,1,77,VACACIONES,turno1,19:00:00,19:15:00,
28128,145,2026-07-06,15:00:00,19:00:00,1,72,VACACIONES,turno1,19:00:00,19:15:00,
57010,145,2026-07-06,15:00:00,19:00:00,1,76,VACACIONES,turno1,19:00:00,19:15:00,
31774,145,2026-07-06,15:00:00,19:00:00,1,69,VACACIONES,turno1,19:00:00,19:15:00,
57925,145,2026-07-06,10:30:00,22:30:00,1,76,VACACIONES,turno3,22:30:00,22:45:00,
27870,145,2026-07-06,10:30:00,22:30:00,1,73,VACACIONES,turno3,22:30:00,22:45:00,
50874,145,2026-07-06,10:30:00,22:30:00,1,77,VACACIONES,turno3,22:30:00,22:45:00,
42100,145,2026-07-06,10:30:00,22:30:00,1,72,VACACIONES,turno3,22:30:00,22:45:00,
57925,138,2026-07-07,01:00:00,06:00:00,8,76,"REDUCCIÓN DE HORARIO",,,,
27777,144,2026-07-08,18:30:00,20:00:00,7,90,"Captura de facturas de Transportes ",mixto2,20:00:00,20:15:00,
27635,146,2026-07-07,15:00:00,19:00:00,7,90,Apoyo,turno1,19:00:00,19:15:00,
27951,147,2026-07-06,15:00:00,19:00:00,1,73,VACACIONES,turno1,19:00:00,19:15:00,
27951,147,2026-07-07,15:00:00,19:00:00,1,73,VACACIONES,turno1,19:00:00,19:15:00,
48157,147,2026-07-06,15:00:00,19:00:00,1,77,VACACIONES,turno1,19:00:00,19:15:00,
48157,147,2026-07-07,15:00:00,19:00:00,1,77,VACACIONES,turno1,19:00:00,19:15:00,
28128,147,2026-07-06,15:00:00,19:00:00,1,72,VACACIONES,turno1,19:00:00,19:15:00,
28128,147,2026-07-07,15:00:00,19:00:00,1,72,VACACIONES,turno1,19:00:00,19:15:00,
28128,147,2026-07-08,15:00:00,19:00:00,1,72,VACACIONES,turno1,19:00:00,19:15:00,
57010,147,2026-07-06,15:00:00,19:00:00,1,76,VACACIONES,turno1,19:00:00,19:15:00,
57010,147,2026-07-07,15:00:00,19:00:00,1,76,VACACIONES,turno1,19:00:00,19:15:00,
57010,147,2026-07-08,15:00:00,19:00:00,1,76,VACACIONES,turno1,19:00:00,19:15:00,
31774,147,2026-07-06,15:00:00,19:00:00,1,78,VACACIONES,turno1,19:00:00,19:15:00,
31774,147,2026-07-07,15:00:00,19:00:00,1,78,VACACIONES,turno1,19:00:00,19:15:00,
57925,147,2026-07-06,07:00:00,10:30:00,1,76,VACACIONES,turno3,10:30:00,10:45:00,
27870,147,2026-07-06,07:00:00,10:30:00,1,73,VACACIONES,turno3,10:30:00,10:45:00,
27870,147,2026-07-07,07:00:00,10:30:00,1,73,VACACIONES,turno3,10:30:00,10:45:00,
50874,147,2026-07-06,07:00:00,10:30:00,1,77,VACACIONES,turno3,10:30:00,10:45:00,
50874,147,2026-07-07,07:00:00,10:30:00,1,77,VACACIONES,turno3,10:30:00,10:45:00,
42100,147,2026-07-06,07:00:00,10:30:00,1,72,VACACIONES,turno3,10:30:00,10:45:00,
42100,147,2026-07-07,07:00:00,10:30:00,1,72,VACACIONES,turno3,10:30:00,10:45:00,
58951,147,2026-07-07,15:00:00,19:00:00,1,73,VACACIONES,turno1,19:00:00,19:15:00,
58951,147,2026-07-08,15:00:00,19:00:00,1,73,VACACIONES,turno1,19:00:00,19:15:00,
57121,147,2026-07-07,15:00:00,19:00:00,1,137,VACACIONES,turno1,19:00:00,19:15:00,
53510,147,2026-07-07,15:00:00,19:00:00,1,73,VACACIONES,turno1,19:00:00,19:15:00,
58273,147,2026-07-07,15:00:00,19:00:00,1,73,VACACIONES,turno1,19:00:00,19:15:00,
59705,147,2026-07-07,07:00:00,10:30:00,1,73,VACACIONES,turno3,10:30:00,10:45:00,
48164,147,2026-07-07,07:00:00,10:30:00,1,73,VACACIONES,turno3,10:30:00,10:45:00,
48164,147,2026-07-08,07:00:00,10:30:00,1,73,VACACIONES,turno3,10:30:00,10:45:00,
54418,147,2026-07-07,07:00:00,10:30:00,1,74,VACACIONES,turno3,10:30:00,10:45:00,
49210,147,2026-07-08,15:00:00,19:00:00,1,77,VACACIONES,turno1,19:00:00,19:15:00,
28085,147,2026-07-08,15:00:00,19:00:00,1,74,VACACIONES,turno1,19:00:00,19:15:00,
58087,147,2026-07-08,15:00:00,19:00:00,1,137,VACACIONES,turno1,19:00:00,19:15:00,
54124,147,2026-07-08,15:00:00,19:00:00,1,76,VACACIONES,turno1,19:00:00,19:15:00,
56051,147,2026-07-08,15:00:00,19:00:00,1,75,VACACIONES,turno1,19:00:00,19:15:00,
44820,147,2026-07-08,15:00:00,19:00:00,1,73,VACACIONES,turno1,19:00:00,19:15:00,
58478,147,2026-07-08,15:00:00,19:00:00,1,76,VACACIONES,turno1,19:00:00,19:15:00,
59355,147,2026-07-08,15:00:00,19:00:00,1,73,VACACIONES,turno1,19:00:00,19:15:00,
52983,147,2026-07-08,07:00:00,10:30:00,1,77,VACACIONES,turno3,10:30:00,10:45:00,
56311,147,2026-07-08,07:00:00,10:30:00,1,76,VACACIONES,turno3,10:30:00,10:45:00,
32758,147,2026-07-08,07:00:00,10:30:00,1,75,VACACIONES,turno3,10:30:00,10:45:00,
38315,147,2026-07-08,07:00:00,10:30:00,1,76,VACACIONES,turno3,10:30:00,10:45:00,
59701,147,2026-07-08,07:00:00,10:30:00,1,74,VACACIONES,turno3,10:30:00,10:45:00,
28166,149,2026-07-08,15:00:00,19:00:00,1,81,VACACIONES,turno1,19:00:00,19:15:00,
33199,149,2026-07-08,10:30:00,22:30:00,1,81,VACACIONES,turno3,22:30:00,22:45:00,
28175,151,2026-07-08,15:00:00,21:00:00,7,90,OPERACION,turno1,21:00:00,21:15:00,
41842,152,2026-07-06,15:00:00,17:00:00,7,90,OPERACION,turno1,17:00:00,17:15:00,
41842,152,2026-07-07,15:00:00,16:30:00,7,90,OPERACION,turno1,16:30:00,16:45:00,
41842,152,2026-07-08,15:00:00,18:00:00,7,90,OPERACION,turno1,18:00:00,18:15:00,
51463,152,2026-07-06,18:30:00,20:30:00,7,90,OPERACION,mixto2,20:30:00,20:45:00,
51463,152,2026-07-07,18:30:00,20:00:00,7,90,OPERACION,mixto2,20:00:00,20:15:00,
60617,153,2026-07-11,01:00:00,04:00:00,8,85,"REDUCCIÓN DE HORARIO",,,,
27777,144,2026-07-09,18:30:00,20:00:00,7,90,"Venta de merma",mixto2,20:00:00,20:15:00,
27635,146,2026-07-09,15:00:00,19:00:00,7,90,Apoyo,turno1,19:00:00,19:15:00,
57928,146,2026-07-09,15:00:00,19:00:00,7,90,Apoyo,turno1,19:00:00,19:15:00,
27866,146,2026-07-06,15:00:00,19:00:00,7,90,"Apoyo en mermas",turno1,19:00:00,19:15:00,
27866,146,2026-07-08,15:00:00,18:00:00,7,90,"Apoyo en mermas",turno1,18:00:00,18:15:00,
27866,146,2026-07-09,15:00:00,17:00:00,7,90,"Apoyo en mermas",turno1,17:00:00,17:15:00,
49821,146,2026-07-06,15:00:00,19:00:00,7,90,"Apoyo en mermas",turno1,19:00:00,19:15:00,
49821,146,2026-07-08,15:00:00,18:00:00,7,90,"Apoyo en mermas",turno1,18:00:00,18:15:00,
41842,152,2026-07-09,15:00:00,16:30:00,7,90,operacion,turno1,16:30:00,16:45:00,
28082,155,2026-07-06,16:30:00,18:30:00,7,90,supervision,mixto3,18:30:00,18:45:00,
27772,156,2026-07-10,17:00:00,18:30:00,3,85,"ARRANQUE DE MAQUINA",mixto1,18:30:00,18:45:00,
28082,155,2026-07-10,16:30:00,18:30:00,3,90,"ARRANQUE DE MAQUINA",mixto3,18:30:00,18:45:00,
27777,144,2026-07-10,18:30:00,20:30:00,7,90,"Apoyo audioria",mixto2,20:30:00,20:45:00,
49821,146,2026-07-10,15:00:00,17:00:00,7,90,"	Apoyo en mermas",turno1,17:00:00,17:15:00,
48632,157,2026-07-10,17:00:00,19:00:00,7,90,"T extraordinario",mixto1,19:00:00,19:15:00,
59937,144,2026-07-08,17:00:00,20:00:00,7,90,"Capturar vales",mixto1,20:00:00,20:15:00,
59937,144,2026-07-09,17:00:00,18:30:00,7,90,"Capturar vales",mixto1,18:30:00,18:45:00,
59937,144,2026-07-10,17:00:00,19:00:00,7,90,"Capturar vales",mixto1,19:00:00,19:15:00,
28272,155,2026-07-06,17:00:00,18:00:00,1,73,VACACIONES,mixto1,18:00:00,18:15:00,
28272,155,2026-07-14,17:00:00,18:30:00,1,73,VACACIONES,mixto1,18:30:00,18:45:00,
28272,155,2026-07-15,17:00:00,18:00:00,1,73,VACACIONES,mixto1,18:00:00,18:15:00,
28272,155,2026-07-09,17:00:00,18:00:00,1,73,VACACIONES,mixto1,18:00:00,18:15:00,
28272,155,2026-07-09,17:00:00,18:00:00,1,73,VACACIONES,mixto1,18:00:00,18:15:00,
28272,155,2026-07-10,17:00:00,20:00:00,1,73,VACACIONES,mixto1,20:00:00,20:15:00,
28272,155,2026-07-11,17:00:00,18:00:00,1,73,VACACIONES,mixto1,18:00:00,18:15:00,
46473,155,2026-07-10,15:00:00,19:00:00,1,90,VACACIONES,turno1,19:00:00,19:15:00,
46473,155,2026-07-11,15:00:00,19:00:00,1,90,VACACIONES,turno1,19:00:00,19:15:00,
27865,155,2026-07-11,07:00:00,10:30:00,1,90,VACACIONES,turno3,10:30:00,10:45:00,
56727,159,2026-07-11,15:00:00,19:00:00,1,73,VACACIONES,turno1,19:00:00,19:15:00,
60024,159,2026-07-11,15:00:00,19:00:00,1,73,VACACIONES,turno1,19:00:00,19:15:00,
27672,159,2026-07-11,07:00:00,10:30:00,1,73,VACACIONES,turno3,10:30:00,10:45:00,
52667,159,2026-07-11,07:00:00,08:30:00,1,90,VACACIONES,turno3,08:30:00,08:45:00,
56727,159,2026-07-12,15:00:00,19:00:00,1,73,VACACIONES,turno1,19:00:00,19:15:00,
27672,159,2026-07-12,07:00:00,10:30:00,1,73,VACACIONES,turno3,10:30:00,10:45:00,
52667,159,2026-07-12,07:00:00,10:30:00,1,90,VACACIONES,turno3,10:30:00,10:45:00,
56311,159,2026-07-10,07:00:00,10:30:00,1,76,VACACIONES,turno3,10:30:00,10:45:00,
38683,159,2026-07-10,07:00:00,10:30:00,1,77,VACACIONES,turno3,10:30:00,10:45:00,
58272,159,2026-07-12,07:00:00,10:30:00,1,74,VACACIONES,turno3,10:30:00,10:45:00,
42023,159,2026-07-12,07:00:00,10:30:00,1,90,VACACIONES,turno3,10:30:00,10:45:00,
27865,155,2026-07-12,07:00:00,10:30:00,1,90,VACACIONES,turno3,10:30:00,10:45:00,
37133,155,2026-07-10,07:00:00,10:30:00,1,90,VACACIONES,turno3,10:30:00,10:45:00,
37133,155,2026-07-12,15:00:00,19:00:00,1,90,VACACIONES,turno1,19:00:00,19:15:00,
28272,155,2026-07-07,17:00:00,18:30:00,1,90,VACACIONES,mixto1,18:30:00,18:45:00,
28272,155,2026-07-08,17:00:00,18:00:00,3,90,"ARRANQUE DE MAQUINA",mixto1,18:00:00,18:15:00,
35025,144,2026-07-08,15:00:00,17:30:00,7,90,"acomodo de materiales",turno1,17:30:00,17:45:00,
35025,144,2026-07-09,15:00:00,21:00:00,7,90,"apoyo a la auditoria",turno1,21:00:00,21:15:00,
35025,144,2026-07-10,22:30:00,00:00:00,7,90,"Revision y etiquetado de materiales",turno2,00:00:00,00:15:00,
35025,144,2026-07-11,22:30:00,23:30:00,7,90,"etiquetado de material y entrega de turno",turno2,23:30:00,23:45:00,
56189,160,2026-07-11,22:30:00,00:00:00,7,90,"captura en cardex",turno2,00:00:00,00:15:00,
28128,161,2026-07-08,01:00:00,03:30:00,8,72,"REDUCCIÓN DE HORARIO",,,,
50707,160,2026-07-07,15:00:00,17:00:00,7,90,"Acomodo de materiales",turno1,17:00:00,17:15:00,
50707,160,2026-07-08,15:00:00,17:00:00,7,90,"Acomodo de materiales",turno1,17:00:00,17:15:00,
50707,160,2026-07-09,15:00:00,19:00:00,7,90,"Apoyo en bodega Xhala",turno1,19:00:00,19:15:00,
28128,161,2026-07-09,01:00:00,04:00:00,8,72,"REDUCCIÓN DE HORARIO",,,,
57010,161,2026-07-09,01:00:00,04:00:00,8,76,"REDUCCIÓN DE HORARIO",,,,
57925,161,2026-07-07,01:00:00,06:00:00,8,76,"REDUCCIÓN DE HORARIO",,,,
42100,161,2026-07-08,01:00:00,06:00:00,8,72,"REDUCCIÓN DE HORARIO",,,,
58951,161,2026-07-07,01:00:00,06:00:00,8,73,"REDUCCIÓN DE HORARIO",,,,
57121,161,2026-07-08,01:00:00,04:00:00,8,137,"REDUCCIÓN DE HORARIO",,,,
59168,161,2026-07-08,01:00:00,04:00:00,8,137,"REDUCCIÓN DE HORARIO",,,,
53510,161,2026-07-08,01:00:00,04:00:00,8,73,"REDUCCIÓN DE HORARIO",,,,
58273,161,2026-07-08,01:00:00,04:00:00,8,73,"REDUCCIÓN DE HORARIO",,,,
59705,161,2026-07-07,01:00:00,04:00:00,8,73,"REDUCCIÓN DE HORARIO",,,,
38325,160,2026-07-07,15:00:00,18:00:00,7,90,"Acomodo de materiales",turno1,18:00:00,18:15:00,
59705,161,2026-07-16,01:00:00,04:00:00,8,73,"REDUCCIÓN DE HORARIO",,,,
38325,160,2026-07-08,15:00:00,18:00:00,7,90,"Acomodo de materiales",turno1,18:00:00,18:15:00,
48164,161,2026-07-07,01:00:00,04:00:00,8,73,"REDUCCIÓN DE HORARIO",,,,
38325,160,2026-07-16,15:00:00,18:00:00,7,90,"Acomodo de materiales",turno1,18:00:00,18:15:00,
49210,161,2026-07-09,01:00:00,04:00:00,8,77,"REDUCCIÓN DE HORARIO",,,,
56188,160,2026-07-08,15:00:00,19:00:00,7,90,"Apoyo en bodega Xhala",turno1,19:00:00,19:15:00,
28085,161,2026-07-09,01:00:00,04:00:00,8,74,"REDUCCIÓN DE HORARIO",,,,
56188,160,2026-07-09,15:00:00,19:00:00,7,90,"Apoyo en bodega Xhala",turno1,19:00:00,19:15:00,
56188,160,2026-07-10,15:00:00,16:00:00,7,90,"Acomodo de materiales",turno1,16:00:00,16:15:00,
58087,161,2026-07-09,01:00:00,04:00:00,8,90,"REDUCCIÓN DE HORARIO",,,,
56051,161,2026-07-10,01:00:00,04:00:00,8,75,"REDUCCIÓN DE HORARIO",,,,
44820,161,2026-07-10,01:00:00,04:00:00,8,73,"REDUCCIÓN DE HORARIO",,,,
57577,160,2026-07-09,15:00:00,19:00:00,7,90,"Acomodo de materiales y limpieza",turno1,19:00:00,19:15:00,
48154,161,2026-07-08,01:00:00,04:00:00,8,77,"REDUCCIÓN DE HORARIO",,,,
57927,160,2026-07-09,15:00:00,19:00:00,7,90,"Acomodo de materiales y limpieza",turno1,19:00:00,19:15:00,
58478,161,2026-07-17,01:00:00,04:00:00,8,76,"REDUCCIÓN DE HORARIO",,,,
59579,160,2026-07-09,15:00:00,19:00:00,7,90,"Acomodo de materiales y limpieza",turno1,19:00:00,19:15:00,
58478,161,2026-07-10,01:00:00,04:00:00,8,76,"REDUCCIÓN DE HORARIO",,,,
59355,161,2026-07-10,01:00:00,04:00:00,8,73,"REDUCCIÓN DE HORARIO",,,,
52983,161,2026-07-08,01:00:00,04:00:00,8,77,"REDUCCIÓN DE HORARIO",,,,
51253,160,2026-07-07,15:00:00,19:00:00,7,90,"Acomodo de materiales",turno1,19:00:00,19:15:00,
56311,161,2026-07-10,01:00:00,04:00:00,8,76,"REDUCCIÓN DE HORARIO",,,,
51253,160,2026-07-11,15:00:00,19:00:00,7,90,"Acomodo de materiales",turno1,19:00:00,19:15:00,
32758,161,2026-07-08,01:00:00,04:00:00,8,75,"REDUCCIÓN DE HORARIO",,,,
38315,161,2026-07-08,01:00:00,04:00:00,8,76,"REDUCCIÓN DE HORARIO",,,,
57647,160,2026-07-06,15:00:00,16:00:00,7,90,"Capturar vales y realizar packinlist",turno1,16:00:00,16:15:00,
59701,161,2026-07-08,01:00:00,04:00:00,8,74,"REDUCCIÓN DE HORARIO",,,,
57647,160,2026-07-07,15:00:00,16:00:00,7,90,"Capturar vales y realizar packinlist",turno1,16:00:00,16:15:00,
49042,161,2026-07-11,01:00:00,04:00:00,8,76,"REDUCCIÓN DE HORARIO",,,,
57647,160,2026-07-08,15:00:00,16:00:00,7,90,"Capturar vales y realizar packinlist",turno1,16:00:00,16:15:00,
57655,161,2026-07-10,01:00:00,04:00:00,8,74,"REDUCCIÓN DE HORARIO",,,,
58476,161,2026-07-10,01:00:00,04:00:00,8,90,"REDUCCIÓN DE HORARIO",,,,
57647,160,2026-07-09,15:00:00,19:00:00,7,90,"Acomodar materiales y realizar limpieza",turno1,19:00:00,19:15:00,
59356,161,2026-07-09,01:00:00,04:00:00,8,137,"REDUCCIÓN DE HORARIO",,,,
57647,160,2026-07-11,15:00:00,17:00:00,7,90,"Capturar vales y realizar packinlist",turno1,17:00:00,17:15:00,
58272,161,2026-07-11,01:00:00,04:00:00,8,74,"REDUCCIÓN DE HORARIO",,,,
59357,160,2026-07-07,15:00:00,19:00:00,7,90,"Apoyo en bodega Xhala",turno1,19:00:00,19:15:00,
59357,160,2026-07-09,15:00:00,19:00:00,7,90,"Acomodo de materiales y limpieza",turno1,19:00:00,19:15:00,
40827,160,2026-07-09,15:00:00,16:00:00,7,90,"Acomodo de materiales",turno1,16:00:00,16:15:00,
40827,160,2026-07-10,15:00:00,20:00:00,7,90,"Retiro de produccion de spolers",turno1,20:00:00,20:15:00,
40827,160,2026-07-11,15:00:00,18:00:00,7,90,"Acomodo de materiales",turno1,18:00:00,18:15:00,
27982,160,2026-07-06,15:00:00,19:00:00,7,90,"Apoyo en bodega Xhala",turno1,19:00:00,19:15:00,
27982,160,2026-07-07,15:00:00,17:00:00,7,90,"Apoyo en bodega Xhala",turno1,17:00:00,17:15:00,
27982,160,2026-07-08,15:00:00,17:00:00,7,90,"Apoyo en bodega Xhala",turno1,17:00:00,17:15:00,
38325,160,2026-07-09,15:00:00,18:00:00,7,90,"Acomodo de materiales",turno1,18:00:00,18:15:00,
50707,160,2026-07-06,15:00:00,17:00:00,7,90,"Acomodo de materiales",turno1,17:00:00,17:15:00,
59937,144,2026-07-06,16:30:00,20:00:00,7,90,"Capturar vales en sistema",mixto3,20:00:00,20:15:00,
59937,144,2026-07-07,16:30:00,20:30:00,7,90,"Capturar vales en sistema",mixto3,20:30:00,20:45:00,
59937,144,2026-07-06,17:00:00,20:30:00,7,90,"Capturar vales en sistema",mixto4,20:30:00,20:45:00,
59937,144,2026-07-07,17:00:00,21:30:00,7,90,"Capturar vales en sistema",mixto4,21:30:00,21:45:00,
59937,144,2026-07-08,17:00:00,20:00:00,7,90,"Capturar vales en sistema",mixto4,20:00:00,20:15:00,
59937,144,2026-07-09,17:00:00,18:30:00,7,90,"Capturar vales en sistema",mixto4,18:30:00,18:45:00,
59937,144,2026-07-10,17:00:00,19:00:00,7,90,"Capturar vales en sistema",mixto4,19:00:00,19:15:00,
59936,144,2026-07-06,17:00:00,19:00:00,7,90,"Capturar facturas en sistema",mixto4,19:00:00,19:15:00,
59936,144,2026-07-07,17:00:00,18:30:00,7,90,"Capturar facturas en sistema",mixto4,18:30:00,18:45:00,
59936,144,2026-07-10,17:00:00,19:00:00,7,90,"Capturar facturas en sistema",mixto4,19:00:00,19:15:00,
55504,144,2026-07-11,17:00:00,18:00:00,7,90,"Realizar remisiones de mermas",mixto4,18:00:00,18:15:00,
55504,144,2026-07-11,17:00:00,18:00:00,7,90,"Realizar remisiones en mermas",mixto4,18:00:00,18:15:00,
40827,160,2026-07-10,15:00:00,20:00:00,7,90,reducción,turno1,20:00:00,20:15:00,
48632,164,2026-07-13,17:00:00,20:00:00,7,90,"revisión de secuencia",mixto1,20:00:00,20:15:00,
27927,158,2026-07-10,15:00:00,19:00:00,1,80,VACACIONES,turno1,19:00:00,19:15:00,
27927,158,2026-07-11,15:00:00,19:00:00,1,80,VACACIONES,turno1,19:00:00,19:15:00,
49042,158,2026-07-09,15:00:00,19:00:00,1,76,VACACIONES,turno1,19:00:00,19:15:00,
49042,158,2026-07-10,15:00:00,19:00:00,1,76,VACACIONES,turno1,19:00:00,19:15:00,
57655,158,2026-07-10,15:00:00,19:00:00,1,74,VACACIONES,turno1,19:00:00,19:15:00,
57655,158,2026-07-11,15:00:00,19:00:00,1,74,VACACIONES,turno1,19:00:00,19:15:00,
48154,158,2026-07-09,15:00:00,19:00:00,1,77,VACACIONES,turno1,19:00:00,19:15:00,
48154,158,2026-07-11,15:00:00,19:00:00,1,77,VACACIONES,turno1,19:00:00,19:15:00,
50818,158,2026-07-10,15:00:00,19:00:00,1,90,VACACIONES,turno1,19:00:00,19:15:00,
58087,158,2026-07-10,15:00:00,19:00:00,1,90,VACACIONES,turno1,19:00:00,19:15:00,
58087,158,2026-07-11,15:00:00,19:00:00,1,90,VACACIONES,turno1,19:00:00,19:15:00,
38259,158,2026-07-09,15:00:00,19:00:00,1,76,VACACIONES,turno1,19:00:00,19:15:00,
38259,158,2026-07-10,15:00:00,19:00:00,1,76,VACACIONES,turno1,19:00:00,19:15:00,
55155,158,2026-07-10,15:00:00,19:00:00,1,75,VACACIONES,turno1,19:00:00,19:15:00,
55155,158,2026-07-11,15:00:00,19:00:00,1,75,VACACIONES,turno1,19:00:00,19:15:00,
28085,158,2026-07-10,15:00:00,19:00:00,1,74,VACACIONES,turno1,19:00:00,19:15:00,
28085,158,2026-07-11,15:00:00,19:00:00,1,74,VACACIONES,turno1,19:00:00,19:15:00,
58476,158,2026-07-09,15:00:00,19:00:00,1,90,VACACIONES,turno1,19:00:00,19:15:00,
58476,158,2026-07-11,15:00:00,19:00:00,1,90,VACACIONES,turno1,19:00:00,19:15:00,
49210,158,2026-07-09,15:00:00,19:00:00,1,77,VACACIONES,turno1,19:00:00,19:15:00,
56051,158,2026-07-09,15:00:00,19:00:00,1,75,VACACIONES,turno1,19:00:00,19:15:00,
54124,158,2026-07-09,15:00:00,19:00:00,1,76,VACACIONES,turno1,19:00:00,19:15:00,
59355,158,2026-07-09,15:00:00,19:00:00,1,74,VACACIONES,turno1,19:00:00,19:15:00,
44820,158,2026-07-09,15:00:00,19:00:00,1,74,VACACIONES,turno1,19:00:00,19:15:00,
32758,158,2026-07-09,07:00:00,10:30:00,1,75,VACACIONES,turno3,10:30:00,10:45:00,
59701,158,2026-07-09,07:00:00,10:30:00,1,74,VACACIONES,turno3,10:30:00,10:45:00,
59705,158,2026-07-09,07:00:00,10:30:00,1,73,VACACIONES,turno3,10:30:00,10:45:00,
38315,158,2026-07-09,07:00:00,10:30:00,1,76,VACACIONES,turno3,10:30:00,10:45:00,
59356,158,2026-07-09,07:00:00,10:30:00,1,138,VACACIONES,turno3,10:30:00,10:45:00,
54124,158,2026-07-11,15:00:00,19:00:00,1,76,VACACIONES,turno1,19:00:00,19:15:00,
58272,158,2026-07-11,15:00:00,19:00:00,1,74,VACACIONES,turno1,19:00:00,19:15:00,
41842,166,2026-07-10,15:00:00,19:00:00,7,90,OPERACION,turno1,19:00:00,19:15:00,
41842,166,2026-07-11,15:00:00,16:30:00,7,90,OPERACION,turno1,16:30:00,16:45:00,
56360,166,2026-07-06,07:00:00,08:00:00,7,90,OPERACION,turno3,08:00:00,08:15:00,
56360,166,2026-07-09,07:00:00,08:00:00,7,90,OPERACION,turno3,08:00:00,08:15:00,
30322,166,2026-07-11,15:00:00,19:00:00,7,90,OPERACION,turno1,19:00:00,19:15:00,
32708,166,2026-07-11,19:00:00,22:30:00,7,90,Anticipo,turno3,22:30:00,22:45:00,
46472,166,2026-07-10,08:30:00,15:00:00,7,90,Anticipo,turno2,15:00:00,15:15:00,
46472,166,2026-07-11,07:00:00,15:00:00,10,90,"DESCANSO TRABAJADO",turno1,15:00:00,15:15:00,
46472,166,2026-07-12,15:00:00,19:30:00,7,90,OPERACION,turno1,19:30:00,19:45:00,
33128,166,2026-07-12,19:00:00,22:30:00,7,90,Anticipo,turno3,22:30:00,22:45:00,
51831,166,2026-07-12,18:30:00,22:30:00,7,90,Anticipo,turno3,22:30:00,22:45:00,
28040,168,2026-07-08,01:00:00,04:00:00,8,90,"REDUCCIÓN DE HORARIO",,,,
51828,168,2026-07-08,01:00:00,04:00:00,8,90,"REDUCCIÓN DE HORARIO",,,,
55558,168,2026-07-10,01:00:00,06:00:00,8,90,"REDUCCIÓN DE HORARIO",,,,
28082,179,2026-07-14,16:30:00,18:00:00,7,90,supervision,mixto3,18:00:00,18:15:00,
31774,180,2026-07-13,15:00:00,19:00:00,1,78,VACACIONES,turno1,19:00:00,19:15:00,
31774,180,2026-07-14,15:00:00,19:00:00,1,78,VACACIONES,turno1,19:00:00,19:15:00,
55551,180,2026-07-13,15:00:00,19:00:00,1,76,VACACIONES,turno1,19:00:00,19:15:00,
55551,180,2026-07-15,15:00:00,19:00:00,1,76,VACACIONES,turno1,19:00:00,19:15:00,
56058,180,2026-07-13,07:00:00,10:30:00,1,73,VACACIONES,turno3,10:30:00,10:45:00,
56058,180,2026-07-15,07:00:00,10:30:00,1,73,VACACIONES,turno3,10:30:00,10:45:00,
27870,180,2026-07-13,07:00:00,10:30:00,1,73,VACACIONES,turno3,10:30:00,10:45:00,
27870,180,2026-07-14,07:00:00,10:30:00,1,73,VACACIONES,turno3,10:30:00,10:45:00,
44670,180,2026-07-13,07:00:00,10:30:00,1,72,VACACIONES,turno3,10:30:00,10:45:00,
44670,180,2026-07-14,07:00:00,10:30:00,1,72,VACACIONES,turno3,10:30:00,10:45:00,
55155,180,2026-07-13,07:00:00,10:30:00,1,75,VACACIONES,turno3,10:30:00,10:45:00,
55155,180,2026-07-14,07:00:00,10:30:00,1,75,VACACIONES,turno3,10:30:00,10:45:00,
42015,180,2026-07-13,07:00:00,10:30:00,1,72,VACACIONES,turno3,10:30:00,10:45:00,
42015,180,2026-07-14,07:00:00,10:30:00,1,72,VACACIONES,turno3,10:30:00,10:45:00,
59168,180,2026-07-13,07:00:00,10:30:00,1,137,VACACIONES,turno3,10:30:00,10:45:00,
59168,180,2026-07-14,07:00:00,10:30:00,1,137,VACACIONES,turno3,10:30:00,10:45:00,
49210,180,2026-07-13,07:00:00,10:30:00,1,77,VACACIONES,turno3,10:30:00,10:45:00,
54124,180,2026-07-13,07:00:00,10:30:00,1,76,VACACIONES,turno3,10:30:00,10:45:00,
54124,180,2026-07-14,07:00:00,10:30:00,1,76,VACACIONES,turno3,10:30:00,10:45:00,
42023,180,2026-07-13,07:00:00,10:30:00,1,90,VACACIONES,turno3,10:30:00,10:45:00,
34095,180,2026-07-14,15:00:00,19:00:00,1,78,VACACIONES,turno1,19:00:00,19:15:00,
34095,180,2026-07-15,15:00:00,19:00:00,1,78,VACACIONES,turno1,19:00:00,19:15:00,
28097,180,2026-07-14,15:00:00,19:00:00,1,80,VACACIONES,turno1,19:00:00,19:15:00,
28097,180,2026-07-15,15:00:00,19:00:00,1,80,VACACIONES,turno1,19:00:00,19:15:00,
27671,180,2026-07-14,15:00:00,19:00:00,1,75,VACACIONES,turno1,19:00:00,19:15:00,
28273,180,2026-07-14,15:00:00,19:00:00,1,75,VACACIONES,turno1,19:00:00,19:15:00,
28002,180,2026-07-14,15:00:00,19:00:00,1,72,VACACIONES,turno1,19:00:00,19:15:00,
58475,180,2026-07-14,15:00:00,19:00:00,1,73,VACACIONES,turno1,19:00:00,19:15:00,
48154,180,2026-07-14,15:00:00,19:00:00,1,77,VACACIONES,turno1,19:00:00,19:15:00,
58955,180,2026-07-14,15:00:00,19:00:00,1,137,VACACIONES,turno1,19:00:00,19:15:00,
58955,180,2026-07-15,15:00:00,19:00:00,1,137,VACACIONES,turno1,19:00:00,19:15:00,
56727,180,2026-07-14,07:00:00,10:30:00,1,73,VACACIONES,turno3,10:30:00,10:45:00,
56727,180,2026-07-15,07:00:00,10:30:00,1,73,VACACIONES,turno3,10:30:00,10:45:00,
32758,180,2026-07-15,15:00:00,19:00:00,1,75,VACACIONES,turno1,19:00:00,19:15:00,
58951,180,2026-07-15,15:00:00,19:00:00,1,73,VACACIONES,turno1,19:00:00,19:15:00,
59705,180,2026-07-15,15:00:00,19:00:00,1,73,VACACIONES,turno1,19:00:00,19:15:00,
58950,180,2026-07-15,15:00:00,19:00:00,1,74,VACACIONES,turno1,19:00:00,19:15:00,
42100,180,2026-07-15,15:00:00,19:00:00,1,72,VACACIONES,turno1,19:00:00,19:15:00,
38259,180,2026-07-15,15:00:00,19:00:00,1,76,VACACIONES,turno1,19:00:00,19:15:00,
52667,180,2026-07-15,15:00:00,19:00:00,1,90,VACACIONES,turno1,19:00:00,19:15:00,
49436,180,2026-07-15,15:00:00,19:00:00,1,90,VACACIONES,turno1,19:00:00,19:15:00,
59356,180,2026-07-15,15:00:00,19:00:00,1,137,VACACIONES,turno1,19:00:00,19:15:00,
42011,180,2026-07-15,15:00:00,19:00:00,1,137,VACACIONES,turno1,19:00:00,19:15:00,
27927,180,2026-07-15,07:00:00,10:30:00,1,80,VACACIONES,turno3,10:30:00,10:45:00,
56051,180,2026-07-15,07:00:00,10:30:00,1,75,VACACIONES,turno3,10:30:00,10:45:00,
36660,180,2026-07-15,07:00:00,10:30:00,1,72,VACACIONES,turno3,10:30:00,10:45:00,
53047,180,2026-07-15,07:00:00,10:30:00,1,73,VACACIONES,turno3,10:30:00,10:45:00,
59703,180,2026-07-15,07:00:00,10:30:00,1,73,VACACIONES,turno3,10:30:00,10:45:00,
59355,180,2026-07-15,07:00:00,10:30:00,1,73,VACACIONES,turno3,10:30:00,10:45:00,
59702,180,2026-07-15,07:00:00,10:30:00,1,137,VACACIONES,turno3,10:30:00,10:45:00,
57121,180,2026-07-15,07:00:00,10:30:00,1,137,VACACIONES,turno3,10:30:00,10:45:00,
60565,180,2026-07-15,07:00:00,10:30:00,1,90,VACACIONES,turno3,10:30:00,10:45:00,
28175,181,2026-07-14,15:00:00,21:00:00,7,90,OPERACION,turno1,21:00:00,21:15:00,
52984,182,2026-07-13,15:00:00,19:00:00,1,81,VACACIONES,turno1,19:00:00,19:15:00,
32851,182,2026-07-14,15:00:00,17:00:00,1,81,VACACIONES,turno1,17:00:00,17:15:00,
46901,182,2026-07-15,10:30:00,22:30:00,1,82,VACACIONES,turno3,22:30:00,22:45:00,
48632,184,2026-07-16,17:00:00,19:00:00,7,90,02:00,mixto1,19:00:00,19:15:00,
53047,185,2026-07-16,07:00:00,10:30:00,1,73,VACACIONES,turno3,10:30:00,10:45:00,
56727,185,2026-07-16,07:00:00,10:30:00,1,73,VACACIONES,turno3,10:30:00,10:45:00,
49693,185,2026-07-16,07:00:00,10:30:00,1,74,VACACIONES,turno3,10:30:00,10:45:00,
59703,185,2026-07-16,07:00:00,10:30:00,1,73,VACACIONES,turno3,10:30:00,10:45:00,
59355,185,2026-07-16,07:00:00,10:30:00,1,74,VACACIONES,turno3,10:30:00,10:45:00,
32772,185,2026-07-16,07:00:00,10:30:00,1,78,VACACIONES,turno3,10:30:00,10:45:00,
27927,185,2026-07-16,07:00:00,10:30:00,1,80,VACACIONES,turno3,10:30:00,10:45:00,
56051,185,2026-07-16,07:00:00,10:30:00,1,75,VACACIONES,turno3,10:30:00,10:45:00,
36660,185,2026-07-16,07:00:00,10:30:00,1,72,VACACIONES,turno3,10:30:00,10:45:00,
44820,185,2026-07-16,07:00:00,10:30:00,1,74,VACACIONES,turno3,10:30:00,10:45:00,
59702,185,2026-07-16,07:00:00,10:30:00,1,77,VACACIONES,turno3,10:30:00,10:45:00,
57121,185,2026-07-16,07:00:00,10:30:00,1,137,VACACIONES,turno3,10:30:00,10:45:00,
60565,185,2026-07-16,07:00:00,10:30:00,1,90,VACACIONES,turno3,10:30:00,10:45:00,
60023,185,2026-07-16,07:00:00,10:30:00,1,90,VACACIONES,turno3,10:30:00,10:45:00,
49210,185,2026-07-16,07:00:00,10:30:00,1,77,VACACIONES,turno3,10:30:00,10:45:00,
58087,185,2026-07-16,07:00:00,10:30:00,1,90,VACACIONES,turno3,10:30:00,10:45:00,
46901,186,2026-07-16,07:00:00,10:30:00,1,82,VACACIONES,turno3,10:30:00,10:45:00,
27866,187,2026-07-13,15:00:00,17:00:00,7,90,"Apoyo en mermas",turno1,17:00:00,17:15:00,
27866,187,2026-07-15,15:00:00,19:00:00,7,90,"Apoyo en mermas",turno1,19:00:00,19:15:00,
27866,187,2026-07-16,15:00:00,18:00:00,7,90,"Apoyo en mermas",turno1,18:00:00,18:15:00,
49821,187,2026-07-13,15:00:00,17:00:00,7,90,"Apoyo en mermas",turno1,17:00:00,17:15:00,
49821,187,2026-07-15,15:00:00,19:00:00,7,90,"Apoyo en mermas",turno1,19:00:00,19:15:00,
49821,187,2026-07-17,15:00:00,18:00:00,7,90,"Apoyo en mermas",turno1,18:00:00,18:15:00,
52390,187,2026-07-13,15:00:00,17:30:00,7,90,"Apoyo cargas de material",turno1,17:30:00,17:45:00,
52390,187,2026-07-15,15:00:00,19:00:00,7,90,"Apoyo cargas de material",turno1,19:00:00,19:15:00,
52390,187,2026-07-17,15:00:00,16:30:00,7,90,"Apoyo cargas de material",turno1,16:30:00,16:45:00,
27777,188,2026-07-14,18:30:00,19:30:00,7,90,"Apoyo en mermas",mixto2,19:30:00,19:45:00,
27777,188,2026-07-15,18:30:00,20:30:00,7,90,"Apoyo en mermas",mixto2,20:30:00,20:45:00,
51831,189,2026-07-13,07:00:00,08:30:00,7,90,operacion,turno3,08:30:00,08:45:00,
51831,189,2026-07-14,07:00:00,08:30:00,7,90,operacion,turno3,08:30:00,08:45:00,
51831,189,2026-07-15,07:00:00,08:30:00,7,90,operacion,turno3,08:30:00,08:45:00,
51831,189,2026-07-16,07:00:00,08:00:00,7,90,operacion,turno3,08:00:00,08:15:00,
46472,189,2026-07-13,15:00:00,16:30:00,7,90,operacion,turno1,16:30:00,16:45:00,
46472,189,2026-07-14,15:00:00,17:30:00,7,90,operacion,turno1,17:30:00,17:45:00,
46472,189,2026-07-15,15:00:00,18:30:00,7,90,operacion,turno1,18:30:00,18:45:00,
27808,190,2026-07-17,10:30:00,22:30:00,1,97,VACACIONES,turno3,22:30:00,22:45:00,
27860,191,2026-07-17,15:00:00,16:00:00,1,70,VACACIONES,turno1,16:00:00,16:15:00,
46473,191,2026-07-17,07:00:00,09:30:00,7,90,SUPERVISION,turno3,09:30:00,09:45:00,
57137,192,2026-07-18,07:00:00,15:00:00,10,90,"DESCANSO TRABAJADO",turno1,15:00:00,15:15:00,
42023,185,2026-07-16,15:00:00,19:00:00,1,90,VACACIONES,turno1,19:00:00,19:15:00,
50874,185,2026-07-16,15:00:00,19:00:00,1,77,VACACIONES,turno1,19:00:00,19:15:00,
50874,185,2026-07-17,15:00:00,19:00:00,1,77,VACACIONES,turno1,19:00:00,19:15:00,
34095,185,2026-07-16,15:00:00,19:00:00,1,78,VACACIONES,turno1,19:00:00,19:15:00,
52667,185,2026-07-16,15:00:00,19:00:00,1,90,VACACIONES,turno1,19:00:00,19:15:00,
30115,185,2026-07-16,15:00:00,19:00:00,1,80,VACACIONES,turno1,19:00:00,19:15:00,
59356,185,2026-07-16,15:00:00,19:00:00,1,137,VACACIONES,turno1,19:00:00,19:15:00,
59356,185,2026-07-17,15:00:00,19:00:00,1,137,VACACIONES,turno1,19:00:00,19:15:00,
28097,185,2026-07-16,15:00:00,19:00:00,1,80,VACACIONES,turno1,19:00:00,19:15:00,
32758,185,2026-07-16,15:00:00,19:00:00,1,75,VACACIONES,turno1,19:00:00,19:15:00,
32758,185,2026-07-17,15:00:00,19:00:00,1,75,VACACIONES,turno1,19:00:00,19:15:00,
58951,185,2026-07-16,15:00:00,19:00:00,1,73,VACACIONES,turno1,19:00:00,19:15:00,
59355,185,2026-07-18,07:00:00,10:30:00,1,76,VACACIONES,turno3,10:30:00,10:45:00,
27844,185,2026-07-16,15:00:00,19:00:00,1,75,VACACIONES,turno1,19:00:00,19:15:00,
27844,185,2026-07-17,15:00:00,19:00:00,1,75,VACACIONES,turno1,19:00:00,19:15:00,
54000,185,2026-07-16,15:00:00,19:00:00,1,75,VACACIONES,turno1,19:00:00,19:15:00,
59705,185,2026-07-16,15:00:00,19:00:00,1,73,VACACIONES,turno1,19:00:00,19:15:00,
58475,185,2026-07-16,15:00:00,19:00:00,1,73,VACACIONES,turno1,19:00:00,19:15:00,
58475,185,2026-07-17,15:00:00,19:00:00,1,73,VACACIONES,turno1,19:00:00,19:15:00,
49436,185,2026-07-16,15:00:00,19:00:00,1,90,VACACIONES,turno1,19:00:00,19:15:00,
49436,185,2026-07-17,15:00:00,19:00:00,1,90,VACACIONES,turno1,19:00:00,19:15:00,
55551,185,2026-07-16,15:00:00,19:00:00,1,73,VACACIONES,turno1,19:00:00,19:15:00,
55551,185,2026-07-16,15:00:00,19:00:00,1,73,VACACIONES,turno1,19:00:00,19:15:00,
58476,185,2026-07-17,07:00:00,10:30:00,1,90,VACACIONES,turno3,10:30:00,10:45:00,
58476,185,2026-07-18,07:00:00,10:30:00,1,90,VACACIONES,turno3,10:30:00,10:45:00,
44820,185,2026-07-17,07:00:00,10:30:00,1,73,VACACIONES,turno3,10:30:00,10:45:00,
49693,185,2026-07-17,07:00:00,10:30:00,1,73,VACACIONES,turno3,10:30:00,10:45:00,
55152,185,2026-07-17,07:00:00,10:30:00,1,74,VACACIONES,turno3,10:30:00,10:45:00,
55152,185,2026-07-18,07:00:00,10:30:00,1,74,VACACIONES,turno3,10:30:00,10:45:00,
46251,185,2026-07-17,07:00:00,10:30:00,1,75,VACACIONES,turno3,10:30:00,10:45:00,
32772,185,2026-07-17,07:00:00,10:30:00,1,78,VACACIONES,turno3,10:30:00,10:45:00,
28128,185,2026-07-17,07:00:00,10:30:00,1,72,VACACIONES,turno3,10:30:00,10:45:00,
28128,185,2026-07-18,07:00:00,10:30:00,1,72,VACACIONES,turno3,10:30:00,10:45:00,
30805,185,2026-07-17,07:00:00,10:30:00,1,80,VACACIONES,turno3,10:30:00,10:45:00,
30805,185,2026-07-18,07:00:00,10:30:00,1,80,VACACIONES,turno3,10:30:00,10:45:00,
59701,185,2026-07-17,15:00:00,19:00:00,1,74,VACACIONES,turno1,19:00:00,19:15:00,
42011,185,2026-07-16,15:00:00,19:00:00,1,137,VACACIONES,turno1,19:00:00,19:15:00,
42011,185,2026-07-17,15:00:00,19:00:00,1,137,VACACIONES,turno1,19:00:00,19:15:00,
28002,185,2026-07-17,15:00:00,19:00:00,1,72,VACACIONES,turno1,19:00:00,19:15:00,
28085,185,2026-07-17,07:00:00,10:30:00,1,74,VACACIONES,turno3,10:30:00,10:45:00,
28179,185,2026-07-18,07:00:00,10:30:00,1,78,VACACIONES,turno3,10:30:00,10:45:00,
58084,185,2026-07-19,15:00:00,19:00:00,1,76,VACACIONES,turno1,19:00:00,19:15:00,
35152,185,2026-07-19,15:00:00,19:00:00,1,74,VACACIONES,turno1,19:00:00,19:15:00,
27808,190,2026-07-19,15:00:00,19:00:00,1,97,VACACIONES,turno1,19:00:00,19:15:00,
27900,190,2026-07-14,17:00:00,20:00:00,3,97,"ARRANQUE DE MAQUINA",mixto1,20:00:00,20:15:00,
27900,190,2026-07-15,17:00:00,19:00:00,3,97,"ARRANQUE DE MAQUINA",mixto1,19:00:00,19:15:00,
27900,190,2026-07-16,17:00:00,18:00:00,3,97,"ARRANQUE DE MAQUINA",mixto1,18:00:00,18:15:00,
27900,190,2026-07-17,17:00:00,18:00:00,3,97,"ARRANQUE DE MAQUINA",mixto1,18:00:00,18:15:00,
27900,190,2026-07-18,17:00:00,18:00:00,3,97,"ARRANQUE DE MAQUINA",mixto1,18:00:00,18:15:00,
27633,190,2026-07-17,15:00:00,19:00:00,1,97,VACACIONES,turno1,19:00:00,19:15:00,
27633,190,2026-07-18,15:00:00,19:00:00,1,97,VACACIONES,turno1,19:00:00,19:15:00,
27791,190,2026-07-18,07:00:00,10:30:00,1,97,VACACIONES,turno3,10:30:00,10:45:00,
57118,191,2026-07-13,17:00:00,19:00:00,6,90,JUNTAS,mixto1,19:00:00,19:15:00,
57118,191,2026-07-21,17:00:00,18:00:00,6,90,JUNTAS,mixto1,18:00:00,18:15:00,
57118,191,2026-07-17,17:00:00,18:30:00,6,90,JUNTAS,mixto1,18:30:00,18:45:00,
27583,191,2026-07-13,17:00:00,19:30:00,3,76,"ARRANQUE DE MAQUINA",mixto1,19:30:00,19:45:00,
27583,191,2026-07-14,17:00:00,19:30:00,3,76,"ARRANQUE DE MAQUINA",mixto1,19:30:00,19:45:00,
27583,191,2026-07-15,17:00:00,18:00:00,3,76,"ARRANQUE DE MAQUINA",mixto1,18:00:00,18:15:00,
27583,191,2026-07-16,17:00:00,18:30:00,3,76,"ARRANQUE DE MAQUINA",mixto1,18:30:00,18:45:00,
27583,191,2026-07-17,17:00:00,18:00:00,3,76,"ARRANQUE DE MAQUINA",mixto1,18:00:00,18:15:00,
27659,191,2026-07-13,17:00:00,18:00:00,3,137,"ARRANQUE DE MAQUINA",mixto1,18:00:00,18:15:00,
27659,191,2026-07-14,07:00:00,08:00:00,3,137,"ARRANQUE DE MAQUINA",turno3,08:00:00,08:15:00,
27659,191,2026-07-15,17:00:00,18:00:00,1,137,VACACIONES,mixto1,18:00:00,18:15:00,
27659,191,2026-07-16,17:00:00,19:00:00,3,137,"ARRANQUE DE MAQUINA",mixto1,19:00:00,19:15:00,
27659,191,2026-07-17,17:00:00,17:30:00,3,137,"ARRANQUE DE MAQUINA",mixto1,17:30:00,17:45:00,
43125,191,2026-07-18,15:00:00,19:00:00,1,77,VACACIONES,turno1,19:00:00,19:15:00,
27451,191,2026-07-18,15:00:00,19:00:00,1,73,VACACIONES,turno1,19:00:00,19:15:00,
27451,191,2026-07-19,15:00:00,19:00:00,1,73,VACACIONES,turno1,19:00:00,19:15:00,
27861,191,2026-07-18,07:00:00,10:30:00,1,74,VACACIONES,turno3,10:30:00,10:45:00,
27992,191,2026-07-18,07:00:00,10:30:00,1,77,VACACIONES,turno3,10:30:00,10:45:00,
27865,191,2026-07-19,15:00:00,19:00:00,1,90,VACACIONES,turno1,19:00:00,19:15:00,
46251,191,2026-07-19,07:00:00,10:30:00,1,75,VACACIONES,turno3,10:30:00,10:45:00,
50157,193,2026-07-16,07:00:00,10:30:00,1,90,VACACIONES,turno3,10:30:00,10:45:00,
41117,185,2026-07-19,07:00:00,10:30:00,1,74,VACACIONES,turno3,10:30:00,10:45:00,
46251,185,2026-07-19,07:00:00,10:30:00,1,75,VACACIONES,turno3,10:30:00,10:45:00,
28085,185,2026-07-19,07:00:00,10:30:00,1,73,VACACIONES,turno3,10:30:00,10:45:00,
46473,191,2026-07-19,07:00:00,10:30:00,1,90,VACACIONES,turno3,10:30:00,10:45:00,
27861,191,2026-07-19,07:00:00,10:30:00,1,74,VACACIONES,turno3,10:30:00,10:45:00,
27791,190,2026-07-19,07:00:00,10:30:00,1,97,VACACIONES,turno3,10:30:00,10:45:00,
46473,191,2026-07-18,07:00:00,10:30:00,1,90,VACACIONES,turno3,10:30:00,10:45:00,
60027,194,2026-07-13,15:00:00,19:30:00,7,90,"Cubrir Montacarguista",turno1,19:30:00,19:45:00,
60027,194,2026-07-14,15:00:00,19:30:00,7,90,"Cubrir Montacarguista",turno1,19:30:00,19:45:00,
59552,194,2026-07-13,15:00:00,19:30:00,7,90,"Cubrir Montacarguista",turno1,19:30:00,19:45:00,
59552,194,2026-07-14,15:00:00,18:30:00,7,90,Devoluciones,turno1,18:30:00,18:45:00,
56189,194,2026-07-14,22:30:00,23:30:00,7,90,Devoluciones,turno2,23:30:00,23:45:00,
56189,194,2026-07-16,15:00:00,19:00:00,7,90,"Cubrir Montacarguista",turno1,19:00:00,19:15:00,
56189,194,2026-07-17,15:00:00,19:00:00,7,90,"Cubrir Montacarguista",turno1,19:00:00,19:15:00,
40827,194,2026-07-16,15:00:00,20:00:00,7,90,"Cubrir Montacarguista",turno1,20:00:00,20:15:00,
40827,194,2026-07-17,15:00:00,18:00:00,7,90,"Cubrir Montacarguista",turno1,18:00:00,18:15:00,
50707,194,2026-07-14,15:00:00,19:00:00,7,90,"Cubrir Montacarguista",turno1,19:00:00,19:15:00,
50707,194,2026-07-15,15:00:00,19:00:00,7,90,"Cubrir Montacarguista",turno1,19:00:00,19:15:00,
50707,194,2026-07-16,15:00:00,16:00:00,7,90,"Cubrir Montacarguista",turno1,16:00:00,16:15:00,
38325,194,2026-07-15,15:00:00,19:00:00,7,90,"Cubrir Montacarguista",turno1,19:00:00,19:15:00,
38325,194,2026-07-16,15:00:00,18:00:00,7,90,"Cubrir Montacarguista",turno1,18:00:00,18:15:00,
38325,194,2026-07-17,15:00:00,17:00:00,7,90,Devoluciones,turno1,17:00:00,17:15:00,
59694,194,2026-07-17,15:00:00,20:00:00,7,90,"Cubrir Montacarguista",turno1,20:00:00,20:15:00,
60501,194,2026-07-19,01:00:00,04:00:00,8,90,"REDUCCIÓN DE HORARIO",turno1,18:00:00,18:15:00,
27982,194,2026-07-13,15:00:00,18:30:00,7,90,"Cubrir Montacarguista",turno1,18:30:00,18:45:00,
27982,194,2026-07-14,15:00:00,19:00:00,7,90,"Cubrir Montacarguista",turno1,19:00:00,19:15:00,
57647,194,2026-07-14,07:00:00,08:00:00,7,90,"Trabajos Extraordinarios",turno3,08:00:00,08:15:00,
59937,195,2026-07-13,17:00:00,19:00:00,7,90,"Trabajos Extraordinarios",mixto4,19:00:00,19:15:00,
59609,195,2026-07-13,15:00:00,16:00:00,7,90,"Trabajos Extraordinarios",turno1,16:00:00,16:15:00,
59936,195,2026-07-13,17:00:00,18:30:00,7,90,"Trabajos Extraordinarios",mixto4,18:30:00,18:45:00,
59936,195,2026-07-14,17:00:00,18:00:00,7,90,"Trabajos Extraordinarios",mixto4,18:00:00,18:15:00,
59936,195,2026-07-15,17:00:00,20:30:00,7,90,"Trabajos Extraordinarios",mixto4,20:30:00,20:45:00,
59936,195,2026-07-16,17:00:00,21:00:00,7,90,"Trabajos Extraordinarios",mixto4,21:00:00,21:15:00,
59936,195,2026-07-17,17:00:00,18:00:00,7,90,"Trabajos Extraordinarios",mixto4,18:00:00,18:15:00,
35025,195,2026-07-14,15:00:00,16:00:00,7,90,"Trabajos Extraordinarios",turno1,16:00:00,16:15:00,
32660,195,2026-07-14,07:00:00,08:00:00,7,90,"Trabajos Extraordinarios",turno3,08:00:00,08:15:00,
32660,195,2026-07-15,07:00:00,08:30:00,7,90,"Trabajos Extraordinarios",turno3,08:30:00,08:45:00,
35025,195,2026-07-19,15:00:00,16:00:00,7,90,"Trabajos Extraordinarios",turno1,16:00:00,16:15:00,
51831,189,2026-07-17,07:00:00,08:00:00,7,90,operacion,turno3,08:00:00,08:15:00,
46472,189,2026-07-16,15:00:00,17:30:00,7,90,operacion,turno1,17:30:00,17:45:00,
46472,189,2026-07-17,15:00:00,17:30:00,7,90,operacion,turno1,17:30:00,17:45:00,
46472,189,2026-07-18,15:00:00,19:00:00,7,90,operacion,turno1,19:00:00,19:15:00,
30322,189,2026-07-18,15:00:00,19:00:00,7,90,operacion,turno1,19:00:00,19:15:00,
51463,189,2026-07-13,18:30:00,19:30:00,7,90,operacion,mixto2,19:30:00,19:45:00,
51463,189,2026-07-14,18:30:00,20:00:00,7,90,operacion,mixto2,20:00:00,20:15:00,
51463,189,2026-07-15,18:30:00,19:30:00,7,90,operacion,mixto2,19:30:00,19:45:00,
59937,195,2026-07-14,17:00:00,18:00:00,7,90,consumos,mixto4,18:00:00,18:15:00,
51463,189,2026-07-16,18:30:00,19:30:00,7,90,operacion,mixto2,19:30:00,19:45:00,
59937,195,2026-07-15,17:00:00,18:00:00,7,90,consumos,mixto4,18:00:00,18:15:00,
59937,195,2026-07-16,17:00:00,18:00:00,7,90,consumos,mixto4,18:00:00,18:15:00,
51463,189,2026-07-18,08:30:00,18:30:00,10,90,"DESCANSO TRABAJADO",mixto2,18:30:00,18:45:00,
59937,195,2026-07-17,17:00:00,18:00:00,7,90,"capacitación y consumos",mixto4,18:00:00,18:15:00,
56360,189,2026-07-19,15:00:00,19:00:00,7,90,operacion,turno1,19:00:00,19:15:00,
32708,189,2026-07-19,15:00:00,19:00:00,7,90,operacion,turno1,19:00:00,19:15:00,
41842,189,2026-07-15,15:00:00,19:00:00,7,90,operacion,turno1,19:00:00,19:15:00,
41842,189,2026-07-17,15:00:00,16:00:00,7,90,operacion,turno1,16:00:00,16:15:00,
41842,189,2026-07-18,22:30:00,07:00:00,10,90,"DESCANSO TRABAJADO",turno3,07:00:00,07:15:00,
41842,189,2026-07-19,21:30:00,22:30:00,7,90,Anticipo,turno3,22:30:00,22:45:00,
33128,189,2026-07-18,19:00:00,22:30:00,7,90,Anticipo,turno3,22:30:00,22:45:00,
41842,189,2026-07-14,15:00:00,19:00:00,7,90,operacion,turno1,19:00:00,19:15:00,
59552,197,2026-07-14,15:00:00,18:30:00,7,90,"Apoyo a la operación",turno1,18:30:00,18:45:00,
46901,198,2026-07-17,01:00:00,06:00:00,8,82,"REDUCCIÓN DE HORARIO",,,,
30115,199,2026-07-15,15:00:00,19:00:00,1,80,VACACIONES,turno1,19:00:00,19:15:00,
42100,199,2026-07-16,07:00:00,10:30:00,1,72,VACACIONES,turno3,10:30:00,10:45:00,
58950,199,2026-07-16,15:00:00,19:00:00,1,74,VACACIONES,turno1,19:00:00,19:15:00,
35658,200,2026-07-15,15:00:00,19:00:00,1,90,VACACIONES,turno1,19:00:00,19:15:00,
35658,200,2026-07-14,15:00:00,19:00:00,1,90,VACACIONES,turno1,19:00:00,19:15:00,
35658,200,2026-07-13,15:00:00,19:00:00,1,90,VACACIONES,turno1,19:00:00,19:15:00,
50157,200,2026-07-15,15:00:00,19:00:00,1,90,VACACIONES,turno1,19:00:00,19:15:00,
27927,201,2026-07-15,01:00:00,04:00:00,8,80,"REDUCCIÓN DE HORARIO",,,,
28085,201,2026-07-17,01:00:00,04:00:00,8,74,"REDUCCIÓN DE HORARIO",,,,
28128,201,2026-07-17,01:00:00,04:00:00,8,72,"REDUCCIÓN DE HORARIO",,,,
28179,201,2026-07-18,01:00:00,04:00:00,8,78,"REDUCCIÓN DE HORARIO",,,,
30115,201,2026-07-15,01:00:00,04:00:00,8,80,"REDUCCIÓN DE HORARIO",,,,
30805,201,2026-07-17,01:00:00,04:00:00,8,69,"REDUCCIÓN DE HORARIO",,,,
32772,201,2026-07-18,01:00:00,06:00:00,8,75,"REDUCCIÓN DE HORARIO",,,,
36660,201,2026-07-15,01:00:00,04:00:00,8,72,"REDUCCIÓN DE HORARIO",,,,
44820,201,2026-07-16,01:00:00,04:00:00,8,73,"REDUCCIÓN DE HORARIO",,,,
46251,201,2026-07-17,01:00:00,04:00:00,8,75,"REDUCCIÓN DE HORARIO",,,,
49210,201,2026-07-13,01:00:00,04:00:00,8,74,"REDUCCIÓN DE HORARIO",,,,
49693,201,2026-07-16,01:00:00,04:00:00,8,73,"REDUCCIÓN DE HORARIO",,,,
50874,201,2026-07-16,01:00:00,04:00:00,8,77,"REDUCCIÓN DE HORARIO",,,,
52667,201,2026-07-13,01:00:00,06:00:00,8,90,"REDUCCIÓN DE HORARIO",,,,
53047,201,2026-07-15,01:00:00,04:00:00,8,73,"REDUCCIÓN DE HORARIO",,,,
56051,201,2026-07-15,01:00:00,04:00:00,8,75,"REDUCCIÓN DE HORARIO",,,,
56058,201,2026-07-16,01:00:00,06:00:00,8,73,"REDUCCIÓN DE HORARIO",,,,
57121,201,2026-07-15,01:00:00,04:00:00,8,137,"REDUCCIÓN DE HORARIO",,,,
58087,201,2026-07-16,01:00:00,04:00:00,8,90,"REDUCCIÓN DE HORARIO",,,,
58272,201,2026-07-13,01:00:00,06:00:00,8,74,"REDUCCIÓN DE HORARIO",,,,
59355,201,2026-07-15,01:00:00,04:00:00,8,73,"REDUCCIÓN DE HORARIO",,,,
59702,201,2026-07-15,01:00:00,04:00:00,8,137,"REDUCCIÓN DE HORARIO",,,,
59703,201,2026-07-15,01:00:00,04:00:00,8,73,"REDUCCIÓN DE HORARIO",,,,
59703,201,2026-07-17,01:00:00,06:00:00,8,73,"REDUCCIÓN DE HORARIO",,,,
60023,201,2026-07-16,01:00:00,04:00:00,8,90,"REDUCCIÓN DE HORARIO",,,,
60565,201,2026-07-15,01:00:00,04:00:00,8,90,"REDUCCIÓN DE HORARIO",,,,
30805,202,2026-07-20,07:00:00,10:30:00,1,69,VACACIONES,turno3,10:30:00,10:45:00,
32758,202,2026-07-20,15:00:00,19:00:00,1,75,VACACIONES,turno1,19:00:00,19:15:00,
46251,202,2026-07-20,07:00:00,10:30:00,1,75,VACACIONES,turno3,10:30:00,10:45:00,
28128,202,2026-07-20,15:00:00,19:00:00,1,72,VACACIONES,turno1,19:00:00,19:15:00,
57925,202,2026-07-20,07:00:00,10:30:00,1,76,VACACIONES,turno3,10:30:00,10:45:00,
56727,202,2026-07-20,15:00:00,19:00:00,1,73,VACACIONES,turno1,19:00:00,19:15:00,
38315,202,2026-07-20,15:00:00,19:00:00,1,76,VACACIONES,turno1,19:00:00,19:15:00,
51318,202,2026-07-20,15:00:00,19:00:00,1,76,VACACIONES,turno1,19:00:00,19:15:00,
28085,202,2026-07-20,07:00:00,10:30:00,1,73,VACACIONES,turno3,10:30:00,10:45:00,
41117,202,2026-07-20,07:00:00,10:30:00,1,74,VACACIONES,turno3,10:30:00,10:45:00,
35152,202,2026-07-20,15:00:00,19:00:00,1,74,VACACIONES,turno1,19:00:00,19:15:00,
57510,202,2026-07-20,15:00:00,19:00:00,1,74,VACACIONES,turno1,19:00:00,19:15:00,
57655,202,2026-07-20,15:00:00,19:00:00,1,74,VACACIONES,turno1,19:00:00,19:15:00,
50874,202,2026-07-20,15:00:00,19:00:00,1,77,VACACIONES,turno1,19:00:00,19:15:00,
59356,202,2026-07-20,15:00:00,19:00:00,1,137,VACACIONES,turno1,19:00:00,19:15:00,
42011,202,2026-07-20,15:00:00,19:00:00,1,137,VACACIONES,turno1,19:00:00,19:15:00,
60023,202,2026-07-20,07:00:00,10:30:00,1,90,VACACIONES,turno3,10:30:00,10:45:00,
52667,202,2026-07-20,15:00:00,19:00:00,1,90,VACACIONES,turno1,19:00:00,19:15:00,
49436,202,2026-07-20,15:00:00,19:00:00,1,90,VACACIONES,turno1,19:00:00,19:15:00,
60803,202,2026-07-20,15:00:00,19:00:00,1,90,VACACIONES,turno1,19:00:00,19:15:00,
58476,202,2026-07-20,07:00:00,10:30:00,1,73,VACACIONES,turno3,10:30:00,10:45:00,
42023,202,2026-07-20,07:00:00,10:30:00,1,90,VACACIONES,turno3,10:30:00,10:45:00,
52670,203,2026-07-20,07:00:00,10:30:00,1,82,VACACIONES,turno3,10:30:00,10:45:00,
33199,203,2026-07-20,15:00:00,19:00:00,1,81,VACACIONES,turno1,19:00:00,19:15:00,
60165,203,2026-07-20,07:00:00,10:30:00,1,82,VACACIONES,turno3,10:30:00,10:45:00,
60500,203,2026-07-20,07:00:00,10:30:00,1,97,VACACIONES,turno3,10:30:00,10:45:00,
27808,204,2026-07-20,15:00:00,19:00:00,1,97,VACACIONES,turno1,19:00:00,19:15:00,
27791,204,2026-07-20,07:00:00,10:30:00,1,97,VACACIONES,turno3,10:30:00,10:45:00,
27717,205,2026-07-20,15:00:00,19:00:00,1,72,VACACIONES,turno1,19:00:00,19:15:00,
49041,205,2026-07-20,07:00:00,10:30:00,1,72,VACACIONES,turno3,10:30:00,10:45:00,
27865,205,2026-07-20,22:30:00,23:30:00,1,90,VACACIONES,turno2,23:30:00,23:45:00,
51947,206,2026-07-20,17:00:00,19:00:00,7,90,AUT,mixto1,19:00:00,19:15:00,
32758,202,2026-07-21,15:00:00,19:00:00,1,75,VACACIONES,turno1,19:00:00,19:15:00,
28128,202,2026-07-21,15:00:00,19:00:00,1,72,VACACIONES,turno1,19:00:00,19:15:00,
56727,202,2026-07-21,15:00:00,19:00:00,1,73,VACACIONES,turno1,19:00:00,19:15:00,
38315,202,2026-07-21,15:00:00,19:00:00,1,76,VACACIONES,turno1,19:00:00,19:15:00,
51318,202,2026-07-21,15:00:00,19:00:00,1,76,VACACIONES,turno1,19:00:00,19:15:00,
35152,202,2026-07-21,15:00:00,19:00:00,1,78,VACACIONES,turno1,19:00:00,19:15:00,
50874,202,2026-07-21,15:00:00,19:00:00,1,77,VACACIONES,turno1,19:00:00,19:15:00,
59356,202,2026-07-21,15:00:00,19:00:00,1,137,VACACIONES,turno1,19:00:00,19:15:00,
52667,202,2026-07-21,15:00:00,19:00:00,1,90,VACACIONES,turno1,19:00:00,19:15:00,
49436,202,2026-07-21,15:00:00,19:00:00,1,90,VACACIONES,turno1,19:00:00,19:15:00,
59703,202,2026-07-21,15:00:00,19:00:00,1,73,VACACIONES,turno1,19:00:00,19:15:00,
59705,202,2026-07-21,15:00:00,19:00:00,1,73,VACACIONES,turno1,19:00:00,19:15:00,
41676,202,2026-07-21,15:00:00,19:00:00,1,78,VACACIONES,turno1,19:00:00,19:15:00,
51297,203,2026-07-21,15:00:00,19:00:00,1,90,VACACIONES,turno1,19:00:00,19:15:00,
60804,203,2026-07-21,15:00:00,19:00:00,1,90,VACACIONES,turno1,19:00:00,19:15:00,
60807,203,2026-07-21,15:00:00,19:00:00,1,90,VACACIONES,turno1,19:00:00,19:15:00,
27832,203,2026-07-21,15:00:00,19:00:00,1,82,VACACIONES,turno1,19:00:00,19:15:00,
27865,205,2026-07-21,22:30:00,23:30:00,1,90,VACACIONES,turno2,23:30:00,23:45:00,
27583,205,2026-07-20,17:00:00,18:00:00,3,90,"ARRANQUE DE MAQUINA",mixto1,18:00:00,18:15:00,
46251,202,2026-07-21,07:00:00,10:30:00,1,75,VACACIONES,turno3,10:30:00,10:45:00,
57925,202,2026-07-21,07:00:00,10:30:00,1,76,VACACIONES,turno3,10:30:00,10:45:00,
60023,202,2026-07-21,07:00:00,10:30:00,1,90,VACACIONES,turno3,10:30:00,10:45:00,
58476,202,2026-07-21,07:00:00,10:30:00,1,90,VACACIONES,turno3,10:30:00,10:45:00,
42023,202,2026-07-21,07:00:00,10:30:00,1,90,VACACIONES,turno3,10:30:00,10:45:00,
60165,203,2026-07-21,07:00:00,10:30:00,1,90,VACACIONES,turno3,10:30:00,10:45:00,
60500,203,2026-07-21,07:00:00,10:30:00,1,90,VACACIONES,turno3,10:30:00,10:45:00,
52670,203,2026-07-21,07:00:00,10:30:00,1,82,VACACIONES,turno3,10:30:00,10:45:00,
42008,209,2026-07-21,15:00:00,19:00:00,1,87,VACACIONES,turno1,19:00:00,19:15:00,
32003,209,2026-07-21,19:00:00,22:30:00,1,87,Anticipo,turno3,22:30:00,22:45:00,
57012,209,2026-07-21,15:00:00,19:00:00,1,89,VACACIONES,turno1,19:00:00,19:15:00,
57012,209,2026-07-21,15:00:00,19:00:00,1,85,VACACIONES,turno1,19:00:00,19:15:00,
60261,209,2026-07-21,19:00:00,22:30:00,1,85,Anticipo,turno3,22:30:00,22:45:00,
28040,210,2026-07-21,15:00:00,20:00:00,7,90,OPERACION,turno1,20:00:00,20:15:00,
27772,211,2026-07-18,17:00:00,19:00:00,3,85,"ARRANQUE DE MAQUINA",mixto1,19:00:00,19:15:00,
27772,211,2026-07-18,17:00:00,19:00:00,3,85,"ARRANQUE DE MAQUINA",mixto1,19:00:00,19:15:00,
27772,211,2026-07-18,17:00:00,19:00:00,3,85,"ARRANQUE DE MAQUINA",mixto1,19:00:00,19:15:00,
56189,212,2026-07-20,15:00:00,19:00:00,7,90,"Cargas de tabbi a Tlaxcala",turno1,19:00:00,19:15:00,
56189,212,2026-07-21,15:00:00,19:00:00,7,90,"captura en cardex y surtimiento de fibras en TNT",turno1,19:00:00,19:15:00,
50061,213,2026-07-22,07:00:00,10:30:00,1,90,VACACIONES,turno3,10:30:00,10:45:00,
28136,213,2026-07-22,07:00:00,10:30:00,1,90,VACACIONES,turno3,10:30:00,10:45:00,
43931,204,2026-07-22,15:00:00,19:00:00,1,81,VACACIONES,turno1,19:00:00,19:15:00,
33270,204,2026-07-22,07:00:00,10:00:00,1,81,VACACIONES,turno3,10:00:00,10:15:00,
33199,203,2026-07-22,15:00:00,19:00:00,1,81,VACACIONES,turno1,19:00:00,19:15:00,
60804,203,2026-07-22,15:00:00,19:00:00,1,90,VACACIONES,turno1,19:00:00,19:15:00,
27832,203,2026-07-22,15:00:00,19:00:00,1,82,VACACIONES,turno1,19:00:00,19:15:00,
57426,203,2026-07-22,07:00:00,10:30:00,1,81,VACACIONES,turno3,10:30:00,10:45:00,
32758,202,2026-07-22,15:00:00,19:00:00,1,75,VACACIONES,turno1,19:00:00,19:15:00,
28128,202,2026-07-22,15:00:00,19:00:00,1,72,VACACIONES,turno1,19:00:00,19:15:00,
56727,202,2026-07-22,15:00:00,19:00:00,1,73,VACACIONES,turno1,19:00:00,19:15:00,
38315,202,2026-07-22,15:00:00,19:00:00,1,72,VACACIONES,turno1,19:00:00,19:15:00,
59356,202,2026-07-22,15:00:00,19:00:00,1,137,VACACIONES,turno1,19:00:00,19:15:00,
49436,202,2026-07-22,15:00:00,19:00:00,1,90,VACACIONES,turno1,19:00:00,19:15:00,
59703,202,2026-07-22,15:00:00,19:00:00,1,73,VACACIONES,turno1,19:00:00,19:15:00,
59705,202,2026-07-22,15:00:00,19:00:00,1,73,VACACIONES,turno1,19:00:00,19:15:00,
41676,202,2026-07-22,15:00:00,19:00:00,1,78,VACACIONES,turno1,19:00:00,19:15:00,
58084,202,2026-07-22,15:00:00,19:00:00,1,76,VACACIONES,turno1,19:00:00,19:15:00,
52983,202,2026-07-22,15:00:00,19:00:00,1,77,VACACIONES,turno1,19:00:00,19:15:00,
60802,202,2026-07-22,15:00:00,19:00:00,1,90,VACACIONES,turno1,19:00:00,19:15:00,
27927,202,2026-07-22,07:00:00,10:30:00,1,80,VACACIONES,turno3,10:30:00,10:45:00,
55155,202,2026-07-22,07:00:00,10:30:00,1,75,VACACIONES,turno3,10:30:00,10:45:00,
42100,202,2026-07-22,07:00:00,10:30:00,1,72,VACACIONES,turno3,10:30:00,10:45:00,
60565,202,2026-07-22,07:00:00,10:30:00,1,90,VACACIONES,turno3,10:30:00,10:45:00,
27865,205,2026-07-22,22:30:00,23:30:00,1,90,VACACIONES,turno2,23:30:00,23:45:00,
27659,205,2026-07-20,17:00:00,20:00:00,3,137,"ARRANQUE DE MAQUINA",mixto1,20:00:00,20:15:00,
27659,205,2026-07-21,17:00:00,20:00:00,1,137,VACACIONES,mixto1,20:00:00,20:15:00,
37133,205,2026-07-20,15:00:00,18:30:00,1,90,VACACIONES,turno1,18:30:00,18:45:00,
28272,205,2026-07-20,17:00:00,19:30:00,3,73,"ARRANQUE DE MAQUINA",mixto1,19:30:00,19:45:00,
28272,205,2026-07-21,17:00:00,19:30:00,3,73,"ARRANQUE DE MAQUINA",mixto1,19:30:00,19:45:00,
28272,205,2026-07-22,17:00:00,18:00:00,3,73,"ARRANQUE DE MAQUINA",mixto1,18:00:00,18:15:00,
45502,209,2026-07-23,19:00:00,22:30:00,1,87,Anticipo,turno3,22:30:00,22:45:00,
60261,209,2026-07-22,19:00:00,22:30:00,1,85,Anticipo,turno3,22:30:00,22:45:00,
32003,209,2026-07-22,19:00:00,22:30:00,1,87,Anticipo,turno3,22:30:00,22:45:00,
30024,215,2026-07-19,20:30:00,22:30:00,7,90,Anticipo,turno3,22:30:00,22:45:00,
27791,216,2026-07-14,07:00:00,10:30:00,1,97,VACACIONES,turno3,10:30:00,10:45:00,
27583,217,2026-07-18,22:30:00,23:30:00,3,77,"ARRANQUE DE MAQUINA",turno2,23:30:00,23:45:00,
27865,217,2026-07-16,07:00:00,10:30:00,1,90,VACACIONES,turno3,10:30:00,10:45:00,
32656,217,2026-07-15,07:00:00,08:00:00,1,73,VACACIONES,turno3,08:00:00,08:15:00,
36656,217,2026-07-16,22:30:00,23:30:00,3,75,"ARRANQUE DE MAQUINA",turno2,23:30:00,23:45:00,
37133,217,2026-07-19,15:00:00,19:00:00,1,90,VACACIONES,turno1,19:00:00,19:15:00,
27777,212,2026-07-21,18:30:00,19:30:00,7,90,"Apoyo mermas",mixto2,19:30:00,19:45:00,
27777,212,2026-07-22,18:30:00,20:30:00,7,90,"Realizar futuras de Transportes",mixto2,20:30:00,20:45:00,
27777,218,2026-07-16,18:30:00,19:30:00,7,90,Apoyo,mixto2,19:30:00,19:45:00,
32660,218,2026-07-16,07:00:00,08:00:00,7,90,Apoyo,turno3,08:00:00,08:15:00,
35025,218,2026-07-16,15:00:00,16:00:00,7,90,Apoyo,turno1,16:00:00,16:15:00,
27777,218,2026-07-16,18:30:00,19:30:00,7,90,Apoyo,mixto2,19:30:00,19:45:00,
27777,218,2026-07-16,18:30:00,19:30:00,7,90,Apoyo,mixto2,19:30:00,19:45:00,
38264,219,2026-07-20,15:00:00,18:00:00,7,90,Apoyo,turno1,18:00:00,18:15:00,
38264,219,2026-07-22,15:00:00,16:00:00,7,90,Apoyo,turno1,16:00:00,16:15:00,
28136,220,2026-07-23,07:00:00,10:30:00,1,90,VACACIONES,turno3,10:30:00,10:45:00,
35658,220,2026-07-23,07:00:00,10:30:00,1,90,VACACIONES,turno3,10:30:00,10:45:00,
50061,220,2026-07-23,07:00:00,10:30:00,1,90,VACACIONES,turno3,10:30:00,10:45:00,
36660,221,2026-07-22,15:00:00,19:00:00,1,72,VACACIONES,turno1,19:00:00,19:15:00,
36660,221,2026-07-23,15:00:00,19:00:00,1,72,VACACIONES,turno1,19:00:00,19:15:00,
53048,221,2026-07-22,15:00:00,19:00:00,1,76,VACACIONES,turno1,19:00:00,19:15:00,
53048,221,2026-07-23,15:00:00,19:00:00,1,76,VACACIONES,turno1,19:00:00,19:15:00,
59703,221,2026-07-23,15:00:00,19:00:00,1,76,VACACIONES,turno1,19:00:00,19:15:00,
58084,221,2026-07-23,15:00:00,19:00:00,1,76,VACACIONES,turno1,19:00:00,19:15:00,
52983,221,2026-07-23,15:00:00,19:00:00,1,77,VACACIONES,turno1,19:00:00,19:15:00,
60806,221,2026-07-23,15:00:00,19:00:00,1,90,VACACIONES,turno1,19:00:00,19:15:00,
27927,221,2026-07-23,07:00:00,10:30:00,1,80,VACACIONES,turno3,10:30:00,10:45:00,
55155,221,2026-07-23,07:00:00,10:30:00,1,75,VACACIONES,turno3,10:30:00,10:45:00,
42100,221,2026-07-23,07:00:00,10:30:00,1,72,VACACIONES,turno3,10:30:00,10:45:00,
38259,221,2026-07-23,07:00:00,10:30:00,1,76,VACACIONES,turno3,10:30:00,10:45:00,
58475,221,2026-07-23,07:00:00,10:30:00,1,76,VACACIONES,turno3,10:30:00,10:45:00,
58951,221,2026-07-23,07:00:00,10:30:00,1,76,VACACIONES,turno3,10:30:00,10:45:00,
58629,221,2026-07-23,07:00:00,10:30:00,1,137,VACACIONES,turno3,10:30:00,10:45:00,
60565,221,2026-07-23,07:00:00,10:30:00,1,90,VACACIONES,turno3,10:30:00,10:45:00,
57426,222,2026-07-23,07:00:00,10:30:00,1,81,VACACIONES,turno3,10:30:00,10:45:00,
27965,222,2026-07-23,07:00:00,10:30:00,1,82,VACACIONES,turno3,10:30:00,10:45:00,
52984,222,2026-07-23,07:00:00,10:30:00,1,82,VACACIONES,turno3,10:30:00,10:45:00,
32003,209,2026-07-21,01:00:00,03:30:00,8,87,"REDUCCIÓN DE HORARIO",,,,
45502,209,2026-07-23,01:00:00,03:30:00,8,87,"REDUCCIÓN DE HORARIO",,,,
48632,209,2026-07-23,17:00:00,20:00:00,7,90,"t. extraordinario",mixto1,20:00:00,20:15:00,
42008,209,2026-07-21,01:00:00,03:30:00,8,87,"REDUCCIÓN DE HORARIO",mixto1,20:00:00,20:15:00,
45502,209,2026-07-23,01:00:00,03:30:00,8,87,"REDUCCIÓN DE HORARIO",mixto1,20:00:00,20:15:00,
28077,209,2026-07-23,19:00:00,22:30:00,1,85,Anticipo,turno3,22:30:00,22:45:00,
45502,209,2026-07-23,01:00:00,03:30:00,8,87,"REDUCCIÓN DE HORARIO",,,,
45502,209,2026-07-23,01:00:00,04:00:00,8,87,"REDUCCIÓN DE HORARIO",,,,
42008,209,2026-07-21,01:00:00,04:00:00,8,87,"REDUCCIÓN DE HORARIO",,,,
32003,209,2026-07-21,01:00:00,04:00:00,8,87,"REDUCCIÓN DE HORARIO",,,,
46472,223,2026-07-20,15:00:00,19:00:00,7,90,operacion,turno1,19:00:00,19:15:00,
46472,223,2026-07-21,15:00:00,19:00:00,7,90,operacion,turno1,19:00:00,19:15:00,
41842,223,2026-07-20,07:00:00,09:00:00,7,90,operacion,turno3,09:00:00,09:15:00,
56360,223,2026-07-22,15:00:00,16:00:00,7,90,OPERACION,turno1,16:00:00,16:15:00,
56360,223,2026-07-23,15:00:00,17:30:00,7,90,OPERACION,turno1,17:30:00,17:45:00,
51463,223,2026-07-20,18:30:00,19:30:00,7,90,OPERACION,mixto2,19:30:00,19:45:00,
51463,223,2026-07-21,18:30:00,19:30:00,7,90,OPERACION,mixto2,19:30:00,19:45:00,
51463,223,2026-07-22,18:30:00,19:30:00,7,90,OPERACION,mixto2,19:30:00,19:45:00,
51463,223,2026-07-23,18:30:00,19:30:00,7,90,OPERACION,mixto2,19:30:00,19:45:00,
46471,224,2026-07-24,22:30:00,07:00:00,7,90,Doblete,turno2,07:00:00,07:15:00,
60807,222,2026-07-23,15:00:00,19:00:00,1,81,VACACIONES,turno1,19:00:00,19:15:00,
46901,222,2026-07-23,15:00:00,19:00:00,1,82,VACACIONES,turno1,19:00:00,19:15:00,
50407,222,2026-07-23,15:00:00,19:00:00,1,81,VACACIONES,turno1,19:00:00,19:15:00,
50407,222,2026-07-24,15:00:00,19:00:00,1,81,VACACIONES,turno1,19:00:00,19:15:00,
29778,222,2026-07-24,15:00:00,19:00:00,1,81,VACACIONES,turno1,19:00:00,19:15:00,
60806,221,2026-07-24,15:00:00,19:00:00,1,90,VACACIONES,turno1,19:00:00,19:15:00,
58087,221,2026-07-24,15:00:00,19:00:00,1,90,VACACIONES,turno1,19:00:00,19:15:00,
55155,221,2026-07-24,07:00:00,10:30:00,1,75,VACACIONES,turno3,10:30:00,10:45:00,
38259,221,2026-07-24,07:00:00,10:30:00,1,76,VACACIONES,turno3,10:30:00,10:45:00,
58475,221,2026-07-24,07:00:00,10:30:00,1,73,VACACIONES,turno3,10:30:00,10:45:00,
58951,221,2026-07-24,07:00:00,10:30:00,1,73,VACACIONES,turno3,10:30:00,10:45:00,
27449,222,2026-07-24,07:00:00,10:30:00,1,81,VACACIONES,turno3,10:30:00,10:45:00,
35658,220,2026-07-24,07:00:00,10:30:00,1,90,VACACIONES,turno3,10:30:00,10:45:00,
28077,209,2026-07-24,19:00:00,22:30:00,1,85,Anticipo,turno3,22:30:00,22:45:00,
45502,209,2026-07-24,19:00:00,22:30:00,1,87,Anticipo,turno3,22:30:00,22:45:00,
27777,218,2026-07-24,18:30:00,20:00:00,7,90,"Realizar remisiones de venta de merma",mixto2,20:00:00,20:15:00,
52530,218,2026-07-23,15:00:00,16:30:00,7,90,"Capturar vales ",turno1,16:30:00,16:45:00,
52530,218,2026-07-24,15:00:00,16:00:00,7,90,"Capturar vales",turno1,16:00:00,16:15:00,
27866,219,2026-07-20,15:00:00,18:00:00,7,90,"Cargar merma ",turno1,18:00:00,18:15:00,
27866,219,2026-07-21,15:00:00,18:00:00,7,90,"Cargar merma ",turno1,18:00:00,18:15:00,
27866,219,2026-07-23,15:00:00,18:00:00,7,90,"Cargar merma ",turno1,18:00:00,18:15:00,
49821,219,2026-07-20,15:00:00,18:00:00,7,90,"Cargar merma ",turno1,18:00:00,18:15:00,
49821,219,2026-07-21,15:00:00,18:00:00,7,90,"Cargar merma ",turno1,18:00:00,18:15:00,
49821,219,2026-07-22,15:00:00,18:00:00,7,90,"Cargar merma ",turno1,18:00:00,18:15:00,
30805,221,2026-07-21,07:00:00,10:30:00,1,80,VACACIONES,turno3,10:30:00,10:45:00,
58087,221,2026-07-25,15:00:00,19:00:00,1,90,VACACIONES,turno1,19:00:00,19:15:00,
27721,226,2026-07-23,15:00:00,19:00:00,1,81,VACACIONES,turno1,19:00:00,19:15:00,
33270,226,2026-07-23,07:00:00,10:30:00,1,81,VACACIONES,turno3,10:30:00,10:45:00,
27583,205,2026-07-21,17:00:00,18:00:00,1,77,VACACIONES,mixto1,18:00:00,18:15:00,
27583,205,2026-07-22,07:00:00,08:00:00,3,77,"ARRANQUE DE MAQUINA",turno3,08:00:00,08:15:00,
27583,205,2026-07-22,17:00:00,18:00:00,3,77,"ARRANQUE DE MAQUINA",mixto1,18:00:00,18:15:00,
27865,205,2026-07-23,15:00:00,19:00:00,1,90,VACACIONES,turno1,19:00:00,19:15:00,
27865,205,2026-07-23,15:00:00,19:00:00,1,90,VACACIONES,turno1,19:00:00,19:15:00,
27865,205,2026-07-23,15:00:00,19:00:00,1,90,VACACIONES,turno1,19:00:00,19:15:00,
27865,205,2026-07-25,15:00:00,19:00:00,1,90,VACACIONES,turno1,19:00:00,19:15:00,
27659,205,2026-07-23,17:00:00,19:00:00,3,137,"ARRANQUE DE MAQUINA",mixto1,19:00:00,19:15:00,
46473,205,2026-07-23,07:00:00,10:30:00,1,90,VACACIONES,turno3,10:30:00,10:45:00,
28272,205,2026-07-23,17:00:00,18:00:00,3,73,"ARRANQUE DE MAQUINA",mixto1,18:00:00,18:15:00,
27883,205,2026-07-20,17:00:00,18:30:00,3,72,"ARRANQUE DE MAQUINA",mixto1,18:30:00,18:45:00,
27883,205,2026-07-21,17:00:00,18:30:00,3,72,"ARRANQUE DE MAQUINA",mixto1,18:30:00,18:45:00,
27883,205,2026-07-22,17:00:00,18:30:00,3,72,"ARRANQUE DE MAQUINA",mixto1,18:30:00,18:45:00,
50407,222,2026-07-25,15:00:00,19:00:00,1,81,VACACIONES,turno1,19:00:00,19:15:00,
32851,222,2026-07-23,15:00:00,17:30:00,1,90,VACACIONES,turno1,17:30:00,17:45:00,
32851,222,2026-07-24,15:00:00,16:30:00,1,90,VACACIONES,turno1,16:30:00,16:45:00,
34093,209,2026-07-25,19:00:00,22:30:00,2,87,Anticipo,turno3,22:30:00,22:45:00,
34093,209,2026-07-25,01:00:00,04:00:00,8,87,"REDUCCIÓN DE HORARIO",turno3,22:30:00,22:45:00,
34093,209,2026-07-25,19:00:00,22:30:00,1,87,Anticipo,turno3,22:30:00,22:45:00,
46473,205,2026-07-25,07:00:00,10:30:00,1,90,VACACIONES,turno3,10:30:00,10:45:00,
56189,212,2026-07-22,15:00:00,16:00:00,7,90,"Captura en cardex",turno1,16:00:00,16:15:00,
27906,212,2026-07-21,15:00:00,19:30:00,7,90,"Acomodo en el area de material rechazado",turno1,19:30:00,19:45:00,
27906,212,2026-07-22,15:00:00,19:30:00,7,90,"Realizar cargas a planta ramos",turno1,19:30:00,19:45:00,
59694,212,2026-07-21,15:00:00,20:00:00,7,90,"Apoyo a bodega xhala",turno1,20:00:00,20:15:00,
59694,212,2026-07-22,15:00:00,19:00:00,7,90,"Apoyo a bodega xhala",turno1,19:00:00,19:15:00,
27992,205,2026-07-26,15:00:00,19:00:00,1,77,VACACIONES,turno1,19:00:00,19:15:00,
28272,205,2026-07-26,17:00:00,18:00:00,1,137,VACACIONES,mixto1,18:00:00,18:15:00,
37133,205,2026-07-26,15:00:00,19:30:00,1,90,VACACIONES,turno1,19:30:00,19:45:00,
46473,205,2026-07-26,07:00:00,10:30:00,1,90,VACACIONES,turno3,10:30:00,10:45:00,
43125,205,2026-07-26,07:00:00,10:30:00,1,77,VACACIONES,turno3,10:30:00,10:45:00,
28136,227,2026-07-23,01:00:00,04:00:00,8,90,"REDUCCIÓN DE HORARIO",,,,
35658,227,2026-07-23,01:00:00,04:00:00,8,90,"REDUCCIÓN DE HORARIO",,,,
50061,227,2026-07-23,01:00:00,04:00:00,8,90,"REDUCCIÓN DE HORARIO",,,,
29778,228,2026-07-24,01:00:00,04:00:00,8,81,"REDUCCIÓN DE HORARIO",,,,
57426,228,2026-07-24,01:00:00,06:00:00,8,82,"REDUCCIÓN DE HORARIO",,,,
52984,228,2026-07-23,01:00:00,04:00:00,8,82,"REDUCCIÓN DE HORARIO",,,,
27965,228,2026-07-24,01:00:00,06:00:00,8,82,"REDUCCIÓN DE HORARIO",,,,
52670,228,2026-07-22,01:00:00,06:00:00,8,82,"REDUCCIÓN DE HORARIO",,,,
30805,229,2026-07-22,01:00:00,06:00:00,8,69,"REDUCCIÓN DE HORARIO",,,,
27927,229,2026-07-24,01:00:00,06:00:00,8,80,"REDUCCIÓN DE HORARIO",,,,
46251,229,2026-07-22,01:00:00,06:00:00,8,75,"REDUCCIÓN DE HORARIO",,,,
55155,229,2026-07-24,01:00:00,06:00:00,8,75,"REDUCCIÓN DE HORARIO",,,,
42100,229,2026-07-23,01:00:00,04:00:00,8,75,"REDUCCIÓN DE HORARIO",,,,
36660,229,2026-07-23,01:00:00,04:00:00,8,72,"REDUCCIÓN DE HORARIO",,,,
38259,229,2026-07-23,01:00:00,04:00:00,8,76,"REDUCCIÓN DE HORARIO",,,,
57925,229,2026-07-20,01:00:00,04:00:00,8,76,"REDUCCIÓN DE HORARIO",,,,
53048,229,2026-07-22,01:00:00,04:00:00,8,76,"REDUCCIÓN DE HORARIO",,,,
58475,229,2026-07-23,01:00:00,04:00:00,8,73,"REDUCCIÓN DE HORARIO",,,,
58951,229,2026-07-23,01:00:00,04:00:00,8,73,"REDUCCIÓN DE HORARIO",,,,
41117,229,2026-07-21,01:00:00,06:00:00,8,74,"REDUCCIÓN DE HORARIO",,,,
55152,229,2026-07-21,01:00:00,06:00:00,8,74,"REDUCCIÓN DE HORARIO",,,,
58629,229,2026-07-23,01:00:00,04:00:00,8,137,"REDUCCIÓN DE HORARIO",,,,
58476,229,2026-07-20,01:00:00,04:00:00,8,76,"REDUCCIÓN DE HORARIO",,,,
60565,229,2026-07-24,01:00:00,06:00:00,8,90,"REDUCCIÓN DE HORARIO",,,,
60023,229,2026-07-20,01:00:00,06:00:00,8,90,"REDUCCIÓN DE HORARIO",,,,
52530,230,2026-07-23,15:00:00,16:30:00,7,90,"CAPTURA DE DOCUMENTOS",turno1,16:30:00,16:45:00,
52530,230,2026-07-24,15:00:00,16:00:00,7,90,"CAPTURA DE DOCUMENTOS",turno1,16:00:00,16:15:00,
35025,230,2026-07-21,15:00:00,17:00:00,7,90,"VALIDACION DE DOCUMENTACION",turno1,17:00:00,17:15:00,
35025,230,2026-07-22,15:00:00,21:30:00,7,90,"APOYO ACOMODO DE ALMACEN",turno1,21:30:00,21:45:00,
40827,231,2026-07-22,15:00:00,19:00:00,7,90,"APOYO BODEGA DE XHALA",turno1,19:00:00,19:15:00,
40827,231,2026-07-23,15:00:00,16:00:00,7,90,"ACOMODO DE ALMACEN",turno1,16:00:00,16:15:00,
40827,231,2026-07-24,15:00:00,16:30:00,7,90,"ACOMODO DE ALMACEN",turno1,16:30:00,16:45:00,
40827,232,2026-07-20,15:00:00,17:30:00,7,90,"ACOMODO DE ALMACEN",turno1,17:30:00,17:45:00,
40827,232,2026-07-22,15:00:00,19:00:00,7,90,"APOYO EN XHALA",turno1,19:00:00,19:15:00,
40827,232,2026-07-23,15:00:00,16:00:00,7,90,"ACOMODO DE ALMACEN",turno1,16:00:00,16:15:00,
40827,232,2026-07-24,15:00:00,16:30:00,7,90,"ACOMODO DE ALMACEN",turno1,16:30:00,16:45:00,
56189,232,2026-07-20,15:00:00,19:00:00,7,90,"APOYO EN XHALA",turno1,19:00:00,19:15:00,
56189,232,2026-07-21,15:00:00,19:00:00,7,90,"APOYO EN XHALA",turno1,19:00:00,19:15:00,
56189,232,2026-07-22,15:00:00,16:00:00,7,90,"CAPTURA DE DOCUMENTOS",turno1,16:00:00,16:15:00,
27906,232,2026-07-21,15:00:00,19:30:00,7,90,"ACOMODO DE ALMACEN",turno1,19:30:00,19:45:00,
27906,232,2026-07-22,15:00:00,19:30:00,7,90,"ACOMODO DE ALMACEN",turno1,19:30:00,19:45:00,
59357,232,2026-07-20,15:00:00,19:00:00,7,90,"ACOMODO DE ALMACEN",turno1,19:00:00,19:15:00,
59357,232,2026-07-22,15:00:00,19:00:00,7,90,"ACOMODO DE ALMACEN",turno1,19:00:00,19:15:00,
27982,232,2026-07-20,15:00:00,19:30:00,7,90,"APOYO BODEGA DE XHALA",turno1,19:30:00,19:45:00,
27982,232,2026-07-21,15:00:00,19:30:00,7,90,"APOYO BODEGA XHALA",turno1,19:30:00,19:45:00,
50707,232,2026-07-20,15:00:00,19:00:00,7,90,"ACOMODO DE ALMACEN",turno1,19:00:00,19:15:00,
50707,232,2026-07-22,15:00:00,19:00:00,7,90,"ACOMODO DE ALMACEN",turno1,19:00:00,19:15:00,
50707,232,2026-07-23,15:00:00,16:00:00,7,90,"ACOMODO DE ALMACEN",turno1,16:00:00,16:15:00,
38325,232,2026-07-20,15:00:00,17:00:00,7,90,"ACOMODO DE ALMACEN",turno1,17:00:00,17:15:00,
38325,232,2026-07-21,15:00:00,17:00:00,7,90,"ACOMODO DE ALMACEN",turno1,17:00:00,17:15:00,
38325,232,2026-07-22,15:00:00,17:00:00,7,90,"ACOMODO DE ALMACEN",turno1,17:00:00,17:15:00,
38325,232,2026-07-23,15:00:00,17:00:00,7,90,"ACOMODO DE ALMACEN",turno1,17:00:00,17:15:00,
59694,232,2026-07-21,15:00:00,19:30:00,7,90,"APOYO BODEGA DE XHALA",turno1,19:30:00,19:45:00,
59694,232,2026-07-22,15:00:00,19:00:00,7,90,"APOYO BODGA DE XHALA",turno1,19:00:00,19:15:00,
57118,205,2026-07-20,15:00:00,16:30:00,7,90,VACACIONES,turno1,16:30:00,16:45:00,
59936,233,2026-07-20,17:00:00,22:00:00,7,90,"VALIDACION DE DOCUENTOS",mixto4,22:00:00,22:15:00,
59936,233,2026-07-21,17:00:00,18:30:00,7,90,"VALIDACION DE DOCUMENTOS",mixto4,18:30:00,18:45:00,
59936,233,2026-07-21,17:00:00,18:30:00,7,90,"VALIDACION DE DOCUMENTOS",mixto4,18:30:00,18:45:00,
59936,233,2026-07-21,17:00:00,18:30:00,7,90,"VALIDACION DE DOCUMENTOS",mixto4,18:30:00,18:45:00,
59936,233,2026-07-22,17:00:00,18:00:00,7,90,"VALIDACION DE DOCUMENTOS",mixto4,18:00:00,18:15:00,
28064,224,2026-07-24,22:30:00,07:00:00,7,90,Doblete,turno2,07:00:00,07:15:00,
46472,223,2026-07-23,15:00:00,18:00:00,7,90,opracion,turno1,18:00:00,18:15:00,
41842,223,2026-07-25,21:30:00,22:30:00,7,90,Anticipo,turno3,22:30:00,22:45:00,
56360,223,2026-07-24,15:00:00,17:00:00,7,90,operacion,turno1,17:00:00,17:15:00,
56360,223,2026-07-25,15:00:00,18:00:00,7,90,operacion,turno1,18:00:00,18:15:00,
51463,223,2026-07-24,18:30:00,20:30:00,7,90,operacion,mixto2,20:30:00,20:45:00,
51831,223,2026-07-24,22:30:00,07:30:00,7,90,Doblete,turno2,07:30:00,07:45:00,
51831,223,2026-07-26,15:00:00,19:30:00,7,90,OPERACION,turno1,19:30:00,19:45:00,
30024,223,2026-07-25,19:00:00,22:30:00,7,90,Anticipo,turno3,22:30:00,22:45:00,
30322,223,2026-07-25,15:00:00,19:00:00,7,90,OPERACION,turno1,19:00:00,19:15:00,
30322,223,2026-07-26,07:00:00,15:00:00,10,90,"DESCANSO TRABAJADO",turno1,15:00:00,15:15:00,
60829,233,2026-07-20,17:00:00,18:00:00,7,90,Capacitación,mixto4,18:00:00,18:15:00,
60829,233,2026-07-21,17:00:00,18:00:00,7,90,capacitación,mixto4,18:00:00,18:15:00,
60829,233,2026-07-22,17:00:00,18:00:00,7,90,capacitación,mixto4,18:00:00,18:15:00,
60829,233,2026-07-23,17:00:00,18:00:00,7,90,capacitación,mixto4,18:00:00,18:15:00,
59937,233,2026-07-20,17:00:00,18:00:00,7,90,"consumos por capacitación",mixto4,18:00:00,18:15:00,
59937,233,2026-07-21,18:30:00,19:30:00,7,90,consumos,mixto2,19:30:00,19:45:00,
59937,233,2026-07-22,17:00:00,18:00:00,7,90,"consumos pre cierre",mixto4,18:00:00,18:15:00,
