[17:08:19] ==================== NUEVA PETICION ====================
[17:08:19] Departamento recibido: 'Incontinencia'
[17:08:19] Puesto recibido: 'Técnico electrónico'
[17:08:19] Departamento normalizado: 'incontinencia'
[17:08:19] Puesto normalizado: 'tecnico electronico'
[17:08:19] Ruta Excel: C:\xampp\htdocs\Mes\KCMes\EPP\php/FO-OSHPS012-01_Identificación_y_selección_de_EPP.xlsx
[17:08:19] OK: archivo encontrado
[17:08:20] Hoja [0]: 'EPP'
[17:08:20] Hoja [1]: 'Tabla I.1'
[17:08:20] Hoja [2]: 'X supervisor'
[17:08:20] Hoja [3]: 'Para alta'
[17:08:20] Hoja activa: EPP
[17:08:20] Ultima fila con datos: 142
[17:08:20] Fila 6: dep='Contratistas' puesto='Soldador' | depOk=no puestoOk=no
[17:08:20] Fila 7: dep='Contratistas' puesto='Prevencionista' | depOk=no puestoOk=no
[17:08:20] Fila 8: dep='Contratistas' puesto='Ayudante general' | depOk=no puestoOk=no
[17:08:20] Fila 9: dep='Relaciones industriales' puesto='Ayudante general' | depOk=no puestoOk=no
[17:08:20] Fila 10: dep='Relaciones industriales' puesto='Guardia' | depOk=no puestoOk=no
[17:08:20] Fila 11: dep='Relaciones industriales' puesto='Ayudante general' | depOk=no puestoOk=no
[17:08:20] Fila 12: dep='Relaciones industriales' puesto='Personal de intentendencia' | depOk=no puestoOk=no
[17:08:20] Fila 13: dep='Servicios Auxiliares' puesto='Mecánico' | depOk=no puestoOk=no
[17:08:20] Fila 14: dep='Servicios Auxiliares' puesto='Mecánico' | depOk=no puestoOk=no
[17:08:20] Fila 15: dep='Servicios Auxiliares' puesto='Mecánico' | depOk=no puestoOk=no
[17:08:20] Fila 16: dep='Servicios Auxiliares' puesto='Mecánico' | depOk=no puestoOk=no
[17:08:20] Fila 17: dep='Servicios Auxiliares' puesto='Empacador' | depOk=no puestoOk=no
[17:08:20] Fila 18: dep='Telas NoTejidas' puesto='Superintendente mecatronico' | depOk=no puestoOk=no
[17:08:20] Fila 19: dep='Telas NoTejidas' puesto='Ing. Proceso' | depOk=no puestoOk=no
[17:08:20] Fila 20: dep='Telas NoTejidas' puesto='Conductor' | depOk=no puestoOk=no
[17:08:20] Fila 21: dep='Telas NoTejidas' puesto='Ayudante De Operador' | depOk=no puestoOk=no
[17:08:20] Fila 22: dep='Telas NoTejidas' puesto='Empacador' | depOk=no puestoOk=no
[17:08:20] Fila 23: dep='Telas NoTejidas' puesto='Líder de Operación' | depOk=no puestoOk=no
[17:08:20] Fila 24: dep='Telas NoTejidas' puesto='Tecnico Electronico' | depOk=no puestoOk=SI
[17:08:20] Fila 25: dep='Telas NoTejidas' puesto='Mecanico D' | depOk=no puestoOk=no
[17:08:20] Fila 26: dep='Telas NoTejidas' puesto='Mecanico B' | depOk=no puestoOk=no
[17:08:20] Fila 27: dep='Telas NoTejidas' puesto='Electrico D' | depOk=no puestoOk=no
[17:08:20] Fila 28: dep='Telas NoTejidas' puesto='Auxiliar Administrativo' | depOk=no puestoOk=no
[17:08:20] Fila 29: dep='Telas NoTejidas' puesto='Maestro en cardas' | depOk=no puestoOk=no
[17:08:20] Fila 30: dep='Almacén Materia Prima' puesto='Montacarguista' | depOk=no puestoOk=no
[17:08:20] Fila 31: dep='Almacén Materia Prima' puesto='Auxiliar Administrativo' | depOk=no puestoOk=no
[17:08:20] Fila 32: dep='Almacén Materia Prima' puesto='Supervisor' | depOk=no puestoOk=no
[17:08:20] Fila 33: dep='Almacén Materia Prima' puesto='Planeador' | depOk=no puestoOk=no
[17:08:20] Fila 34: dep='Almacén Materia Prima' puesto='Superintendente' | depOk=no puestoOk=no
[17:08:20] Fila 35: dep='Pañal' puesto='sellador' | depOk=no puestoOk=no
[17:08:20] Fila 36: dep='Pañal' puesto='Ing. Proceso' | depOk=no puestoOk=no
[17:08:20] Fila 37: dep='Pañal' puesto='Electrico' | depOk=no puestoOk=no
[17:08:20] Fila 38: dep='Pañal' puesto='Jefe de mantenimiento' | depOk=no puestoOk=no
[17:08:20] Fila 39: dep='Pañal' puesto='Planeador' | depOk=no puestoOk=no
[17:08:20] Fila 40: dep='Pañal' puesto='Electronico' | depOk=no puestoOk=SI
[17:08:20] Fila 41: dep='Pañal' puesto='Supervisor' | depOk=no puestoOk=no
[17:08:20] Fila 42: dep='Pañal' puesto='Super intendente' | depOk=no puestoOk=no
[17:08:20] Fila 43: dep='Pañal' puesto='Conductor' | depOk=no puestoOk=no
[17:08:20] Fila 44: dep='Pañal' puesto='Mecanico' | depOk=no puestoOk=no
[17:08:20] Fila 45: dep='Pañal' puesto='Empacador' | depOk=no puestoOk=no
[17:08:20] Fila 46: dep='Pañal' puesto='Gerente' | depOk=no puestoOk=no
[17:08:20] Fila 47: dep='Pañal' puesto='TSP' | depOk=no puestoOk=no
[17:08:20] Fila 48: dep='Pañal' puesto='Ayudannte' | depOk=no puestoOk=no
[17:08:20] Fila 49: dep='Protección femenina' puesto='Eléctrico' | depOk=no puestoOk=no
[17:08:20] Fila 50: dep='Protección femenina' puesto='Electrónico' | depOk=no puestoOk=SI
[17:08:20] Fila 51: dep='Protección femenina' puesto='Mecánico' | depOk=no puestoOk=no
[17:08:20] Fila 52: dep='Protección femenina' puesto='Ayudante' | depOk=no puestoOk=no
[17:08:20] Fila 53: dep='Protección femenina' puesto='Conductor' | depOk=no puestoOk=no
[17:08:20] Fila 54: dep='Protección femenina' puesto='Empacador' | depOk=no puestoOk=no
[17:08:20] Fila 55: dep='Protección femenina' puesto='Sellador de Linea' | depOk=no puestoOk=no
[17:08:20] Fila 56: dep='Protección femenina' puesto='TCP' | depOk=no puestoOk=no
[17:08:20] Fila 57: dep='Incontinencia' puesto='Gerente de Incontinencia' | depOk=SI puestoOk=no
[17:08:20] Fila 58: dep='Incontinencia' puesto='Superintendente  mantenimiento mecánico' | depOk=SI puestoOk=no
[17:08:20] Fila 59: dep='Incontinencia' puesto='Superintendente mantenimiento electrico' | depOk=SI puestoOk=no
[17:08:20] Fila 60: dep='Incontinencia' puesto='Superintendente de proceso' | depOk=SI puestoOk=no
[17:08:20] Fila 61: dep='Incontinencia' puesto='Supervisor produción' | depOk=SI puestoOk=no
[17:08:20] Fila 62: dep='Incontinencia' puesto='Supervisor Mecánico' | depOk=SI puestoOk=no
[17:08:20] Fila 63: dep='Incontinencia' puesto='Ing. de proceso' | depOk=SI puestoOk=no
[17:08:20] Fila 64: dep='Incontinencia' puesto='Planeador' | depOk=SI puestoOk=no
[17:08:20] Fila 65: dep='Incontinencia' puesto='Electronico' | depOk=SI puestoOk=SI
[17:08:20]    >>> MATCH en fila 65
[17:08:20]       + [Cabeza] B)        Casco dieléctrico
[17:08:20]       + [Ojos y cara] C)        Protector facial
[17:08:20]       + [Oídos] A)        Tapones auditivos
[17:08:20]       + [Aparato respiratorio] A)        Respirador contra partículas
[17:08:20]       + [Extremidades superiores] B)        Guantes dieléctricos
[17:08:20]       + [Tronco] F)      Ropa de alta visibilidad
[17:08:20]       + [Extremidades inferiores] C)        Calzado dieléctrico
[17:08:20]       + [Otros] A)        Equipo de protección contra caídas de altura
[17:08:20] Fila 66: dep='Incontinencia' puesto='Conductor de Maquina' | depOk=SI puestoOk=no
[17:08:20] Fila 67: dep='Incontinencia' puesto='Mecánico categorias A,B,C,D' | depOk=SI puestoOk=no
[17:08:20] Fila 68: dep='Incontinencia' puesto='Electrico categorias A,B,C,D' | depOk=SI puestoOk=no
[17:08:20] Fila 69: dep='Incontinencia' puesto='Ayudannte' | depOk=SI puestoOk=no
[17:08:20] Fila 70: dep='Incontinencia' puesto='sellador' | depOk=SI puestoOk=no
[17:08:20] Fila 71: dep='Incontinencia' puesto='Empacador' | depOk=SI puestoOk=no
[17:08:20] Fila 72: dep='Incontinencia' puesto='Mecánico especialista adhesivos' | depOk=SI puestoOk=no
[17:08:20] Fila 73: dep='Incontinencia' puesto='Mecánico con perfil maquinas herramientas' | depOk=SI puestoOk=no
[17:08:20] Fila 74: sin puesto (depActual='Incontinencia') -> SALTA
[17:08:20] Fila 75: sin puesto (depActual='Incontinencia') -> SALTA
[17:08:20] Fila 76: sin puesto (depActual='Incontinencia') -> SALTA
[17:08:20] Fila 77: sin puesto (depActual='Incontinencia') -> SALTA
[17:08:20] Fila 78: sin puesto (depActual='Incontinencia') -> SALTA
[17:08:20] Fila 79: sin puesto (depActual='Incontinencia') -> SALTA
[17:08:20] Fila 80: sin puesto (depActual='Incontinencia') -> SALTA
[17:08:20] Fila 81: sin puesto (depActual='Incontinencia') -> SALTA
[17:08:20] Fila 82: sin puesto (depActual='Incontinencia') -> SALTA
[17:08:20] Fila 83: sin puesto (depActual='Incontinencia') -> SALTA
[17:08:20] Fila 84: sin puesto (depActual='Incontinencia') -> SALTA
[17:08:20] Fila 85: sin puesto (depActual='Incontinencia') -> SALTA
[17:08:20] Fila 86: sin puesto (depActual='Incontinencia') -> SALTA
[17:08:20] Fila 87: sin puesto (depActual='Incontinencia') -> SALTA
[17:08:20] Fila 88: sin puesto (depActual='Incontinencia') -> SALTA
[17:08:20] Fila 89: sin puesto (depActual='Incontinencia') -> SALTA
[17:08:20] Fila 90: sin puesto (depActual='Incontinencia') -> SALTA
[17:08:20] Fila 91: sin puesto (depActual='Incontinencia') -> SALTA
[17:08:20] Fila 92: sin puesto (depActual='Incontinencia') -> SALTA
[17:08:20] Fila 93: sin puesto (depActual='Incontinencia') -> SALTA
[17:08:20] Fila 94: sin puesto (depActual='Incontinencia') -> SALTA
[17:08:20] Fila 95: sin puesto (depActual='Incontinencia') -> SALTA
[17:08:20] Fila 96: sin puesto (depActual='Incontinencia') -> SALTA
[17:08:20] Fila 97: sin puesto (depActual='Incontinencia') -> SALTA
[17:08:20] Fila 98: sin puesto (depActual='Incontinencia') -> SALTA
[17:08:20] Fila 99: sin puesto (depActual='Incontinencia') -> SALTA
[17:08:20] Fila 100: sin puesto (depActual='Incontinencia') -> SALTA
[17:08:20] Fila 101: sin puesto (depActual='Incontinencia') -> SALTA
[17:08:20] Fila 102: sin puesto (depActual='Incontinencia') -> SALTA
[17:08:20] Fila 103: sin puesto (depActual='Incontinencia') -> SALTA
[17:08:20] Fila 104: sin puesto (depActual='Incontinencia') -> SALTA
[17:08:20] Fila 105: sin puesto (depActual='Incontinencia') -> SALTA
[17:08:20] Fila 106: sin puesto (depActual='Incontinencia') -> SALTA
[17:08:20] Fila 107: sin puesto (depActual='Incontinencia') -> SALTA
[17:08:20] Fila 108: sin puesto (depActual='Incontinencia') -> SALTA
[17:08:20] Fila 109: sin puesto (depActual='Incontinencia') -> SALTA
[17:08:20] Fila 110: sin puesto (depActual='Incontinencia') -> SALTA
[17:08:20] Fila 111: sin puesto (depActual='Incontinencia') -> SALTA
[17:08:20] Fila 112: sin puesto (depActual='Incontinencia') -> SALTA
[17:08:20] Fila 113: sin puesto (depActual='Incontinencia') -> SALTA
[17:08:20] Fila 114: sin puesto (depActual='Incontinencia') -> SALTA
[17:08:20] Fila 115: sin puesto (depActual='Incontinencia') -> SALTA
[17:08:20] Fila 116: sin puesto (depActual='Incontinencia') -> SALTA
[17:08:20] Fila 117: sin puesto (depActual='Incontinencia') -> SALTA
[17:08:20] Fila 118: sin puesto (depActual='Incontinencia') -> SALTA
[17:08:20] Fila 119: sin puesto (depActual='Incontinencia') -> SALTA
[17:08:20] Fila 120: sin puesto (depActual='Incontinencia') -> SALTA
[17:08:20] Fila 121: sin puesto (depActual='Incontinencia') -> SALTA
[17:08:20] Fila 122: sin puesto (depActual='Incontinencia') -> SALTA
[17:08:20] Fila 123: sin puesto (depActual='Incontinencia') -> SALTA
[17:08:20] Fila 124: sin puesto (depActual='Incontinencia') -> SALTA
[17:08:20] Fila 125: sin puesto (depActual='Incontinencia') -> SALTA
[17:08:20] Fila 126: sin puesto (depActual='Incontinencia') -> SALTA
[17:08:20] Fila 127: sin puesto (depActual='Incontinencia') -> SALTA
[17:08:20] Fila 128: sin puesto (depActual='Incontinencia') -> SALTA
[17:08:20] Fila 129: sin puesto (depActual='Incontinencia') -> SALTA
[17:08:20] Fila 130: sin puesto (depActual='Incontinencia') -> SALTA
[17:08:20] Fila 131: sin puesto (depActual='Incontinencia') -> SALTA
[17:08:20] Fila 132: sin puesto (depActual='Incontinencia') -> SALTA
[17:08:20] Fila 133: sin puesto (depActual='Incontinencia') -> SALTA
[17:08:20] Fila 134: sin puesto (depActual='Incontinencia') -> SALTA
[17:08:20] Fila 135: sin puesto (depActual='Incontinencia') -> SALTA
[17:08:20] Fila 136: sin puesto (depActual='Incontinencia') -> SALTA
[17:08:20] Fila 137: sin puesto (depActual='Incontinencia') -> SALTA
[17:08:20] Fila 138: sin puesto (depActual='Incontinencia') -> SALTA
[17:08:20] Fila 139: sin puesto (depActual='Incontinencia') -> SALTA
[17:08:20] Fila 140: sin puesto (depActual='Incontinencia') -> SALTA
[17:08:20] Fila 141: sin puesto (depActual='Incontinencia') -> SALTA
[17:08:20] Fila 142: sin puesto (depActual='Incontinencia') -> SALTA
[17:08:20] Total de equipos encontrados: 8
[17:08:20] ========================================================
[17:14:19] ==================== NUEVA PETICION ====================
[17:14:19] Departamento recibido: 'Sin Depto'
[17:14:19] Puesto recibido: 'Sin Puesto'
[17:14:19] Departamento normalizado: 'sin depto'
[17:14:19] Puesto normalizado: 'sin puesto'
[17:14:19] Ruta Excel: C:\xampp\htdocs\Mes\KCMes\EPP\php/FO-OSHPS012-01_Identificación_y_selección_de_EPP.xlsx
[17:14:19] OK: archivo encontrado
[17:14:19] Hoja [0]: 'EPP'
[17:14:19] Hoja [1]: 'Tabla I.1'
[17:14:19] Hoja [2]: 'X supervisor'
[17:14:19] Hoja [3]: 'Para alta'
[17:14:19] Hoja activa: EPP
[17:14:19] Ultima fila con datos: 142
[17:14:19] Fila 6: dep='Contratistas' puesto='Soldador' | depOk=no puestoOk=no
[17:14:19] Fila 7: dep='Contratistas' puesto='Prevencionista' | depOk=no puestoOk=no
[17:14:19] Fila 8: dep='Contratistas' puesto='Ayudante general' | depOk=no puestoOk=no
[17:14:19] Fila 9: dep='Relaciones industriales' puesto='Ayudante general' | depOk=no puestoOk=no
[17:14:19] Fila 10: dep='Relaciones industriales' puesto='Guardia' | depOk=no puestoOk=no
[17:14:19] Fila 11: dep='Relaciones industriales' puesto='Ayudante general' | depOk=no puestoOk=no
[17:14:19] Fila 12: dep='Relaciones industriales' puesto='Personal de intentendencia' | depOk=no puestoOk=no
[17:14:19] Fila 13: dep='Servicios Auxiliares' puesto='Mecánico' | depOk=no puestoOk=no
[17:14:19] Fila 14: dep='Servicios Auxiliares' puesto='Mecánico' | depOk=no puestoOk=no
[17:14:19] Fila 15: dep='Servicios Auxiliares' puesto='Mecánico' | depOk=no puestoOk=no
[17:14:19] Fila 16: dep='Servicios Auxiliares' puesto='Mecánico' | depOk=no puestoOk=no
[17:14:19] Fila 17: dep='Servicios Auxiliares' puesto='Empacador' | depOk=no puestoOk=no
[17:14:19] Fila 18: dep='Telas NoTejidas' puesto='Superintendente mecatronico' | depOk=no puestoOk=no
[17:14:19] Fila 19: dep='Telas NoTejidas' puesto='Ing. Proceso' | depOk=no puestoOk=no
[17:14:19] Fila 20: dep='Telas NoTejidas' puesto='Conductor' | depOk=no puestoOk=no
[17:14:19] Fila 21: dep='Telas NoTejidas' puesto='Ayudante De Operador' | depOk=no puestoOk=no
[17:14:19] Fila 22: dep='Telas NoTejidas' puesto='Empacador' | depOk=no puestoOk=no
[17:14:19] Fila 23: dep='Telas NoTejidas' puesto='Líder de Operación' | depOk=no puestoOk=no
[17:14:19] Fila 24: dep='Telas NoTejidas' puesto='Tecnico Electronico' | depOk=no puestoOk=no
[17:14:19] Fila 25: dep='Telas NoTejidas' puesto='Mecanico D' | depOk=no puestoOk=no
[17:14:19] Fila 26: dep='Telas NoTejidas' puesto='Mecanico B' | depOk=no puestoOk=no
[17:14:19] Fila 27: dep='Telas NoTejidas' puesto='Electrico D' | depOk=no puestoOk=no
[17:14:19] Fila 28: dep='Telas NoTejidas' puesto='Auxiliar Administrativo' | depOk=no puestoOk=no
[17:14:19] Fila 29: dep='Telas NoTejidas' puesto='Maestro en cardas' | depOk=no puestoOk=no
[17:14:19] Fila 30: dep='Almacén Materia Prima' puesto='Montacarguista' | depOk=no puestoOk=no
[17:14:19] Fila 31: dep='Almacén Materia Prima' puesto='Auxiliar Administrativo' | depOk=no puestoOk=no
[17:14:19] Fila 32: dep='Almacén Materia Prima' puesto='Supervisor' | depOk=no puestoOk=no
[17:14:19] Fila 33: dep='Almacén Materia Prima' puesto='Planeador' | depOk=no puestoOk=no
[17:14:19] Fila 34: dep='Almacén Materia Prima' puesto='Superintendente' | depOk=no puestoOk=no
[17:14:19] Fila 35: dep='Pañal' puesto='sellador' | depOk=no puestoOk=no
[17:14:19] Fila 36: dep='Pañal' puesto='Ing. Proceso' | depOk=no puestoOk=no
[17:14:19] Fila 37: dep='Pañal' puesto='Electrico' | depOk=no puestoOk=no
[17:14:19] Fila 38: dep='Pañal' puesto='Jefe de mantenimiento' | depOk=no puestoOk=no
[17:14:19] Fila 39: dep='Pañal' puesto='Planeador' | depOk=no puestoOk=no
[17:14:19] Fila 40: dep='Pañal' puesto='Electronico' | depOk=no puestoOk=no
[17:14:19] Fila 41: dep='Pañal' puesto='Supervisor' | depOk=no puestoOk=no
[17:14:19] Fila 42: dep='Pañal' puesto='Super intendente' | depOk=no puestoOk=no
[17:14:19] Fila 43: dep='Pañal' puesto='Conductor' | depOk=no puestoOk=no
[17:14:19] Fila 44: dep='Pañal' puesto='Mecanico' | depOk=no puestoOk=no
[17:14:19] Fila 45: dep='Pañal' puesto='Empacador' | depOk=no puestoOk=no
[17:14:19] Fila 46: dep='Pañal' puesto='Gerente' | depOk=no puestoOk=no
[17:14:19] Fila 47: dep='Pañal' puesto='TSP' | depOk=no puestoOk=no
[17:14:19] Fila 48: dep='Pañal' puesto='Ayudannte' | depOk=no puestoOk=no
[17:14:19] Fila 49: dep='Protección femenina' puesto='Eléctrico' | depOk=no puestoOk=no
[17:14:19] Fila 50: dep='Protección femenina' puesto='Electrónico' | depOk=no puestoOk=no
[17:14:19] Fila 51: dep='Protección femenina' puesto='Mecánico' | depOk=no puestoOk=no
[17:14:19] Fila 52: dep='Protección femenina' puesto='Ayudante' | depOk=no puestoOk=no
[17:14:19] Fila 53: dep='Protección femenina' puesto='Conductor' | depOk=no puestoOk=no
[17:14:19] Fila 54: dep='Protección femenina' puesto='Empacador' | depOk=no puestoOk=no
[17:14:19] Fila 55: dep='Protección femenina' puesto='Sellador de Linea' | depOk=no puestoOk=no
[17:14:19] Fila 56: dep='Protección femenina' puesto='TCP' | depOk=no puestoOk=no
[17:14:19] Fila 57: dep='Incontinencia' puesto='Gerente de Incontinencia' | depOk=no puestoOk=no
[17:14:19] Fila 58: dep='Incontinencia' puesto='Superintendente  mantenimiento mecánico' | depOk=no puestoOk=no
[17:14:19] Fila 59: dep='Incontinencia' puesto='Superintendente mantenimiento electrico' | depOk=no puestoOk=no
[17:14:19] Fila 60: dep='Incontinencia' puesto='Superintendente de proceso' | depOk=no puestoOk=no
[17:14:19] Fila 61: dep='Incontinencia' puesto='Supervisor produción' | depOk=no puestoOk=no
[17:14:19] Fila 62: dep='Incontinencia' puesto='Supervisor Mecánico' | depOk=no puestoOk=no
[17:14:19] Fila 63: dep='Incontinencia' puesto='Ing. de proceso' | depOk=no puestoOk=no
[17:14:19] Fila 64: dep='Incontinencia' puesto='Planeador' | depOk=no puestoOk=no
[17:14:19] Fila 65: dep='Incontinencia' puesto='Electronico' | depOk=no puestoOk=no
[17:14:19] Fila 66: dep='Incontinencia' puesto='Conductor de Maquina' | depOk=no puestoOk=no
[17:14:19] Fila 67: dep='Incontinencia' puesto='Mecánico categorias A,B,C,D' | depOk=no puestoOk=no
[17:14:19] Fila 68: dep='Incontinencia' puesto='Electrico categorias A,B,C,D' | depOk=no puestoOk=no
[17:14:19] Fila 69: dep='Incontinencia' puesto='Ayudannte' | depOk=no puestoOk=no
[17:14:19] Fila 70: dep='Incontinencia' puesto='sellador' | depOk=no puestoOk=no
[17:14:19] Fila 71: dep='Incontinencia' puesto='Empacador' | depOk=no puestoOk=no
[17:14:19] Fila 72: dep='Incontinencia' puesto='Mecánico especialista adhesivos' | depOk=no puestoOk=no
[17:14:19] Fila 73: dep='Incontinencia' puesto='Mecánico con perfil maquinas herramientas' | depOk=no puestoOk=no
[17:14:19] Fila 74: sin puesto (depActual='Incontinencia') -> SALTA
[17:14:19] Fila 75: sin puesto (depActual='Incontinencia') -> SALTA
[17:14:19] Fila 76: sin puesto (depActual='Incontinencia') -> SALTA
[17:14:19] Fila 77: sin puesto (depActual='Incontinencia') -> SALTA
[17:14:19] Fila 78: sin puesto (depActual='Incontinencia') -> SALTA
[17:14:19] Fila 79: sin puesto (depActual='Incontinencia') -> SALTA
[17:14:19] Fila 80: sin puesto (depActual='Incontinencia') -> SALTA
[17:14:19] Fila 81: sin puesto (depActual='Incontinencia') -> SALTA
[17:14:19] Fila 82: sin puesto (depActual='Incontinencia') -> SALTA
[17:14:19] Fila 83: sin puesto (depActual='Incontinencia') -> SALTA
[17:14:19] Fila 84: sin puesto (depActual='Incontinencia') -> SALTA
[17:14:19] Fila 85: sin puesto (depActual='Incontinencia') -> SALTA
[17:14:19] Fila 86: sin puesto (depActual='Incontinencia') -> SALTA
[17:14:19] Fila 87: sin puesto (depActual='Incontinencia') -> SALTA
[17:14:19] Fila 88: sin puesto (depActual='Incontinencia') -> SALTA
[17:14:19] Fila 89: sin puesto (depActual='Incontinencia') -> SALTA
[17:14:19] Fila 90: sin puesto (depActual='Incontinencia') -> SALTA
[17:14:19] Fila 91: sin puesto (depActual='Incontinencia') -> SALTA
[17:14:19] Fila 92: sin puesto (depActual='Incontinencia') -> SALTA
[17:14:19] Fila 93: sin puesto (depActual='Incontinencia') -> SALTA
[17:14:19] Fila 94: sin puesto (depActual='Incontinencia') -> SALTA
[17:14:19] Fila 95: sin puesto (depActual='Incontinencia') -> SALTA
[17:14:19] Fila 96: sin puesto (depActual='Incontinencia') -> SALTA
[17:14:19] Fila 97: sin puesto (depActual='Incontinencia') -> SALTA
[17:14:19] Fila 98: sin puesto (depActual='Incontinencia') -> SALTA
[17:14:19] Fila 99: sin puesto (depActual='Incontinencia') -> SALTA
[17:14:19] Fila 100: sin puesto (depActual='Incontinencia') -> SALTA
[17:14:19] Fila 101: sin puesto (depActual='Incontinencia') -> SALTA
[17:14:19] Fila 102: sin puesto (depActual='Incontinencia') -> SALTA
[17:14:19] Fila 103: sin puesto (depActual='Incontinencia') -> SALTA
[17:14:19] Fila 104: sin puesto (depActual='Incontinencia') -> SALTA
[17:14:19] Fila 105: sin puesto (depActual='Incontinencia') -> SALTA
[17:14:19] Fila 106: sin puesto (depActual='Incontinencia') -> SALTA
[17:14:19] Fila 107: sin puesto (depActual='Incontinencia') -> SALTA
[17:14:19] Fila 108: sin puesto (depActual='Incontinencia') -> SALTA
[17:14:19] Fila 109: sin puesto (depActual='Incontinencia') -> SALTA
[17:14:19] Fila 110: sin puesto (depActual='Incontinencia') -> SALTA
[17:14:19] Fila 111: sin puesto (depActual='Incontinencia') -> SALTA
[17:14:19] Fila 112: sin puesto (depActual='Incontinencia') -> SALTA
[17:14:19] Fila 113: sin puesto (depActual='Incontinencia') -> SALTA
[17:14:19] Fila 114: sin puesto (depActual='Incontinencia') -> SALTA
[17:14:19] Fila 115: sin puesto (depActual='Incontinencia') -> SALTA
[17:14:19] Fila 116: sin puesto (depActual='Incontinencia') -> SALTA
[17:14:19] Fila 117: sin puesto (depActual='Incontinencia') -> SALTA
[17:14:19] Fila 118: sin puesto (depActual='Incontinencia') -> SALTA
[17:14:19] Fila 119: sin puesto (depActual='Incontinencia') -> SALTA
[17:14:19] Fila 120: sin puesto (depActual='Incontinencia') -> SALTA
[17:14:19] Fila 121: sin puesto (depActual='Incontinencia') -> SALTA
[17:14:19] Fila 122: sin puesto (depActual='Incontinencia') -> SALTA
[17:14:19] Fila 123: sin puesto (depActual='Incontinencia') -> SALTA
[17:14:19] Fila 124: sin puesto (depActual='Incontinencia') -> SALTA
[17:14:19] Fila 125: sin puesto (depActual='Incontinencia') -> SALTA
[17:14:19] Fila 126: sin puesto (depActual='Incontinencia') -> SALTA
[17:14:19] Fila 127: sin puesto (depActual='Incontinencia') -> SALTA
[17:14:19] Fila 128: sin puesto (depActual='Incontinencia') -> SALTA
[17:14:19] Fila 129: sin puesto (depActual='Incontinencia') -> SALTA
[17:14:19] Fila 130: sin puesto (depActual='Incontinencia') -> SALTA
[17:14:19] Fila 131: sin puesto (depActual='Incontinencia') -> SALTA
[17:14:19] Fila 132: sin puesto (depActual='Incontinencia') -> SALTA
[17:14:19] Fila 133: sin puesto (depActual='Incontinencia') -> SALTA
[17:14:19] Fila 134: sin puesto (depActual='Incontinencia') -> SALTA
[17:14:19] Fila 135: sin puesto (depActual='Incontinencia') -> SALTA
[17:14:19] Fila 136: sin puesto (depActual='Incontinencia') -> SALTA
[17:14:19] Fila 137: sin puesto (depActual='Incontinencia') -> SALTA
[17:14:19] Fila 138: sin puesto (depActual='Incontinencia') -> SALTA
[17:14:19] Fila 139: sin puesto (depActual='Incontinencia') -> SALTA
[17:14:19] Fila 140: sin puesto (depActual='Incontinencia') -> SALTA
[17:14:19] Fila 141: sin puesto (depActual='Incontinencia') -> SALTA
[17:14:19] Fila 142: sin puesto (depActual='Incontinencia') -> SALTA
[17:14:19] Total de equipos encontrados: 0
[17:14:19] ========================================================
[17:14:22] ==================== NUEVA PETICION ====================
[17:14:22] Departamento recibido: 'Incontinencia'
[17:14:22] Puesto recibido: 'Técnico electrónico'
[17:14:22] Departamento normalizado: 'incontinencia'
[17:14:22] Puesto normalizado: 'tecnico electronico'
[17:14:22] Ruta Excel: C:\xampp\htdocs\Mes\KCMes\EPP\php/FO-OSHPS012-01_Identificación_y_selección_de_EPP.xlsx
[17:14:22] OK: archivo encontrado
[17:14:22] Hoja [0]: 'EPP'
[17:14:22] Hoja [1]: 'Tabla I.1'
[17:14:22] Hoja [2]: 'X supervisor'
[17:14:22] Hoja [3]: 'Para alta'
[17:14:22] Hoja activa: EPP
[17:14:22] Ultima fila con datos: 142
[17:14:22] Fila 6: dep='Contratistas' puesto='Soldador' | depOk=no puestoOk=no
[17:14:22] Fila 7: dep='Contratistas' puesto='Prevencionista' | depOk=no puestoOk=no
[17:14:22] Fila 8: dep='Contratistas' puesto='Ayudante general' | depOk=no puestoOk=no
[17:14:22] Fila 9: dep='Relaciones industriales' puesto='Ayudante general' | depOk=no puestoOk=no
[17:14:22] Fila 10: dep='Relaciones industriales' puesto='Guardia' | depOk=no puestoOk=no
[17:14:22] Fila 11: dep='Relaciones industriales' puesto='Ayudante general' | depOk=no puestoOk=no
[17:14:22] Fila 12: dep='Relaciones industriales' puesto='Personal de intentendencia' | depOk=no puestoOk=no
[17:14:22] Fila 13: dep='Servicios Auxiliares' puesto='Mecánico' | depOk=no puestoOk=no
[17:14:22] Fila 14: dep='Servicios Auxiliares' puesto='Mecánico' | depOk=no puestoOk=no
[17:14:22] Fila 15: dep='Servicios Auxiliares' puesto='Mecánico' | depOk=no puestoOk=no
[17:14:22] Fila 16: dep='Servicios Auxiliares' puesto='Mecánico' | depOk=no puestoOk=no
[17:14:22] Fila 17: dep='Servicios Auxiliares' puesto='Empacador' | depOk=no puestoOk=no
[17:14:22] Fila 18: dep='Telas NoTejidas' puesto='Superintendente mecatronico' | depOk=no puestoOk=no
[17:14:22] Fila 19: dep='Telas NoTejidas' puesto='Ing. Proceso' | depOk=no puestoOk=no
[17:14:22] Fila 20: dep='Telas NoTejidas' puesto='Conductor' | depOk=no puestoOk=no
[17:14:22] Fila 21: dep='Telas NoTejidas' puesto='Ayudante De Operador' | depOk=no puestoOk=no
[17:14:22] Fila 22: dep='Telas NoTejidas' puesto='Empacador' | depOk=no puestoOk=no
[17:14:22] Fila 23: dep='Telas NoTejidas' puesto='Líder de Operación' | depOk=no puestoOk=no
[17:14:22] Fila 24: dep='Telas NoTejidas' puesto='Tecnico Electronico' | depOk=no puestoOk=SI
[17:14:22] Fila 25: dep='Telas NoTejidas' puesto='Mecanico D' | depOk=no puestoOk=no
[17:14:22] Fila 26: dep='Telas NoTejidas' puesto='Mecanico B' | depOk=no puestoOk=no
[17:14:22] Fila 27: dep='Telas NoTejidas' puesto='Electrico D' | depOk=no puestoOk=no
[17:14:22] Fila 28: dep='Telas NoTejidas' puesto='Auxiliar Administrativo' | depOk=no puestoOk=no
[17:14:22] Fila 29: dep='Telas NoTejidas' puesto='Maestro en cardas' | depOk=no puestoOk=no
[17:14:22] Fila 30: dep='Almacén Materia Prima' puesto='Montacarguista' | depOk=no puestoOk=no
[17:14:22] Fila 31: dep='Almacén Materia Prima' puesto='Auxiliar Administrativo' | depOk=no puestoOk=no
[17:14:22] Fila 32: dep='Almacén Materia Prima' puesto='Supervisor' | depOk=no puestoOk=no
[17:14:22] Fila 33: dep='Almacén Materia Prima' puesto='Planeador' | depOk=no puestoOk=no
[17:14:22] Fila 34: dep='Almacén Materia Prima' puesto='Superintendente' | depOk=no puestoOk=no
[17:14:22] Fila 35: dep='Pañal' puesto='sellador' | depOk=no puestoOk=no
[17:14:22] Fila 36: dep='Pañal' puesto='Ing. Proceso' | depOk=no puestoOk=no
[17:14:22] Fila 37: dep='Pañal' puesto='Electrico' | depOk=no puestoOk=no
[17:14:22] Fila 38: dep='Pañal' puesto='Jefe de mantenimiento' | depOk=no puestoOk=no
[17:14:22] Fila 39: dep='Pañal' puesto='Planeador' | depOk=no puestoOk=no
[17:14:22] Fila 40: dep='Pañal' puesto='Electronico' | depOk=no puestoOk=SI
[17:14:22] Fila 41: dep='Pañal' puesto='Supervisor' | depOk=no puestoOk=no
[17:14:22] Fila 42: dep='Pañal' puesto='Super intendente' | depOk=no puestoOk=no
[17:14:22] Fila 43: dep='Pañal' puesto='Conductor' | depOk=no puestoOk=no
[17:14:22] Fila 44: dep='Pañal' puesto='Mecanico' | depOk=no puestoOk=no
[17:14:22] Fila 45: dep='Pañal' puesto='Empacador' | depOk=no puestoOk=no
[17:14:22] Fila 46: dep='Pañal' puesto='Gerente' | depOk=no puestoOk=no
[17:14:22] Fila 47: dep='Pañal' puesto='TSP' | depOk=no puestoOk=no
[17:14:22] Fila 48: dep='Pañal' puesto='Ayudannte' | depOk=no puestoOk=no
[17:14:22] Fila 49: dep='Protección femenina' puesto='Eléctrico' | depOk=no puestoOk=no
[17:14:22] Fila 50: dep='Protección femenina' puesto='Electrónico' | depOk=no puestoOk=SI
[17:14:22] Fila 51: dep='Protección femenina' puesto='Mecánico' | depOk=no puestoOk=no
[17:14:22] Fila 52: dep='Protección femenina' puesto='Ayudante' | depOk=no puestoOk=no
[17:14:22] Fila 53: dep='Protección femenina' puesto='Conductor' | depOk=no puestoOk=no
[17:14:22] Fila 54: dep='Protección femenina' puesto='Empacador' | depOk=no puestoOk=no
[17:14:22] Fila 55: dep='Protección femenina' puesto='Sellador de Linea' | depOk=no puestoOk=no
[17:14:22] Fila 56: dep='Protección femenina' puesto='TCP' | depOk=no puestoOk=no
[17:14:22] Fila 57: dep='Incontinencia' puesto='Gerente de Incontinencia' | depOk=SI puestoOk=no
[17:14:22] Fila 58: dep='Incontinencia' puesto='Superintendente  mantenimiento mecánico' | depOk=SI puestoOk=no
[17:14:22] Fila 59: dep='Incontinencia' puesto='Superintendente mantenimiento electrico' | depOk=SI puestoOk=no
[17:14:22] Fila 60: dep='Incontinencia' puesto='Superintendente de proceso' | depOk=SI puestoOk=no
[17:14:22] Fila 61: dep='Incontinencia' puesto='Supervisor produción' | depOk=SI puestoOk=no
[17:14:22] Fila 62: dep='Incontinencia' puesto='Supervisor Mecánico' | depOk=SI puestoOk=no
[17:14:22] Fila 63: dep='Incontinencia' puesto='Ing. de proceso' | depOk=SI puestoOk=no
[17:14:22] Fila 64: dep='Incontinencia' puesto='Planeador' | depOk=SI puestoOk=no
[17:14:22] Fila 65: dep='Incontinencia' puesto='Electronico' | depOk=SI puestoOk=SI
[17:14:22]    >>> MATCH en fila 65
[17:14:22]       + [Cabeza] B)        Casco dieléctrico
[17:14:22]       + [Ojos y cara] C)        Protector facial
[17:14:22]       + [Oídos] A)        Tapones auditivos
[17:14:22]       + [Aparato respiratorio] A)        Respirador contra partículas
[17:14:22]       + [Extremidades superiores] B)        Guantes dieléctricos
[17:14:22]       + [Tronco] F)      Ropa de alta visibilidad
[17:14:22]       + [Extremidades inferiores] C)        Calzado dieléctrico
[17:14:22]       + [Otros] A)        Equipo de protección contra caídas de altura
[17:14:22] Fila 66: dep='Incontinencia' puesto='Conductor de Maquina' | depOk=SI puestoOk=no
[17:14:22] Fila 67: dep='Incontinencia' puesto='Mecánico categorias A,B,C,D' | depOk=SI puestoOk=no
[17:14:22] Fila 68: dep='Incontinencia' puesto='Electrico categorias A,B,C,D' | depOk=SI puestoOk=no
[17:14:22] Fila 69: dep='Incontinencia' puesto='Ayudannte' | depOk=SI puestoOk=no
[17:14:22] Fila 70: dep='Incontinencia' puesto='sellador' | depOk=SI puestoOk=no
[17:14:22] Fila 71: dep='Incontinencia' puesto='Empacador' | depOk=SI puestoOk=no
[17:14:22] Fila 72: dep='Incontinencia' puesto='Mecánico especialista adhesivos' | depOk=SI puestoOk=no
[17:14:22] Fila 73: dep='Incontinencia' puesto='Mecánico con perfil maquinas herramientas' | depOk=SI puestoOk=no
[17:14:22] Fila 74: sin puesto (depActual='Incontinencia') -> SALTA
[17:14:22] Fila 75: sin puesto (depActual='Incontinencia') -> SALTA
[17:14:22] Fila 76: sin puesto (depActual='Incontinencia') -> SALTA
[17:14:22] Fila 77: sin puesto (depActual='Incontinencia') -> SALTA
[17:14:22] Fila 78: sin puesto (depActual='Incontinencia') -> SALTA
[17:14:22] Fila 79: sin puesto (depActual='Incontinencia') -> SALTA
[17:14:22] Fila 80: sin puesto (depActual='Incontinencia') -> SALTA
[17:14:22] Fila 81: sin puesto (depActual='Incontinencia') -> SALTA
[17:14:22] Fila 82: sin puesto (depActual='Incontinencia') -> SALTA
[17:14:22] Fila 83: sin puesto (depActual='Incontinencia') -> SALTA
[17:14:22] Fila 84: sin puesto (depActual='Incontinencia') -> SALTA
[17:14:22] Fila 85: sin puesto (depActual='Incontinencia') -> SALTA
[17:14:22] Fila 86: sin puesto (depActual='Incontinencia') -> SALTA
[17:14:22] Fila 87: sin puesto (depActual='Incontinencia') -> SALTA
[17:14:22] Fila 88: sin puesto (depActual='Incontinencia') -> SALTA
[17:14:22] Fila 89: sin puesto (depActual='Incontinencia') -> SALTA
[17:14:22] Fila 90: sin puesto (depActual='Incontinencia') -> SALTA
[17:14:22] Fila 91: sin puesto (depActual='Incontinencia') -> SALTA
[17:14:22] Fila 92: sin puesto (depActual='Incontinencia') -> SALTA
[17:14:22] Fila 93: sin puesto (depActual='Incontinencia') -> SALTA
[17:14:22] Fila 94: sin puesto (depActual='Incontinencia') -> SALTA
[17:14:22] Fila 95: sin puesto (depActual='Incontinencia') -> SALTA
[17:14:22] Fila 96: sin puesto (depActual='Incontinencia') -> SALTA
[17:14:22] Fila 97: sin puesto (depActual='Incontinencia') -> SALTA
[17:14:22] Fila 98: sin puesto (depActual='Incontinencia') -> SALTA
[17:14:22] Fila 99: sin puesto (depActual='Incontinencia') -> SALTA
[17:14:22] Fila 100: sin puesto (depActual='Incontinencia') -> SALTA
[17:14:22] Fila 101: sin puesto (depActual='Incontinencia') -> SALTA
[17:14:22] Fila 102: sin puesto (depActual='Incontinencia') -> SALTA
[17:14:22] Fila 103: sin puesto (depActual='Incontinencia') -> SALTA
[17:14:22] Fila 104: sin puesto (depActual='Incontinencia') -> SALTA
[17:14:22] Fila 105: sin puesto (depActual='Incontinencia') -> SALTA
[17:14:22] Fila 106: sin puesto (depActual='Incontinencia') -> SALTA
[17:14:22] Fila 107: sin puesto (depActual='Incontinencia') -> SALTA
[17:14:22] Fila 108: sin puesto (depActual='Incontinencia') -> SALTA
[17:14:22] Fila 109: sin puesto (depActual='Incontinencia') -> SALTA
[17:14:22] Fila 110: sin puesto (depActual='Incontinencia') -> SALTA
[17:14:22] Fila 111: sin puesto (depActual='Incontinencia') -> SALTA
[17:14:22] Fila 112: sin puesto (depActual='Incontinencia') -> SALTA
[17:14:22] Fila 113: sin puesto (depActual='Incontinencia') -> SALTA
[17:14:22] Fila 114: sin puesto (depActual='Incontinencia') -> SALTA
[17:14:22] Fila 115: sin puesto (depActual='Incontinencia') -> SALTA
[17:14:22] Fila 116: sin puesto (depActual='Incontinencia') -> SALTA
[17:14:22] Fila 117: sin puesto (depActual='Incontinencia') -> SALTA
[17:14:22] Fila 118: sin puesto (depActual='Incontinencia') -> SALTA
[17:14:22] Fila 119: sin puesto (depActual='Incontinencia') -> SALTA
[17:14:22] Fila 120: sin puesto (depActual='Incontinencia') -> SALTA
[17:14:22] Fila 121: sin puesto (depActual='Incontinencia') -> SALTA
[17:14:22] Fila 122: sin puesto (depActual='Incontinencia') -> SALTA
[17:14:22] Fila 123: sin puesto (depActual='Incontinencia') -> SALTA
[17:14:22] Fila 124: sin puesto (depActual='Incontinencia') -> SALTA
[17:14:22] Fila 125: sin puesto (depActual='Incontinencia') -> SALTA
[17:14:22] Fila 126: sin puesto (depActual='Incontinencia') -> SALTA
[17:14:22] Fila 127: sin puesto (depActual='Incontinencia') -> SALTA
[17:14:22] Fila 128: sin puesto (depActual='Incontinencia') -> SALTA
[17:14:22] Fila 129: sin puesto (depActual='Incontinencia') -> SALTA
[17:14:22] Fila 130: sin puesto (depActual='Incontinencia') -> SALTA
[17:14:22] Fila 131: sin puesto (depActual='Incontinencia') -> SALTA
[17:14:22] Fila 132: sin puesto (depActual='Incontinencia') -> SALTA
[17:14:22] Fila 133: sin puesto (depActual='Incontinencia') -> SALTA
[17:14:22] Fila 134: sin puesto (depActual='Incontinencia') -> SALTA
[17:14:22] Fila 135: sin puesto (depActual='Incontinencia') -> SALTA
[17:14:22] Fila 136: sin puesto (depActual='Incontinencia') -> SALTA
[17:14:22] Fila 137: sin puesto (depActual='Incontinencia') -> SALTA
[17:14:22] Fila 138: sin puesto (depActual='Incontinencia') -> SALTA
[17:14:22] Fila 139: sin puesto (depActual='Incontinencia') -> SALTA
[17:14:22] Fila 140: sin puesto (depActual='Incontinencia') -> SALTA
[17:14:22] Fila 141: sin puesto (depActual='Incontinencia') -> SALTA
[17:14:22] Fila 142: sin puesto (depActual='Incontinencia') -> SALTA
[17:14:22] Total de equipos encontrados: 8
[17:14:22] ========================================================
[17:21:46] ==================== NUEVA PETICION ====================
[17:21:46] Departamento recibido: 'Administrativo'
[17:21:46] Puesto recibido: 'Supervisor de almacén'
[17:21:46] Departamento normalizado: 'administrativo'
[17:21:46] Puesto normalizado: 'supervisor de almacen'
[17:21:46] Ruta Excel: C:\xampp\htdocs\Mes\KCMes\EPP\php/FO-OSHPS012-01_Identificación_y_selección_de_EPP.xlsx
[17:21:46] OK: archivo encontrado
[17:21:46] Hoja [0]: 'EPP'
[17:21:46] Hoja [1]: 'Tabla I.1'
[17:21:46] Hoja [2]: 'X supervisor'
[17:21:46] Hoja [3]: 'Para alta'
[17:21:46] Hoja activa: EPP
[17:21:46] Ultima fila con datos: 142
[17:21:46] Fila 6: dep='Contratistas' puesto='Soldador' | depOk=no puestoOk=no
[17:21:46] Fila 7: dep='Contratistas' puesto='Prevencionista' | depOk=no puestoOk=no
[17:21:46] Fila 8: dep='Contratistas' puesto='Ayudante general' | depOk=no puestoOk=no
[17:21:46] Fila 9: dep='Relaciones industriales' puesto='Ayudante general' | depOk=no puestoOk=no
[17:21:46] Fila 10: dep='Relaciones industriales' puesto='Guardia' | depOk=no puestoOk=no
[17:21:46] Fila 11: dep='Relaciones industriales' puesto='Ayudante general' | depOk=no puestoOk=no
[17:21:46] Fila 12: dep='Relaciones industriales' puesto='Personal de intentendencia' | depOk=no puestoOk=no
[17:21:46] Fila 13: dep='Servicios Auxiliares' puesto='Mecánico' | depOk=no puestoOk=no
[17:21:46] Fila 14: dep='Servicios Auxiliares' puesto='Mecánico' | depOk=no puestoOk=no
[17:21:46] Fila 15: dep='Servicios Auxiliares' puesto='Mecánico' | depOk=no puestoOk=no
[17:21:46] Fila 16: dep='Servicios Auxiliares' puesto='Mecánico' | depOk=no puestoOk=no
[17:21:46] Fila 17: dep='Servicios Auxiliares' puesto='Empacador' | depOk=no puestoOk=no
[17:21:46] Fila 18: dep='Telas NoTejidas' puesto='Superintendente mecatronico' | depOk=no puestoOk=no
[17:21:46] Fila 19: dep='Telas NoTejidas' puesto='Ing. Proceso' | depOk=no puestoOk=no
[17:21:46] Fila 20: dep='Telas NoTejidas' puesto='Conductor' | depOk=no puestoOk=no
[17:21:46] Fila 21: dep='Telas NoTejidas' puesto='Ayudante De Operador' | depOk=no puestoOk=no
[17:21:46] Fila 22: dep='Telas NoTejidas' puesto='Empacador' | depOk=no puestoOk=no
[17:21:46] Fila 23: dep='Telas NoTejidas' puesto='Líder de Operación' | depOk=no puestoOk=no
[17:21:46] Fila 24: dep='Telas NoTejidas' puesto='Tecnico Electronico' | depOk=no puestoOk=no
[17:21:46] Fila 25: dep='Telas NoTejidas' puesto='Mecanico D' | depOk=no puestoOk=no
[17:21:46] Fila 26: dep='Telas NoTejidas' puesto='Mecanico B' | depOk=no puestoOk=no
[17:21:46] Fila 27: dep='Telas NoTejidas' puesto='Electrico D' | depOk=no puestoOk=no
[17:21:46] Fila 28: dep='Telas NoTejidas' puesto='Auxiliar Administrativo' | depOk=no puestoOk=no
[17:21:46] Fila 29: dep='Telas NoTejidas' puesto='Maestro en cardas' | depOk=no puestoOk=no
[17:21:46] Fila 30: dep='Almacén Materia Prima' puesto='Montacarguista' | depOk=no puestoOk=no
[17:21:46] Fila 31: dep='Almacén Materia Prima' puesto='Auxiliar Administrativo' | depOk=no puestoOk=no
[17:21:46] Fila 32: dep='Almacén Materia Prima' puesto='Supervisor' | depOk=no puestoOk=SI
[17:21:46] Fila 33: dep='Almacén Materia Prima' puesto='Planeador' | depOk=no puestoOk=no
[17:21:46] Fila 34: dep='Almacén Materia Prima' puesto='Superintendente' | depOk=no puestoOk=no
[17:21:46] Fila 35: dep='Pañal' puesto='sellador' | depOk=no puestoOk=no
[17:21:46] Fila 36: dep='Pañal' puesto='Ing. Proceso' | depOk=no puestoOk=no
[17:21:46] Fila 37: dep='Pañal' puesto='Electrico' | depOk=no puestoOk=no
[17:21:46] Fila 38: dep='Pañal' puesto='Jefe de mantenimiento' | depOk=no puestoOk=no
[17:21:46] Fila 39: dep='Pañal' puesto='Planeador' | depOk=no puestoOk=no
[17:21:46] Fila 40: dep='Pañal' puesto='Electronico' | depOk=no puestoOk=no
[17:21:46] Fila 41: dep='Pañal' puesto='Supervisor' | depOk=no puestoOk=SI
[17:21:46] Fila 42: dep='Pañal' puesto='Super intendente' | depOk=no puestoOk=no
[17:21:46] Fila 43: dep='Pañal' puesto='Conductor' | depOk=no puestoOk=no
[17:21:46] Fila 44: dep='Pañal' puesto='Mecanico' | depOk=no puestoOk=no
[17:21:46] Fila 45: dep='Pañal' puesto='Empacador' | depOk=no puestoOk=no
[17:21:46] Fila 46: dep='Pañal' puesto='Gerente' | depOk=no puestoOk=no
[17:21:46] Fila 47: dep='Pañal' puesto='TSP' | depOk=no puestoOk=no
[17:21:46] Fila 48: dep='Pañal' puesto='Ayudannte' | depOk=no puestoOk=no
[17:21:46] Fila 49: dep='Protección femenina' puesto='Eléctrico' | depOk=no puestoOk=no
[17:21:46] Fila 50: dep='Protección femenina' puesto='Electrónico' | depOk=no puestoOk=no
[17:21:46] Fila 51: dep='Protección femenina' puesto='Mecánico' | depOk=no puestoOk=no
[17:21:46] Fila 52: dep='Protección femenina' puesto='Ayudante' | depOk=no puestoOk=no
[17:21:46] Fila 53: dep='Protección femenina' puesto='Conductor' | depOk=no puestoOk=no
[17:21:46] Fila 54: dep='Protección femenina' puesto='Empacador' | depOk=no puestoOk=no
[17:21:46] Fila 55: dep='Protección femenina' puesto='Sellador de Linea' | depOk=no puestoOk=no
[17:21:46] Fila 56: dep='Protección femenina' puesto='TCP' | depOk=no puestoOk=no
[17:21:46] Fila 57: dep='Incontinencia' puesto='Gerente de Incontinencia' | depOk=no puestoOk=no
[17:21:46] Fila 58: dep='Incontinencia' puesto='Superintendente  mantenimiento mecánico' | depOk=no puestoOk=no
[17:21:46] Fila 59: dep='Incontinencia' puesto='Superintendente mantenimiento electrico' | depOk=no puestoOk=no
[17:21:46] Fila 60: dep='Incontinencia' puesto='Superintendente de proceso' | depOk=no puestoOk=no
[17:21:46] Fila 61: dep='Incontinencia' puesto='Supervisor produción' | depOk=no puestoOk=no
[17:21:46] Fila 62: dep='Incontinencia' puesto='Supervisor Mecánico' | depOk=no puestoOk=no
[17:21:46] Fila 63: dep='Incontinencia' puesto='Ing. de proceso' | depOk=no puestoOk=no
[17:21:46] Fila 64: dep='Incontinencia' puesto='Planeador' | depOk=no puestoOk=no
[17:21:46] Fila 65: dep='Incontinencia' puesto='Electronico' | depOk=no puestoOk=no
[17:21:46] Fila 66: dep='Incontinencia' puesto='Conductor de Maquina' | depOk=no puestoOk=no
[17:21:46] Fila 67: dep='Incontinencia' puesto='Mecánico categorias A,B,C,D' | depOk=no puestoOk=no
[17:21:46] Fila 68: dep='Incontinencia' puesto='Electrico categorias A,B,C,D' | depOk=no puestoOk=no
[17:21:46] Fila 69: dep='Incontinencia' puesto='Ayudannte' | depOk=no puestoOk=no
[17:21:46] Fila 70: dep='Incontinencia' puesto='sellador' | depOk=no puestoOk=no
[17:21:46] Fila 71: dep='Incontinencia' puesto='Empacador' | depOk=no puestoOk=no
[17:21:46] Fila 72: dep='Incontinencia' puesto='Mecánico especialista adhesivos' | depOk=no puestoOk=no
[17:21:46] Fila 73: dep='Incontinencia' puesto='Mecánico con perfil maquinas herramientas' | depOk=no puestoOk=no
[17:21:46] Fila 74: sin puesto (depActual='Incontinencia') -> SALTA
[17:21:46] Fila 75: sin puesto (depActual='Incontinencia') -> SALTA
[17:21:46] Fila 76: sin puesto (depActual='Incontinencia') -> SALTA
[17:21:46] Fila 77: sin puesto (depActual='Incontinencia') -> SALTA
[17:21:46] Fila 78: sin puesto (depActual='Incontinencia') -> SALTA
[17:21:46] Fila 79: sin puesto (depActual='Incontinencia') -> SALTA
[17:21:46] Fila 80: sin puesto (depActual='Incontinencia') -> SALTA
[17:21:46] Fila 81: sin puesto (depActual='Incontinencia') -> SALTA
[17:21:46] Fila 82: sin puesto (depActual='Incontinencia') -> SALTA
[17:21:46] Fila 83: sin puesto (depActual='Incontinencia') -> SALTA
[17:21:46] Fila 84: sin puesto (depActual='Incontinencia') -> SALTA
[17:21:46] Fila 85: sin puesto (depActual='Incontinencia') -> SALTA
[17:21:46] Fila 86: sin puesto (depActual='Incontinencia') -> SALTA
[17:21:46] Fila 87: sin puesto (depActual='Incontinencia') -> SALTA
[17:21:46] Fila 88: sin puesto (depActual='Incontinencia') -> SALTA
[17:21:46] Fila 89: sin puesto (depActual='Incontinencia') -> SALTA
[17:21:46] Fila 90: sin puesto (depActual='Incontinencia') -> SALTA
[17:21:46] Fila 91: sin puesto (depActual='Incontinencia') -> SALTA
[17:21:46] Fila 92: sin puesto (depActual='Incontinencia') -> SALTA
[17:21:46] Fila 93: sin puesto (depActual='Incontinencia') -> SALTA
[17:21:46] Fila 94: sin puesto (depActual='Incontinencia') -> SALTA
[17:21:46] Fila 95: sin puesto (depActual='Incontinencia') -> SALTA
[17:21:46] Fila 96: sin puesto (depActual='Incontinencia') -> SALTA
[17:21:46] Fila 97: sin puesto (depActual='Incontinencia') -> SALTA
[17:21:46] Fila 98: sin puesto (depActual='Incontinencia') -> SALTA
[17:21:46] Fila 99: sin puesto (depActual='Incontinencia') -> SALTA
[17:21:46] Fila 100: sin puesto (depActual='Incontinencia') -> SALTA
[17:21:46] Fila 101: sin puesto (depActual='Incontinencia') -> SALTA
[17:21:46] Fila 102: sin puesto (depActual='Incontinencia') -> SALTA
[17:21:46] Fila 103: sin puesto (depActual='Incontinencia') -> SALTA
[17:21:46] Fila 104: sin puesto (depActual='Incontinencia') -> SALTA
[17:21:46] Fila 105: sin puesto (depActual='Incontinencia') -> SALTA
[17:21:46] Fila 106: sin puesto (depActual='Incontinencia') -> SALTA
[17:21:46] Fila 107: sin puesto (depActual='Incontinencia') -> SALTA
[17:21:46] Fila 108: sin puesto (depActual='Incontinencia') -> SALTA
[17:21:46] Fila 109: sin puesto (depActual='Incontinencia') -> SALTA
[17:21:46] Fila 110: sin puesto (depActual='Incontinencia') -> SALTA
[17:21:46] Fila 111: sin puesto (depActual='Incontinencia') -> SALTA
[17:21:46] Fila 112: sin puesto (depActual='Incontinencia') -> SALTA
[17:21:46] Fila 113: sin puesto (depActual='Incontinencia') -> SALTA
[17:21:46] Fila 114: sin puesto (depActual='Incontinencia') -> SALTA
[17:21:46] Fila 115: sin puesto (depActual='Incontinencia') -> SALTA
[17:21:46] Fila 116: sin puesto (depActual='Incontinencia') -> SALTA
[17:21:46] Fila 117: sin puesto (depActual='Incontinencia') -> SALTA
[17:21:46] Fila 118: sin puesto (depActual='Incontinencia') -> SALTA
[17:21:46] Fila 119: sin puesto (depActual='Incontinencia') -> SALTA
[17:21:46] Fila 120: sin puesto (depActual='Incontinencia') -> SALTA
[17:21:46] Fila 121: sin puesto (depActual='Incontinencia') -> SALTA
[17:21:46] Fila 122: sin puesto (depActual='Incontinencia') -> SALTA
[17:21:46] Fila 123: sin puesto (depActual='Incontinencia') -> SALTA
[17:21:46] Fila 124: sin puesto (depActual='Incontinencia') -> SALTA
[17:21:46] Fila 125: sin puesto (depActual='Incontinencia') -> SALTA
[17:21:46] Fila 126: sin puesto (depActual='Incontinencia') -> SALTA
[17:21:46] Fila 127: sin puesto (depActual='Incontinencia') -> SALTA
[17:21:46] Fila 128: sin puesto (depActual='Incontinencia') -> SALTA
[17:21:46] Fila 129: sin puesto (depActual='Incontinencia') -> SALTA
[17:21:46] Fila 130: sin puesto (depActual='Incontinencia') -> SALTA
[17:21:46] Fila 131: sin puesto (depActual='Incontinencia') -> SALTA
[17:21:46] Fila 132: sin puesto (depActual='Incontinencia') -> SALTA
[17:21:46] Fila 133: sin puesto (depActual='Incontinencia') -> SALTA
[17:21:46] Fila 134: sin puesto (depActual='Incontinencia') -> SALTA
[17:21:46] Fila 135: sin puesto (depActual='Incontinencia') -> SALTA
[17:21:46] Fila 136: sin puesto (depActual='Incontinencia') -> SALTA
[17:21:46] Fila 137: sin puesto (depActual='Incontinencia') -> SALTA
[17:21:46] Fila 138: sin puesto (depActual='Incontinencia') -> SALTA
[17:21:46] Fila 139: sin puesto (depActual='Incontinencia') -> SALTA
[17:21:46] Fila 140: sin puesto (depActual='Incontinencia') -> SALTA
[17:21:46] Fila 141: sin puesto (depActual='Incontinencia') -> SALTA
[17:21:46] Fila 142: sin puesto (depActual='Incontinencia') -> SALTA
[17:21:46] Total de equipos encontrados: 0
[17:21:46] ========================================================
[17:22:19] ==================== NUEVA PETICION ====================
[17:22:19] Departamento recibido: 'Almacén de producto terminado'
[17:22:19] Puesto recibido: 'Tractorista'
[17:22:19] Departamento normalizado: 'almacen de producto terminado'
[17:22:19] Puesto normalizado: 'tractorista'
[17:22:19] Ruta Excel: C:\xampp\htdocs\Mes\KCMes\EPP\php/FO-OSHPS012-01_Identificación_y_selección_de_EPP.xlsx
[17:22:19] OK: archivo encontrado
[17:22:19] Hoja [0]: 'EPP'
[17:22:19] Hoja [1]: 'Tabla I.1'
[17:22:19] Hoja [2]: 'X supervisor'
[17:22:19] Hoja [3]: 'Para alta'
[17:22:19] Hoja activa: EPP
[17:22:19] Ultima fila con datos: 142
[17:22:19] Fila 6: dep='Contratistas' puesto='Soldador' | depOk=no puestoOk=no
[17:22:19] Fila 7: dep='Contratistas' puesto='Prevencionista' | depOk=no puestoOk=no
[17:22:19] Fila 8: dep='Contratistas' puesto='Ayudante general' | depOk=no puestoOk=no
[17:22:19] Fila 9: dep='Relaciones industriales' puesto='Ayudante general' | depOk=no puestoOk=no
[17:22:19] Fila 10: dep='Relaciones industriales' puesto='Guardia' | depOk=no puestoOk=no
[17:22:19] Fila 11: dep='Relaciones industriales' puesto='Ayudante general' | depOk=no puestoOk=no
[17:22:19] Fila 12: dep='Relaciones industriales' puesto='Personal de intentendencia' | depOk=no puestoOk=no
[17:22:19] Fila 13: dep='Servicios Auxiliares' puesto='Mecánico' | depOk=no puestoOk=no
[17:22:19] Fila 14: dep='Servicios Auxiliares' puesto='Mecánico' | depOk=no puestoOk=no
[17:22:19] Fila 15: dep='Servicios Auxiliares' puesto='Mecánico' | depOk=no puestoOk=no
[17:22:19] Fila 16: dep='Servicios Auxiliares' puesto='Mecánico' | depOk=no puestoOk=no
[17:22:19] Fila 17: dep='Servicios Auxiliares' puesto='Empacador' | depOk=no puestoOk=no
[17:22:19] Fila 18: dep='Telas NoTejidas' puesto='Superintendente mecatronico' | depOk=no puestoOk=no
[17:22:19] Fila 19: dep='Telas NoTejidas' puesto='Ing. Proceso' | depOk=no puestoOk=no
[17:22:19] Fila 20: dep='Telas NoTejidas' puesto='Conductor' | depOk=no puestoOk=no
[17:22:19] Fila 21: dep='Telas NoTejidas' puesto='Ayudante De Operador' | depOk=no puestoOk=no
[17:22:19] Fila 22: dep='Telas NoTejidas' puesto='Empacador' | depOk=no puestoOk=no
[17:22:19] Fila 23: dep='Telas NoTejidas' puesto='Líder de Operación' | depOk=no puestoOk=no
[17:22:19] Fila 24: dep='Telas NoTejidas' puesto='Tecnico Electronico' | depOk=no puestoOk=no
[17:22:19] Fila 25: dep='Telas NoTejidas' puesto='Mecanico D' | depOk=no puestoOk=no
[17:22:19] Fila 26: dep='Telas NoTejidas' puesto='Mecanico B' | depOk=no puestoOk=no
[17:22:19] Fila 27: dep='Telas NoTejidas' puesto='Electrico D' | depOk=no puestoOk=no
[17:22:19] Fila 28: dep='Telas NoTejidas' puesto='Auxiliar Administrativo' | depOk=no puestoOk=no
[17:22:19] Fila 29: dep='Telas NoTejidas' puesto='Maestro en cardas' | depOk=no puestoOk=no
[17:22:19] Fila 30: dep='Almacén Materia Prima' puesto='Montacarguista' | depOk=no puestoOk=no
[17:22:19] Fila 31: dep='Almacén Materia Prima' puesto='Auxiliar Administrativo' | depOk=no puestoOk=no
[17:22:19] Fila 32: dep='Almacén Materia Prima' puesto='Supervisor' | depOk=no puestoOk=no
[17:22:19] Fila 33: dep='Almacén Materia Prima' puesto='Planeador' | depOk=no puestoOk=no
[17:22:19] Fila 34: dep='Almacén Materia Prima' puesto='Superintendente' | depOk=no puestoOk=no
[17:22:19] Fila 35: dep='Pañal' puesto='sellador' | depOk=no puestoOk=no
[17:22:19] Fila 36: dep='Pañal' puesto='Ing. Proceso' | depOk=no puestoOk=no
[17:22:19] Fila 37: dep='Pañal' puesto='Electrico' | depOk=no puestoOk=no
[17:22:19] Fila 38: dep='Pañal' puesto='Jefe de mantenimiento' | depOk=no puestoOk=no
[17:22:19] Fila 39: dep='Pañal' puesto='Planeador' | depOk=no puestoOk=no
[17:22:19] Fila 40: dep='Pañal' puesto='Electronico' | depOk=no puestoOk=no
[17:22:19] Fila 41: dep='Pañal' puesto='Supervisor' | depOk=no puestoOk=no
[17:22:19] Fila 42: dep='Pañal' puesto='Super intendente' | depOk=no puestoOk=no
[17:22:19] Fila 43: dep='Pañal' puesto='Conductor' | depOk=no puestoOk=no
[17:22:19] Fila 44: dep='Pañal' puesto='Mecanico' | depOk=no puestoOk=no
[17:22:19] Fila 45: dep='Pañal' puesto='Empacador' | depOk=no puestoOk=no
[17:22:19] Fila 46: dep='Pañal' puesto='Gerente' | depOk=no puestoOk=no
[17:22:19] Fila 47: dep='Pañal' puesto='TSP' | depOk=no puestoOk=no
[17:22:19] Fila 48: dep='Pañal' puesto='Ayudannte' | depOk=no puestoOk=no
[17:22:19] Fila 49: dep='Protección femenina' puesto='Eléctrico' | depOk=no puestoOk=no
[17:22:19] Fila 50: dep='Protección femenina' puesto='Electrónico' | depOk=no puestoOk=no
[17:22:19] Fila 51: dep='Protección femenina' puesto='Mecánico' | depOk=no puestoOk=no
[17:22:19] Fila 52: dep='Protección femenina' puesto='Ayudante' | depOk=no puestoOk=no
[17:22:19] Fila 53: dep='Protección femenina' puesto='Conductor' | depOk=no puestoOk=no
[17:22:19] Fila 54: dep='Protección femenina' puesto='Empacador' | depOk=no puestoOk=no
[17:22:19] Fila 55: dep='Protección femenina' puesto='Sellador de Linea' | depOk=no puestoOk=no
[17:22:19] Fila 56: dep='Protección femenina' puesto='TCP' | depOk=no puestoOk=no
[17:22:19] Fila 57: dep='Incontinencia' puesto='Gerente de Incontinencia' | depOk=no puestoOk=no
[17:22:19] Fila 58: dep='Incontinencia' puesto='Superintendente  mantenimiento mecánico' | depOk=no puestoOk=no
[17:22:19] Fila 59: dep='Incontinencia' puesto='Superintendente mantenimiento electrico' | depOk=no puestoOk=no
[17:22:19] Fila 60: dep='Incontinencia' puesto='Superintendente de proceso' | depOk=no puestoOk=no
[17:22:19] Fila 61: dep='Incontinencia' puesto='Supervisor produción' | depOk=no puestoOk=no
[17:22:19] Fila 62: dep='Incontinencia' puesto='Supervisor Mecánico' | depOk=no puestoOk=no
[17:22:19] Fila 63: dep='Incontinencia' puesto='Ing. de proceso' | depOk=no puestoOk=no
[17:22:19] Fila 64: dep='Incontinencia' puesto='Planeador' | depOk=no puestoOk=no
[17:22:19] Fila 65: dep='Incontinencia' puesto='Electronico' | depOk=no puestoOk=no
[17:22:19] Fila 66: dep='Incontinencia' puesto='Conductor de Maquina' | depOk=no puestoOk=no
[17:22:19] Fila 67: dep='Incontinencia' puesto='Mecánico categorias A,B,C,D' | depOk=no puestoOk=no
[17:22:19] Fila 68: dep='Incontinencia' puesto='Electrico categorias A,B,C,D' | depOk=no puestoOk=no
[17:22:19] Fila 69: dep='Incontinencia' puesto='Ayudannte' | depOk=no puestoOk=no
[17:22:19] Fila 70: dep='Incontinencia' puesto='sellador' | depOk=no puestoOk=no
[17:22:19] Fila 71: dep='Incontinencia' puesto='Empacador' | depOk=no puestoOk=no
[17:22:19] Fila 72: dep='Incontinencia' puesto='Mecánico especialista adhesivos' | depOk=no puestoOk=no
[17:22:19] Fila 73: dep='Incontinencia' puesto='Mecánico con perfil maquinas herramientas' | depOk=no puestoOk=no
[17:22:19] Fila 74: sin puesto (depActual='Incontinencia') -> SALTA
[17:22:19] Fila 75: sin puesto (depActual='Incontinencia') -> SALTA
[17:22:19] Fila 76: sin puesto (depActual='Incontinencia') -> SALTA
[17:22:19] Fila 77: sin puesto (depActual='Incontinencia') -> SALTA
[17:22:19] Fila 78: sin puesto (depActual='Incontinencia') -> SALTA
[17:22:19] Fila 79: sin puesto (depActual='Incontinencia') -> SALTA
[17:22:19] Fila 80: sin puesto (depActual='Incontinencia') -> SALTA
[17:22:19] Fila 81: sin puesto (depActual='Incontinencia') -> SALTA
[17:22:19] Fila 82: sin puesto (depActual='Incontinencia') -> SALTA
[17:22:19] Fila 83: sin puesto (depActual='Incontinencia') -> SALTA
[17:22:19] Fila 84: sin puesto (depActual='Incontinencia') -> SALTA
[17:22:19] Fila 85: sin puesto (depActual='Incontinencia') -> SALTA
[17:22:19] Fila 86: sin puesto (depActual='Incontinencia') -> SALTA
[17:22:19] Fila 87: sin puesto (depActual='Incontinencia') -> SALTA
[17:22:19] Fila 88: sin puesto (depActual='Incontinencia') -> SALTA
[17:22:19] Fila 89: sin puesto (depActual='Incontinencia') -> SALTA
[17:22:19] Fila 90: sin puesto (depActual='Incontinencia') -> SALTA
[17:22:19] Fila 91: sin puesto (depActual='Incontinencia') -> SALTA
[17:22:19] Fila 92: sin puesto (depActual='Incontinencia') -> SALTA
[17:22:19] Fila 93: sin puesto (depActual='Incontinencia') -> SALTA
[17:22:19] Fila 94: sin puesto (depActual='Incontinencia') -> SALTA
[17:22:19] Fila 95: sin puesto (depActual='Incontinencia') -> SALTA
[17:22:19] Fila 96: sin puesto (depActual='Incontinencia') -> SALTA
[17:22:19] Fila 97: sin puesto (depActual='Incontinencia') -> SALTA
[17:22:19] Fila 98: sin puesto (depActual='Incontinencia') -> SALTA
[17:22:19] Fila 99: sin puesto (depActual='Incontinencia') -> SALTA
[17:22:19] Fila 100: sin puesto (depActual='Incontinencia') -> SALTA
[17:22:19] Fila 101: sin puesto (depActual='Incontinencia') -> SALTA
[17:22:19] Fila 102: sin puesto (depActual='Incontinencia') -> SALTA
[17:22:19] Fila 103: sin puesto (depActual='Incontinencia') -> SALTA
[17:22:19] Fila 104: sin puesto (depActual='Incontinencia') -> SALTA
[17:22:19] Fila 105: sin puesto (depActual='Incontinencia') -> SALTA
[17:22:19] Fila 106: sin puesto (depActual='Incontinencia') -> SALTA
[17:22:19] Fila 107: sin puesto (depActual='Incontinencia') -> SALTA
[17:22:19] Fila 108: sin puesto (depActual='Incontinencia') -> SALTA
[17:22:19] Fila 109: sin puesto (depActual='Incontinencia') -> SALTA
[17:22:19] Fila 110: sin puesto (depActual='Incontinencia') -> SALTA
[17:22:19] Fila 111: sin puesto (depActual='Incontinencia') -> SALTA
[17:22:19] Fila 112: sin puesto (depActual='Incontinencia') -> SALTA
[17:22:19] Fila 113: sin puesto (depActual='Incontinencia') -> SALTA
[17:22:19] Fila 114: sin puesto (depActual='Incontinencia') -> SALTA
[17:22:19] Fila 115: sin puesto (depActual='Incontinencia') -> SALTA
[17:22:19] Fila 116: sin puesto (depActual='Incontinencia') -> SALTA
[17:22:19] Fila 117: sin puesto (depActual='Incontinencia') -> SALTA
[17:22:19] Fila 118: sin puesto (depActual='Incontinencia') -> SALTA
[17:22:19] Fila 119: sin puesto (depActual='Incontinencia') -> SALTA
[17:22:19] Fila 120: sin puesto (depActual='Incontinencia') -> SALTA
[17:22:19] Fila 121: sin puesto (depActual='Incontinencia') -> SALTA
[17:22:19] Fila 122: sin puesto (depActual='Incontinencia') -> SALTA
[17:22:19] Fila 123: sin puesto (depActual='Incontinencia') -> SALTA
[17:22:19] Fila 124: sin puesto (depActual='Incontinencia') -> SALTA
[17:22:19] Fila 125: sin puesto (depActual='Incontinencia') -> SALTA
[17:22:19] Fila 126: sin puesto (depActual='Incontinencia') -> SALTA
[17:22:19] Fila 127: sin puesto (depActual='Incontinencia') -> SALTA
[17:22:19] Fila 128: sin puesto (depActual='Incontinencia') -> SALTA
[17:22:19] Fila 129: sin puesto (depActual='Incontinencia') -> SALTA
[17:22:19] Fila 130: sin puesto (depActual='Incontinencia') -> SALTA
[17:22:19] Fila 131: sin puesto (depActual='Incontinencia') -> SALTA
[17:22:19] Fila 132: sin puesto (depActual='Incontinencia') -> SALTA
[17:22:19] Fila 133: sin puesto (depActual='Incontinencia') -> SALTA
[17:22:19] Fila 134: sin puesto (depActual='Incontinencia') -> SALTA
[17:22:19] Fila 135: sin puesto (depActual='Incontinencia') -> SALTA
[17:22:19] Fila 136: sin puesto (depActual='Incontinencia') -> SALTA
[17:22:19] Fila 137: sin puesto (depActual='Incontinencia') -> SALTA
[17:22:19] Fila 138: sin puesto (depActual='Incontinencia') -> SALTA
[17:22:19] Fila 139: sin puesto (depActual='Incontinencia') -> SALTA
[17:22:19] Fila 140: sin puesto (depActual='Incontinencia') -> SALTA
[17:22:19] Fila 141: sin puesto (depActual='Incontinencia') -> SALTA
[17:22:19] Fila 142: sin puesto (depActual='Incontinencia') -> SALTA
[17:22:19] Total de equipos encontrados: 0
[17:22:19] ========================================================
[17:22:58] ==================== NUEVA PETICION ====================
[17:22:58] Departamento recibido: 'Sin Depto'
[17:22:58] Puesto recibido: 'Sin Puesto'
[17:22:58] Departamento normalizado: 'sin depto'
[17:22:58] Puesto normalizado: 'sin puesto'
[17:22:58] Ruta Excel: C:\xampp\htdocs\Mes\KCMes\EPP\php/FO-OSHPS012-01_Identificación_y_selección_de_EPP.xlsx
[17:22:58] OK: archivo encontrado
[17:23:00] Hoja [0]: 'EPP'
[17:23:00] Hoja [1]: 'Tabla I.1'
[17:23:00] Hoja [2]: 'X supervisor'
[17:23:00] Hoja [3]: 'Para alta'
[17:23:00] Hoja activa: EPP
[17:23:00] Ultima fila con datos: 142
[17:23:00] Fila 6: dep='Contratistas' puesto='Soldador' | depOk=no puestoOk=no
[17:23:00] Fila 7: dep='Contratistas' puesto='Prevencionista' | depOk=no puestoOk=no
[17:23:00] Fila 8: dep='Contratistas' puesto='Ayudante general' | depOk=no puestoOk=no
[17:23:00] Fila 9: dep='Relaciones industriales' puesto='Ayudante general' | depOk=no puestoOk=no
[17:23:00] Fila 10: dep='Relaciones industriales' puesto='Guardia' | depOk=no puestoOk=no
[17:23:00] Fila 11: dep='Relaciones industriales' puesto='Ayudante general' | depOk=no puestoOk=no
[17:23:00] Fila 12: dep='Relaciones industriales' puesto='Personal de intentendencia' | depOk=no puestoOk=no
[17:23:00] Fila 13: dep='Servicios Auxiliares' puesto='Mecánico' | depOk=no puestoOk=no
[17:23:00] Fila 14: dep='Servicios Auxiliares' puesto='Mecánico' | depOk=no puestoOk=no
[17:23:00] Fila 15: dep='Servicios Auxiliares' puesto='Mecánico' | depOk=no puestoOk=no
[17:23:00] Fila 16: dep='Servicios Auxiliares' puesto='Mecánico' | depOk=no puestoOk=no
[17:23:00] Fila 17: dep='Servicios Auxiliares' puesto='Empacador' | depOk=no puestoOk=no
[17:23:00] Fila 18: dep='Telas NoTejidas' puesto='Superintendente mecatronico' | depOk=no puestoOk=no
[17:23:00] Fila 19: dep='Telas NoTejidas' puesto='Ing. Proceso' | depOk=no puestoOk=no
[17:23:00] Fila 20: dep='Telas NoTejidas' puesto='Conductor' | depOk=no puestoOk=no
[17:23:00] Fila 21: dep='Telas NoTejidas' puesto='Ayudante De Operador' | depOk=no puestoOk=no
[17:23:00] Fila 22: dep='Telas NoTejidas' puesto='Empacador' | depOk=no puestoOk=no
[17:23:00] Fila 23: dep='Telas NoTejidas' puesto='Líder de Operación' | depOk=no puestoOk=no
[17:23:00] Fila 24: dep='Telas NoTejidas' puesto='Tecnico Electronico' | depOk=no puestoOk=no
[17:23:00] Fila 25: dep='Telas NoTejidas' puesto='Mecanico D' | depOk=no puestoOk=no
[17:23:00] Fila 26: dep='Telas NoTejidas' puesto='Mecanico B' | depOk=no puestoOk=no
[17:23:00] Fila 27: dep='Telas NoTejidas' puesto='Electrico D' | depOk=no puestoOk=no
[17:23:00] Fila 28: dep='Telas NoTejidas' puesto='Auxiliar Administrativo' | depOk=no puestoOk=no
[17:23:00] Fila 29: dep='Telas NoTejidas' puesto='Maestro en cardas' | depOk=no puestoOk=no
[17:23:00] Fila 30: dep='Almacén Materia Prima' puesto='Montacarguista' | depOk=no puestoOk=no
[17:23:00] Fila 31: dep='Almacén Materia Prima' puesto='Auxiliar Administrativo' | depOk=no puestoOk=no
[17:23:00] Fila 32: dep='Almacén Materia Prima' puesto='Supervisor' | depOk=no puestoOk=no
[17:23:00] Fila 33: dep='Almacén Materia Prima' puesto='Planeador' | depOk=no puestoOk=no
[17:23:00] Fila 34: dep='Almacén Materia Prima' puesto='Superintendente' | depOk=no puestoOk=no
[17:23:00] Fila 35: dep='Pañal' puesto='sellador' | depOk=no puestoOk=no
[17:23:00] Fila 36: dep='Pañal' puesto='Ing. Proceso' | depOk=no puestoOk=no
[17:23:00] Fila 37: dep='Pañal' puesto='Electrico' | depOk=no puestoOk=no
[17:23:00] Fila 38: dep='Pañal' puesto='Jefe de mantenimiento' | depOk=no puestoOk=no
[17:23:00] Fila 39: dep='Pañal' puesto='Planeador' | depOk=no puestoOk=no
[17:23:00] Fila 40: dep='Pañal' puesto='Electronico' | depOk=no puestoOk=no
[17:23:00] Fila 41: dep='Pañal' puesto='Supervisor' | depOk=no puestoOk=no
[17:23:00] Fila 42: dep='Pañal' puesto='Super intendente' | depOk=no puestoOk=no
[17:23:00] Fila 43: dep='Pañal' puesto='Conductor' | depOk=no puestoOk=no
[17:23:00] Fila 44: dep='Pañal' puesto='Mecanico' | depOk=no puestoOk=no
[17:23:00] Fila 45: dep='Pañal' puesto='Empacador' | depOk=no puestoOk=no
[17:23:00] Fila 46: dep='Pañal' puesto='Gerente' | depOk=no puestoOk=no
[17:23:00] Fila 47: dep='Pañal' puesto='TSP' | depOk=no puestoOk=no
[17:23:00] Fila 48: dep='Pañal' puesto='Ayudannte' | depOk=no puestoOk=no
[17:23:00] Fila 49: dep='Protección femenina' puesto='Eléctrico' | depOk=no puestoOk=no
[17:23:00] Fila 50: dep='Protección femenina' puesto='Electrónico' | depOk=no puestoOk=no
[17:23:00] Fila 51: dep='Protección femenina' puesto='Mecánico' | depOk=no puestoOk=no
[17:23:00] Fila 52: dep='Protección femenina' puesto='Ayudante' | depOk=no puestoOk=no
[17:23:00] Fila 53: dep='Protección femenina' puesto='Conductor' | depOk=no puestoOk=no
[17:23:00] Fila 54: dep='Protección femenina' puesto='Empacador' | depOk=no puestoOk=no
[17:23:00] Fila 55: dep='Protección femenina' puesto='Sellador de Linea' | depOk=no puestoOk=no
[17:23:00] Fila 56: dep='Protección femenina' puesto='TCP' | depOk=no puestoOk=no
[17:23:00] Fila 57: dep='Incontinencia' puesto='Gerente de Incontinencia' | depOk=no puestoOk=no
[17:23:00] Fila 58: dep='Incontinencia' puesto='Superintendente  mantenimiento mecánico' | depOk=no puestoOk=no
[17:23:00] Fila 59: dep='Incontinencia' puesto='Superintendente mantenimiento electrico' | depOk=no puestoOk=no
[17:23:00] Fila 60: dep='Incontinencia' puesto='Superintendente de proceso' | depOk=no puestoOk=no
[17:23:00] Fila 61: dep='Incontinencia' puesto='Supervisor produción' | depOk=no puestoOk=no
[17:23:00] Fila 62: dep='Incontinencia' puesto='Supervisor Mecánico' | depOk=no puestoOk=no
[17:23:00] Fila 63: dep='Incontinencia' puesto='Ing. de proceso' | depOk=no puestoOk=no
[17:23:00] Fila 64: dep='Incontinencia' puesto='Planeador' | depOk=no puestoOk=no
[17:23:00] Fila 65: dep='Incontinencia' puesto='Electronico' | depOk=no puestoOk=no
[17:23:00] Fila 66: dep='Incontinencia' puesto='Conductor de Maquina' | depOk=no puestoOk=no
[17:23:00] Fila 67: dep='Incontinencia' puesto='Mecánico categorias A,B,C,D' | depOk=no puestoOk=no
[17:23:00] Fila 68: dep='Incontinencia' puesto='Electrico categorias A,B,C,D' | depOk=no puestoOk=no
[17:23:00] Fila 69: dep='Incontinencia' puesto='Ayudannte' | depOk=no puestoOk=no
[17:23:00] Fila 70: dep='Incontinencia' puesto='sellador' | depOk=no puestoOk=no
[17:23:00] Fila 71: dep='Incontinencia' puesto='Empacador' | depOk=no puestoOk=no
[17:23:00] Fila 72: dep='Incontinencia' puesto='Mecánico especialista adhesivos' | depOk=no puestoOk=no
[17:23:00] Fila 73: dep='Incontinencia' puesto='Mecánico con perfil maquinas herramientas' | depOk=no puestoOk=no
[17:23:00] Fila 74: sin puesto (depActual='Incontinencia') -> SALTA
[17:23:00] Fila 75: sin puesto (depActual='Incontinencia') -> SALTA
[17:23:00] Fila 76: sin puesto (depActual='Incontinencia') -> SALTA
[17:23:00] Fila 77: sin puesto (depActual='Incontinencia') -> SALTA
[17:23:00] Fila 78: sin puesto (depActual='Incontinencia') -> SALTA
[17:23:00] Fila 79: sin puesto (depActual='Incontinencia') -> SALTA
[17:23:00] Fila 80: sin puesto (depActual='Incontinencia') -> SALTA
[17:23:00] Fila 81: sin puesto (depActual='Incontinencia') -> SALTA
[17:23:00] Fila 82: sin puesto (depActual='Incontinencia') -> SALTA
[17:23:00] Fila 83: sin puesto (depActual='Incontinencia') -> SALTA
[17:23:00] Fila 84: sin puesto (depActual='Incontinencia') -> SALTA
[17:23:00] Fila 85: sin puesto (depActual='Incontinencia') -> SALTA
[17:23:00] Fila 86: sin puesto (depActual='Incontinencia') -> SALTA
[17:23:00] Fila 87: sin puesto (depActual='Incontinencia') -> SALTA
[17:23:00] Fila 88: sin puesto (depActual='Incontinencia') -> SALTA
[17:23:00] Fila 89: sin puesto (depActual='Incontinencia') -> SALTA
[17:23:00] Fila 90: sin puesto (depActual='Incontinencia') -> SALTA
[17:23:00] Fila 91: sin puesto (depActual='Incontinencia') -> SALTA
[17:23:00] Fila 92: sin puesto (depActual='Incontinencia') -> SALTA
[17:23:00] Fila 93: sin puesto (depActual='Incontinencia') -> SALTA
[17:23:00] Fila 94: sin puesto (depActual='Incontinencia') -> SALTA
[17:23:00] Fila 95: sin puesto (depActual='Incontinencia') -> SALTA
[17:23:00] Fila 96: sin puesto (depActual='Incontinencia') -> SALTA
[17:23:00] Fila 97: sin puesto (depActual='Incontinencia') -> SALTA
[17:23:00] Fila 98: sin puesto (depActual='Incontinencia') -> SALTA
[17:23:00] Fila 99: sin puesto (depActual='Incontinencia') -> SALTA
[17:23:00] Fila 100: sin puesto (depActual='Incontinencia') -> SALTA
[17:23:00] Fila 101: sin puesto (depActual='Incontinencia') -> SALTA
[17:23:00] Fila 102: sin puesto (depActual='Incontinencia') -> SALTA
[17:23:00] Fila 103: sin puesto (depActual='Incontinencia') -> SALTA
[17:23:00] Fila 104: sin puesto (depActual='Incontinencia') -> SALTA
[17:23:00] Fila 105: sin puesto (depActual='Incontinencia') -> SALTA
[17:23:00] Fila 106: sin puesto (depActual='Incontinencia') -> SALTA
[17:23:00] Fila 107: sin puesto (depActual='Incontinencia') -> SALTA
[17:23:00] Fila 108: sin puesto (depActual='Incontinencia') -> SALTA
[17:23:00] Fila 109: sin puesto (depActual='Incontinencia') -> SALTA
[17:23:00] Fila 110: sin puesto (depActual='Incontinencia') -> SALTA
[17:23:00] Fila 111: sin puesto (depActual='Incontinencia') -> SALTA
[17:23:00] Fila 112: sin puesto (depActual='Incontinencia') -> SALTA
[17:23:00] Fila 113: sin puesto (depActual='Incontinencia') -> SALTA
[17:23:00] Fila 114: sin puesto (depActual='Incontinencia') -> SALTA
[17:23:00] Fila 115: sin puesto (depActual='Incontinencia') -> SALTA
[17:23:00] Fila 116: sin puesto (depActual='Incontinencia') -> SALTA
[17:23:00] Fila 117: sin puesto (depActual='Incontinencia') -> SALTA
[17:23:00] Fila 118: sin puesto (depActual='Incontinencia') -> SALTA
[17:23:00] Fila 119: sin puesto (depActual='Incontinencia') -> SALTA
[17:23:00] Fila 120: sin puesto (depActual='Incontinencia') -> SALTA
[17:23:00] Fila 121: sin puesto (depActual='Incontinencia') -> SALTA
[17:23:00] Fila 122: sin puesto (depActual='Incontinencia') -> SALTA
[17:23:00] Fila 123: sin puesto (depActual='Incontinencia') -> SALTA
[17:23:00] Fila 124: sin puesto (depActual='Incontinencia') -> SALTA
[17:23:00] Fila 125: sin puesto (depActual='Incontinencia') -> SALTA
[17:23:00] Fila 126: sin puesto (depActual='Incontinencia') -> SALTA
[17:23:00] Fila 127: sin puesto (depActual='Incontinencia') -> SALTA
[17:23:00] Fila 128: sin puesto (depActual='Incontinencia') -> SALTA
[17:23:00] Fila 129: sin puesto (depActual='Incontinencia') -> SALTA
[17:23:00] Fila 130: sin puesto (depActual='Incontinencia') -> SALTA
[17:23:00] Fila 131: sin puesto (depActual='Incontinencia') -> SALTA
[17:23:00] Fila 132: sin puesto (depActual='Incontinencia') -> SALTA
[17:23:00] Fila 133: sin puesto (depActual='Incontinencia') -> SALTA
[17:23:00] Fila 134: sin puesto (depActual='Incontinencia') -> SALTA
[17:23:00] Fila 135: sin puesto (depActual='Incontinencia') -> SALTA
[17:23:00] Fila 136: sin puesto (depActual='Incontinencia') -> SALTA
[17:23:00] Fila 137: sin puesto (depActual='Incontinencia') -> SALTA
[17:23:00] Fila 138: sin puesto (depActual='Incontinencia') -> SALTA
[17:23:00] Fila 139: sin puesto (depActual='Incontinencia') -> SALTA
[17:23:00] Fila 140: sin puesto (depActual='Incontinencia') -> SALTA
[17:23:00] Fila 141: sin puesto (depActual='Incontinencia') -> SALTA
[17:23:00] Fila 142: sin puesto (depActual='Incontinencia') -> SALTA
[17:23:00] Total de equipos encontrados: 0
[17:23:00] ========================================================
[17:23:04] ==================== NUEVA PETICION ====================
[17:23:04] Departamento recibido: 'Almacén de producto terminado'
[17:23:04] Puesto recibido: 'Tractorista'
[17:23:04] Departamento normalizado: 'almacen de producto terminado'
[17:23:04] Puesto normalizado: 'tractorista'
[17:23:04] Ruta Excel: C:\xampp\htdocs\Mes\KCMes\EPP\php/FO-OSHPS012-01_Identificación_y_selección_de_EPP.xlsx
[17:23:04] OK: archivo encontrado
[17:23:04] Hoja [0]: 'EPP'
[17:23:04] Hoja [1]: 'Tabla I.1'
[17:23:04] Hoja [2]: 'X supervisor'
[17:23:04] Hoja [3]: 'Para alta'
[17:23:04] Hoja activa: EPP
[17:23:04] Ultima fila con datos: 142
[17:23:04] Fila 6: dep='Contratistas' puesto='Soldador' | depOk=no puestoOk=no
[17:23:04] Fila 7: dep='Contratistas' puesto='Prevencionista' | depOk=no puestoOk=no
[17:23:04] Fila 8: dep='Contratistas' puesto='Ayudante general' | depOk=no puestoOk=no
[17:23:04] Fila 9: dep='Relaciones industriales' puesto='Ayudante general' | depOk=no puestoOk=no
[17:23:04] Fila 10: dep='Relaciones industriales' puesto='Guardia' | depOk=no puestoOk=no
[17:23:04] Fila 11: dep='Relaciones industriales' puesto='Ayudante general' | depOk=no puestoOk=no
[17:23:04] Fila 12: dep='Relaciones industriales' puesto='Personal de intentendencia' | depOk=no puestoOk=no
[17:23:04] Fila 13: dep='Servicios Auxiliares' puesto='Mecánico' | depOk=no puestoOk=no
[17:23:04] Fila 14: dep='Servicios Auxiliares' puesto='Mecánico' | depOk=no puestoOk=no
[17:23:04] Fila 15: dep='Servicios Auxiliares' puesto='Mecánico' | depOk=no puestoOk=no
[17:23:04] Fila 16: dep='Servicios Auxiliares' puesto='Mecánico' | depOk=no puestoOk=no
[17:23:04] Fila 17: dep='Servicios Auxiliares' puesto='Empacador' | depOk=no puestoOk=no
[17:23:04] Fila 18: dep='Telas NoTejidas' puesto='Superintendente mecatronico' | depOk=no puestoOk=no
[17:23:04] Fila 19: dep='Telas NoTejidas' puesto='Ing. Proceso' | depOk=no puestoOk=no
[17:23:04] Fila 20: dep='Telas NoTejidas' puesto='Conductor' | depOk=no puestoOk=no
[17:23:04] Fila 21: dep='Telas NoTejidas' puesto='Ayudante De Operador' | depOk=no puestoOk=no
[17:23:04] Fila 22: dep='Telas NoTejidas' puesto='Empacador' | depOk=no puestoOk=no
[17:23:04] Fila 23: dep='Telas NoTejidas' puesto='Líder de Operación' | depOk=no puestoOk=no
[17:23:04] Fila 24: dep='Telas NoTejidas' puesto='Tecnico Electronico' | depOk=no puestoOk=no
[17:23:04] Fila 25: dep='Telas NoTejidas' puesto='Mecanico D' | depOk=no puestoOk=no
[17:23:04] Fila 26: dep='Telas NoTejidas' puesto='Mecanico B' | depOk=no puestoOk=no
[17:23:04] Fila 27: dep='Telas NoTejidas' puesto='Electrico D' | depOk=no puestoOk=no
[17:23:04] Fila 28: dep='Telas NoTejidas' puesto='Auxiliar Administrativo' | depOk=no puestoOk=no
[17:23:04] Fila 29: dep='Telas NoTejidas' puesto='Maestro en cardas' | depOk=no puestoOk=no
[17:23:04] Fila 30: dep='Almacén Materia Prima' puesto='Montacarguista' | depOk=no puestoOk=no
[17:23:04] Fila 31: dep='Almacén Materia Prima' puesto='Auxiliar Administrativo' | depOk=no puestoOk=no
[17:23:04] Fila 32: dep='Almacén Materia Prima' puesto='Supervisor' | depOk=no puestoOk=no
[17:23:04] Fila 33: dep='Almacén Materia Prima' puesto='Planeador' | depOk=no puestoOk=no
[17:23:04] Fila 34: dep='Almacén Materia Prima' puesto='Superintendente' | depOk=no puestoOk=no
[17:23:04] Fila 35: dep='Pañal' puesto='sellador' | depOk=no puestoOk=no
[17:23:04] Fila 36: dep='Pañal' puesto='Ing. Proceso' | depOk=no puestoOk=no
[17:23:04] Fila 37: dep='Pañal' puesto='Electrico' | depOk=no puestoOk=no
[17:23:04] Fila 38: dep='Pañal' puesto='Jefe de mantenimiento' | depOk=no puestoOk=no
[17:23:04] Fila 39: dep='Pañal' puesto='Planeador' | depOk=no puestoOk=no
[17:23:04] Fila 40: dep='Pañal' puesto='Electronico' | depOk=no puestoOk=no
[17:23:04] Fila 41: dep='Pañal' puesto='Supervisor' | depOk=no puestoOk=no
[17:23:04] Fila 42: dep='Pañal' puesto='Super intendente' | depOk=no puestoOk=no
[17:23:04] Fila 43: dep='Pañal' puesto='Conductor' | depOk=no puestoOk=no
[17:23:04] Fila 44: dep='Pañal' puesto='Mecanico' | depOk=no puestoOk=no
[17:23:04] Fila 45: dep='Pañal' puesto='Empacador' | depOk=no puestoOk=no
[17:23:04] Fila 46: dep='Pañal' puesto='Gerente' | depOk=no puestoOk=no
[17:23:04] Fila 47: dep='Pañal' puesto='TSP' | depOk=no puestoOk=no
[17:23:04] Fila 48: dep='Pañal' puesto='Ayudannte' | depOk=no puestoOk=no
[17:23:04] Fila 49: dep='Protección femenina' puesto='Eléctrico' | depOk=no puestoOk=no
[17:23:04] Fila 50: dep='Protección femenina' puesto='Electrónico' | depOk=no puestoOk=no
[17:23:04] Fila 51: dep='Protección femenina' puesto='Mecánico' | depOk=no puestoOk=no
[17:23:04] Fila 52: dep='Protección femenina' puesto='Ayudante' | depOk=no puestoOk=no
[17:23:04] Fila 53: dep='Protección femenina' puesto='Conductor' | depOk=no puestoOk=no
[17:23:04] Fila 54: dep='Protección femenina' puesto='Empacador' | depOk=no puestoOk=no
[17:23:04] Fila 55: dep='Protección femenina' puesto='Sellador de Linea' | depOk=no puestoOk=no
[17:23:04] Fila 56: dep='Protección femenina' puesto='TCP' | depOk=no puestoOk=no
[17:23:04] Fila 57: dep='Incontinencia' puesto='Gerente de Incontinencia' | depOk=no puestoOk=no
[17:23:04] Fila 58: dep='Incontinencia' puesto='Superintendente  mantenimiento mecánico' | depOk=no puestoOk=no
[17:23:04] Fila 59: dep='Incontinencia' puesto='Superintendente mantenimiento electrico' | depOk=no puestoOk=no
[17:23:04] Fila 60: dep='Incontinencia' puesto='Superintendente de proceso' | depOk=no puestoOk=no
[17:23:04] Fila 61: dep='Incontinencia' puesto='Supervisor produción' | depOk=no puestoOk=no
[17:23:04] Fila 62: dep='Incontinencia' puesto='Supervisor Mecánico' | depOk=no puestoOk=no
[17:23:04] Fila 63: dep='Incontinencia' puesto='Ing. de proceso' | depOk=no puestoOk=no
[17:23:04] Fila 64: dep='Incontinencia' puesto='Planeador' | depOk=no puestoOk=no
[17:23:04] Fila 65: dep='Incontinencia' puesto='Electronico' | depOk=no puestoOk=no
[17:23:04] Fila 66: dep='Incontinencia' puesto='Conductor de Maquina' | depOk=no puestoOk=no
[17:23:04] Fila 67: dep='Incontinencia' puesto='Mecánico categorias A,B,C,D' | depOk=no puestoOk=no
[17:23:04] Fila 68: dep='Incontinencia' puesto='Electrico categorias A,B,C,D' | depOk=no puestoOk=no
[17:23:04] Fila 69: dep='Incontinencia' puesto='Ayudannte' | depOk=no puestoOk=no
[17:23:04] Fila 70: dep='Incontinencia' puesto='sellador' | depOk=no puestoOk=no
[17:23:04] Fila 71: dep='Incontinencia' puesto='Empacador' | depOk=no puestoOk=no
[17:23:04] Fila 72: dep='Incontinencia' puesto='Mecánico especialista adhesivos' | depOk=no puestoOk=no
[17:23:04] Fila 73: dep='Incontinencia' puesto='Mecánico con perfil maquinas herramientas' | depOk=no puestoOk=no
[17:23:04] Fila 74: sin puesto (depActual='Incontinencia') -> SALTA
[17:23:04] Fila 75: sin puesto (depActual='Incontinencia') -> SALTA
[17:23:04] Fila 76: sin puesto (depActual='Incontinencia') -> SALTA
[17:23:04] Fila 77: sin puesto (depActual='Incontinencia') -> SALTA
[17:23:04] Fila 78: sin puesto (depActual='Incontinencia') -> SALTA
[17:23:04] Fila 79: sin puesto (depActual='Incontinencia') -> SALTA
[17:23:04] Fila 80: sin puesto (depActual='Incontinencia') -> SALTA
[17:23:04] Fila 81: sin puesto (depActual='Incontinencia') -> SALTA
[17:23:04] Fila 82: sin puesto (depActual='Incontinencia') -> SALTA
[17:23:04] Fila 83: sin puesto (depActual='Incontinencia') -> SALTA
[17:23:04] Fila 84: sin puesto (depActual='Incontinencia') -> SALTA
[17:23:04] Fila 85: sin puesto (depActual='Incontinencia') -> SALTA
[17:23:04] Fila 86: sin puesto (depActual='Incontinencia') -> SALTA
[17:23:04] Fila 87: sin puesto (depActual='Incontinencia') -> SALTA
[17:23:04] Fila 88: sin puesto (depActual='Incontinencia') -> SALTA
[17:23:04] Fila 89: sin puesto (depActual='Incontinencia') -> SALTA
[17:23:04] Fila 90: sin puesto (depActual='Incontinencia') -> SALTA
[17:23:04] Fila 91: sin puesto (depActual='Incontinencia') -> SALTA
[17:23:04] Fila 92: sin puesto (depActual='Incontinencia') -> SALTA
[17:23:04] Fila 93: sin puesto (depActual='Incontinencia') -> SALTA
[17:23:04] Fila 94: sin puesto (depActual='Incontinencia') -> SALTA
[17:23:04] Fila 95: sin puesto (depActual='Incontinencia') -> SALTA
[17:23:04] Fila 96: sin puesto (depActual='Incontinencia') -> SALTA
[17:23:04] Fila 97: sin puesto (depActual='Incontinencia') -> SALTA
[17:23:04] Fila 98: sin puesto (depActual='Incontinencia') -> SALTA
[17:23:04] Fila 99: sin puesto (depActual='Incontinencia') -> SALTA
[17:23:04] Fila 100: sin puesto (depActual='Incontinencia') -> SALTA
[17:23:04] Fila 101: sin puesto (depActual='Incontinencia') -> SALTA
[17:23:04] Fila 102: sin puesto (depActual='Incontinencia') -> SALTA
[17:23:04] Fila 103: sin puesto (depActual='Incontinencia') -> SALTA
[17:23:04] Fila 104: sin puesto (depActual='Incontinencia') -> SALTA
[17:23:04] Fila 105: sin puesto (depActual='Incontinencia') -> SALTA
[17:23:04] Fila 106: sin puesto (depActual='Incontinencia') -> SALTA
[17:23:04] Fila 107: sin puesto (depActual='Incontinencia') -> SALTA
[17:23:04] Fila 108: sin puesto (depActual='Incontinencia') -> SALTA
[17:23:04] Fila 109: sin puesto (depActual='Incontinencia') -> SALTA
[17:23:04] Fila 110: sin puesto (depActual='Incontinencia') -> SALTA
[17:23:04] Fila 111: sin puesto (depActual='Incontinencia') -> SALTA
[17:23:04] Fila 112: sin puesto (depActual='Incontinencia') -> SALTA
[17:23:04] Fila 113: sin puesto (depActual='Incontinencia') -> SALTA
[17:23:04] Fila 114: sin puesto (depActual='Incontinencia') -> SALTA
[17:23:04] Fila 115: sin puesto (depActual='Incontinencia') -> SALTA
[17:23:04] Fila 116: sin puesto (depActual='Incontinencia') -> SALTA
[17:23:04] Fila 117: sin puesto (depActual='Incontinencia') -> SALTA
[17:23:04] Fila 118: sin puesto (depActual='Incontinencia') -> SALTA
[17:23:04] Fila 119: sin puesto (depActual='Incontinencia') -> SALTA
[17:23:04] Fila 120: sin puesto (depActual='Incontinencia') -> SALTA
[17:23:04] Fila 121: sin puesto (depActual='Incontinencia') -> SALTA
[17:23:04] Fila 122: sin puesto (depActual='Incontinencia') -> SALTA
[17:23:04] Fila 123: sin puesto (depActual='Incontinencia') -> SALTA
[17:23:04] Fila 124: sin puesto (depActual='Incontinencia') -> SALTA
[17:23:04] Fila 125: sin puesto (depActual='Incontinencia') -> SALTA
[17:23:04] Fila 126: sin puesto (depActual='Incontinencia') -> SALTA
[17:23:04] Fila 127: sin puesto (depActual='Incontinencia') -> SALTA
[17:23:04] Fila 128: sin puesto (depActual='Incontinencia') -> SALTA
[17:23:04] Fila 129: sin puesto (depActual='Incontinencia') -> SALTA
[17:23:04] Fila 130: sin puesto (depActual='Incontinencia') -> SALTA
[17:23:04] Fila 131: sin puesto (depActual='Incontinencia') -> SALTA
[17:23:04] Fila 132: sin puesto (depActual='Incontinencia') -> SALTA
[17:23:04] Fila 133: sin puesto (depActual='Incontinencia') -> SALTA
[17:23:04] Fila 134: sin puesto (depActual='Incontinencia') -> SALTA
[17:23:04] Fila 135: sin puesto (depActual='Incontinencia') -> SALTA
[17:23:04] Fila 136: sin puesto (depActual='Incontinencia') -> SALTA
[17:23:04] Fila 137: sin puesto (depActual='Incontinencia') -> SALTA
[17:23:04] Fila 138: sin puesto (depActual='Incontinencia') -> SALTA
[17:23:04] Fila 139: sin puesto (depActual='Incontinencia') -> SALTA
[17:23:04] Fila 140: sin puesto (depActual='Incontinencia') -> SALTA
[17:23:04] Fila 141: sin puesto (depActual='Incontinencia') -> SALTA
[17:23:04] Fila 142: sin puesto (depActual='Incontinencia') -> SALTA
[17:23:04] Total de equipos encontrados: 0
[17:23:04] ========================================================
[17:23:05] ==================== NUEVA PETICION ====================
[17:23:05] Departamento recibido: 'Almacén de producto terminado'
[17:23:05] Puesto recibido: 'Tractorista'
[17:23:05] Departamento normalizado: 'almacen de producto terminado'
[17:23:05] Puesto normalizado: 'tractorista'
[17:23:05] Ruta Excel: C:\xampp\htdocs\Mes\KCMes\EPP\php/FO-OSHPS012-01_Identificación_y_selección_de_EPP.xlsx
[17:23:05] OK: archivo encontrado
[17:23:05] Hoja [0]: 'EPP'
[17:23:05] Hoja [1]: 'Tabla I.1'
[17:23:05] Hoja [2]: 'X supervisor'
[17:23:05] Hoja [3]: 'Para alta'
[17:23:05] Hoja activa: EPP
[17:23:05] Ultima fila con datos: 142
[17:23:05] Fila 6: dep='Contratistas' puesto='Soldador' | depOk=no puestoOk=no
[17:23:05] Fila 7: dep='Contratistas' puesto='Prevencionista' | depOk=no puestoOk=no
[17:23:05] Fila 8: dep='Contratistas' puesto='Ayudante general' | depOk=no puestoOk=no
[17:23:05] Fila 9: dep='Relaciones industriales' puesto='Ayudante general' | depOk=no puestoOk=no
[17:23:05] Fila 10: dep='Relaciones industriales' puesto='Guardia' | depOk=no puestoOk=no
[17:23:05] Fila 11: dep='Relaciones industriales' puesto='Ayudante general' | depOk=no puestoOk=no
[17:23:05] Fila 12: dep='Relaciones industriales' puesto='Personal de intentendencia' | depOk=no puestoOk=no
[17:23:05] Fila 13: dep='Servicios Auxiliares' puesto='Mecánico' | depOk=no puestoOk=no
[17:23:05] Fila 14: dep='Servicios Auxiliares' puesto='Mecánico' | depOk=no puestoOk=no
[17:23:05] Fila 15: dep='Servicios Auxiliares' puesto='Mecánico' | depOk=no puestoOk=no
[17:23:05] Fila 16: dep='Servicios Auxiliares' puesto='Mecánico' | depOk=no puestoOk=no
[17:23:05] Fila 17: dep='Servicios Auxiliares' puesto='Empacador' | depOk=no puestoOk=no
[17:23:05] Fila 18: dep='Telas NoTejidas' puesto='Superintendente mecatronico' | depOk=no puestoOk=no
[17:23:05] Fila 19: dep='Telas NoTejidas' puesto='Ing. Proceso' | depOk=no puestoOk=no
[17:23:05] Fila 20: dep='Telas NoTejidas' puesto='Conductor' | depOk=no puestoOk=no
[17:23:05] Fila 21: dep='Telas NoTejidas' puesto='Ayudante De Operador' | depOk=no puestoOk=no
[17:23:05] Fila 22: dep='Telas NoTejidas' puesto='Empacador' | depOk=no puestoOk=no
[17:23:05] Fila 23: dep='Telas NoTejidas' puesto='Líder de Operación' | depOk=no puestoOk=no
[17:23:05] Fila 24: dep='Telas NoTejidas' puesto='Tecnico Electronico' | depOk=no puestoOk=no
[17:23:05] Fila 25: dep='Telas NoTejidas' puesto='Mecanico D' | depOk=no puestoOk=no
[17:23:05] Fila 26: dep='Telas NoTejidas' puesto='Mecanico B' | depOk=no puestoOk=no
[17:23:05] Fila 27: dep='Telas NoTejidas' puesto='Electrico D' | depOk=no puestoOk=no
[17:23:05] Fila 28: dep='Telas NoTejidas' puesto='Auxiliar Administrativo' | depOk=no puestoOk=no
[17:23:05] Fila 29: dep='Telas NoTejidas' puesto='Maestro en cardas' | depOk=no puestoOk=no
[17:23:05] Fila 30: dep='Almacén Materia Prima' puesto='Montacarguista' | depOk=no puestoOk=no
[17:23:05] Fila 31: dep='Almacén Materia Prima' puesto='Auxiliar Administrativo' | depOk=no puestoOk=no
[17:23:05] Fila 32: dep='Almacén Materia Prima' puesto='Supervisor' | depOk=no puestoOk=no
[17:23:05] Fila 33: dep='Almacén Materia Prima' puesto='Planeador' | depOk=no puestoOk=no
[17:23:05] Fila 34: dep='Almacén Materia Prima' puesto='Superintendente' | depOk=no puestoOk=no
[17:23:05] Fila 35: dep='Pañal' puesto='sellador' | depOk=no puestoOk=no
[17:23:05] Fila 36: dep='Pañal' puesto='Ing. Proceso' | depOk=no puestoOk=no
[17:23:05] Fila 37: dep='Pañal' puesto='Electrico' | depOk=no puestoOk=no
[17:23:05] Fila 38: dep='Pañal' puesto='Jefe de mantenimiento' | depOk=no puestoOk=no
[17:23:05] Fila 39: dep='Pañal' puesto='Planeador' | depOk=no puestoOk=no
[17:23:05] Fila 40: dep='Pañal' puesto='Electronico' | depOk=no puestoOk=no
[17:23:05] Fila 41: dep='Pañal' puesto='Supervisor' | depOk=no puestoOk=no
[17:23:05] Fila 42: dep='Pañal' puesto='Super intendente' | depOk=no puestoOk=no
[17:23:05] Fila 43: dep='Pañal' puesto='Conductor' | depOk=no puestoOk=no
[17:23:05] Fila 44: dep='Pañal' puesto='Mecanico' | depOk=no puestoOk=no
[17:23:05] Fila 45: dep='Pañal' puesto='Empacador' | depOk=no puestoOk=no
[17:23:05] Fila 46: dep='Pañal' puesto='Gerente' | depOk=no puestoOk=no
[17:23:05] Fila 47: dep='Pañal' puesto='TSP' | depOk=no puestoOk=no
[17:23:05] Fila 48: dep='Pañal' puesto='Ayudannte' | depOk=no puestoOk=no
[17:23:05] Fila 49: dep='Protección femenina' puesto='Eléctrico' | depOk=no puestoOk=no
[17:23:05] Fila 50: dep='Protección femenina' puesto='Electrónico' | depOk=no puestoOk=no
[17:23:05] Fila 51: dep='Protección femenina' puesto='Mecánico' | depOk=no puestoOk=no
[17:23:05] Fila 52: dep='Protección femenina' puesto='Ayudante' | depOk=no puestoOk=no
[17:23:05] Fila 53: dep='Protección femenina' puesto='Conductor' | depOk=no puestoOk=no
[17:23:05] Fila 54: dep='Protección femenina' puesto='Empacador' | depOk=no puestoOk=no
[17:23:05] Fila 55: dep='Protección femenina' puesto='Sellador de Linea' | depOk=no puestoOk=no
[17:23:05] Fila 56: dep='Protección femenina' puesto='TCP' | depOk=no puestoOk=no
[17:23:05] Fila 57: dep='Incontinencia' puesto='Gerente de Incontinencia' | depOk=no puestoOk=no
[17:23:05] Fila 58: dep='Incontinencia' puesto='Superintendente  mantenimiento mecánico' | depOk=no puestoOk=no
[17:23:05] Fila 59: dep='Incontinencia' puesto='Superintendente mantenimiento electrico' | depOk=no puestoOk=no
[17:23:05] Fila 60: dep='Incontinencia' puesto='Superintendente de proceso' | depOk=no puestoOk=no
[17:23:05] Fila 61: dep='Incontinencia' puesto='Supervisor produción' | depOk=no puestoOk=no
[17:23:05] Fila 62: dep='Incontinencia' puesto='Supervisor Mecánico' | depOk=no puestoOk=no
[17:23:05] Fila 63: dep='Incontinencia' puesto='Ing. de proceso' | depOk=no puestoOk=no
[17:23:05] Fila 64: dep='Incontinencia' puesto='Planeador' | depOk=no puestoOk=no
[17:23:05] Fila 65: dep='Incontinencia' puesto='Electronico' | depOk=no puestoOk=no
[17:23:05] Fila 66: dep='Incontinencia' puesto='Conductor de Maquina' | depOk=no puestoOk=no
[17:23:05] Fila 67: dep='Incontinencia' puesto='Mecánico categorias A,B,C,D' | depOk=no puestoOk=no
[17:23:05] Fila 68: dep='Incontinencia' puesto='Electrico categorias A,B,C,D' | depOk=no puestoOk=no
[17:23:05] Fila 69: dep='Incontinencia' puesto='Ayudannte' | depOk=no puestoOk=no
[17:23:05] Fila 70: dep='Incontinencia' puesto='sellador' | depOk=no puestoOk=no
[17:23:05] Fila 71: dep='Incontinencia' puesto='Empacador' | depOk=no puestoOk=no
[17:23:05] Fila 72: dep='Incontinencia' puesto='Mecánico especialista adhesivos' | depOk=no puestoOk=no
[17:23:05] Fila 73: dep='Incontinencia' puesto='Mecánico con perfil maquinas herramientas' | depOk=no puestoOk=no
[17:23:05] Fila 74: sin puesto (depActual='Incontinencia') -> SALTA
[17:23:05] Fila 75: sin puesto (depActual='Incontinencia') -> SALTA
[17:23:05] Fila 76: sin puesto (depActual='Incontinencia') -> SALTA
[17:23:05] Fila 77: sin puesto (depActual='Incontinencia') -> SALTA
[17:23:05] Fila 78: sin puesto (depActual='Incontinencia') -> SALTA
[17:23:05] Fila 79: sin puesto (depActual='Incontinencia') -> SALTA
[17:23:05] Fila 80: sin puesto (depActual='Incontinencia') -> SALTA
[17:23:05] Fila 81: sin puesto (depActual='Incontinencia') -> SALTA
[17:23:05] Fila 82: sin puesto (depActual='Incontinencia') -> SALTA
[17:23:05] Fila 83: sin puesto (depActual='Incontinencia') -> SALTA
[17:23:05] Fila 84: sin puesto (depActual='Incontinencia') -> SALTA
[17:23:05] Fila 85: sin puesto (depActual='Incontinencia') -> SALTA
[17:23:05] Fila 86: sin puesto (depActual='Incontinencia') -> SALTA
[17:23:05] Fila 87: sin puesto (depActual='Incontinencia') -> SALTA
[17:23:05] Fila 88: sin puesto (depActual='Incontinencia') -> SALTA
[17:23:05] Fila 89: sin puesto (depActual='Incontinencia') -> SALTA
[17:23:05] Fila 90: sin puesto (depActual='Incontinencia') -> SALTA
[17:23:05] Fila 91: sin puesto (depActual='Incontinencia') -> SALTA
[17:23:05] Fila 92: sin puesto (depActual='Incontinencia') -> SALTA
[17:23:05] Fila 93: sin puesto (depActual='Incontinencia') -> SALTA
[17:23:05] Fila 94: sin puesto (depActual='Incontinencia') -> SALTA
[17:23:05] Fila 95: sin puesto (depActual='Incontinencia') -> SALTA
[17:23:05] Fila 96: sin puesto (depActual='Incontinencia') -> SALTA
[17:23:05] Fila 97: sin puesto (depActual='Incontinencia') -> SALTA
[17:23:05] Fila 98: sin puesto (depActual='Incontinencia') -> SALTA
[17:23:05] Fila 99: sin puesto (depActual='Incontinencia') -> SALTA
[17:23:05] Fila 100: sin puesto (depActual='Incontinencia') -> SALTA
[17:23:05] Fila 101: sin puesto (depActual='Incontinencia') -> SALTA
[17:23:05] Fila 102: sin puesto (depActual='Incontinencia') -> SALTA
[17:23:05] Fila 103: sin puesto (depActual='Incontinencia') -> SALTA
[17:23:05] Fila 104: sin puesto (depActual='Incontinencia') -> SALTA
[17:23:05] Fila 105: sin puesto (depActual='Incontinencia') -> SALTA
[17:23:05] Fila 106: sin puesto (depActual='Incontinencia') -> SALTA
[17:23:05] Fila 107: sin puesto (depActual='Incontinencia') -> SALTA
[17:23:05] Fila 108: sin puesto (depActual='Incontinencia') -> SALTA
[17:23:05] Fila 109: sin puesto (depActual='Incontinencia') -> SALTA
[17:23:05] Fila 110: sin puesto (depActual='Incontinencia') -> SALTA
[17:23:05] Fila 111: sin puesto (depActual='Incontinencia') -> SALTA
[17:23:05] Fila 112: sin puesto (depActual='Incontinencia') -> SALTA
[17:23:05] Fila 113: sin puesto (depActual='Incontinencia') -> SALTA
[17:23:05] Fila 114: sin puesto (depActual='Incontinencia') -> SALTA
[17:23:05] Fila 115: sin puesto (depActual='Incontinencia') -> SALTA
[17:23:05] Fila 116: sin puesto (depActual='Incontinencia') -> SALTA
[17:23:05] Fila 117: sin puesto (depActual='Incontinencia') -> SALTA
[17:23:05] Fila 118: sin puesto (depActual='Incontinencia') -> SALTA
[17:23:05] Fila 119: sin puesto (depActual='Incontinencia') -> SALTA
[17:23:05] Fila 120: sin puesto (depActual='Incontinencia') -> SALTA
[17:23:05] Fila 121: sin puesto (depActual='Incontinencia') -> SALTA
[17:23:05] Fila 122: sin puesto (depActual='Incontinencia') -> SALTA
[17:23:05] Fila 123: sin puesto (depActual='Incontinencia') -> SALTA
[17:23:05] Fila 124: sin puesto (depActual='Incontinencia') -> SALTA
[17:23:05] Fila 125: sin puesto (depActual='Incontinencia') -> SALTA
[17:23:05] Fila 126: sin puesto (depActual='Incontinencia') -> SALTA
[17:23:05] Fila 127: sin puesto (depActual='Incontinencia') -> SALTA
[17:23:05] Fila 128: sin puesto (depActual='Incontinencia') -> SALTA
[17:23:05] Fila 129: sin puesto (depActual='Incontinencia') -> SALTA
[17:23:05] Fila 130: sin puesto (depActual='Incontinencia') -> SALTA
[17:23:05] Fila 131: sin puesto (depActual='Incontinencia') -> SALTA
[17:23:05] Fila 132: sin puesto (depActual='Incontinencia') -> SALTA
[17:23:05] Fila 133: sin puesto (depActual='Incontinencia') -> SALTA
[17:23:05] Fila 134: sin puesto (depActual='Incontinencia') -> SALTA
[17:23:05] Fila 135: sin puesto (depActual='Incontinencia') -> SALTA
[17:23:05] Fila 136: sin puesto (depActual='Incontinencia') -> SALTA
[17:23:05] Fila 137: sin puesto (depActual='Incontinencia') -> SALTA
[17:23:05] Fila 138: sin puesto (depActual='Incontinencia') -> SALTA
[17:23:05] Fila 139: sin puesto (depActual='Incontinencia') -> SALTA
[17:23:05] Fila 140: sin puesto (depActual='Incontinencia') -> SALTA
[17:23:05] Fila 141: sin puesto (depActual='Incontinencia') -> SALTA
[17:23:05] Fila 142: sin puesto (depActual='Incontinencia') -> SALTA
[17:23:05] Total de equipos encontrados: 0
[17:23:05] ========================================================
[17:23:38] ==================== NUEVA PETICION ====================
[17:23:38] Departamento recibido: 'Pañal'
[17:23:38] Puesto recibido: 'Mecánico B'
[17:23:38] Departamento normalizado: 'panal'
[17:23:38] Puesto normalizado: 'mecanico b'
[17:23:38] Ruta Excel: C:\xampp\htdocs\Mes\KCMes\EPP\php/FO-OSHPS012-01_Identificación_y_selección_de_EPP.xlsx
[17:23:38] OK: archivo encontrado
[17:23:38] Hoja [0]: 'EPP'
[17:23:38] Hoja [1]: 'Tabla I.1'
[17:23:38] Hoja [2]: 'X supervisor'
[17:23:38] Hoja [3]: 'Para alta'
[17:23:38] Hoja activa: EPP
[17:23:38] Ultima fila con datos: 142
[17:23:38] Fila 6: dep='Contratistas' puesto='Soldador' | depOk=no puestoOk=no
[17:23:38] Fila 7: dep='Contratistas' puesto='Prevencionista' | depOk=no puestoOk=no
[17:23:38] Fila 8: dep='Contratistas' puesto='Ayudante general' | depOk=no puestoOk=no
[17:23:38] Fila 9: dep='Relaciones industriales' puesto='Ayudante general' | depOk=no puestoOk=no
[17:23:38] Fila 10: dep='Relaciones industriales' puesto='Guardia' | depOk=no puestoOk=no
[17:23:38] Fila 11: dep='Relaciones industriales' puesto='Ayudante general' | depOk=no puestoOk=no
[17:23:38] Fila 12: dep='Relaciones industriales' puesto='Personal de intentendencia' | depOk=no puestoOk=no
[17:23:38] Fila 13: dep='Servicios Auxiliares' puesto='Mecánico' | depOk=no puestoOk=SI
[17:23:38] Fila 14: dep='Servicios Auxiliares' puesto='Mecánico' | depOk=no puestoOk=SI
[17:23:38] Fila 15: dep='Servicios Auxiliares' puesto='Mecánico' | depOk=no puestoOk=SI
[17:23:38] Fila 16: dep='Servicios Auxiliares' puesto='Mecánico' | depOk=no puestoOk=SI
[17:23:38] Fila 17: dep='Servicios Auxiliares' puesto='Empacador' | depOk=no puestoOk=no
[17:23:38] Fila 18: dep='Telas NoTejidas' puesto='Superintendente mecatronico' | depOk=no puestoOk=no
[17:23:38] Fila 19: dep='Telas NoTejidas' puesto='Ing. Proceso' | depOk=no puestoOk=no
[17:23:38] Fila 20: dep='Telas NoTejidas' puesto='Conductor' | depOk=no puestoOk=no
[17:23:38] Fila 21: dep='Telas NoTejidas' puesto='Ayudante De Operador' | depOk=no puestoOk=no
[17:23:38] Fila 22: dep='Telas NoTejidas' puesto='Empacador' | depOk=no puestoOk=no
[17:23:38] Fila 23: dep='Telas NoTejidas' puesto='Líder de Operación' | depOk=no puestoOk=no
[17:23:38] Fila 24: dep='Telas NoTejidas' puesto='Tecnico Electronico' | depOk=no puestoOk=no
[17:23:38] Fila 25: dep='Telas NoTejidas' puesto='Mecanico D' | depOk=no puestoOk=SI
[17:23:38] Fila 26: dep='Telas NoTejidas' puesto='Mecanico B' | depOk=no puestoOk=SI
[17:23:38] Fila 27: dep='Telas NoTejidas' puesto='Electrico D' | depOk=no puestoOk=no
[17:23:38] Fila 28: dep='Telas NoTejidas' puesto='Auxiliar Administrativo' | depOk=no puestoOk=no
[17:23:38] Fila 29: dep='Telas NoTejidas' puesto='Maestro en cardas' | depOk=no puestoOk=no
[17:23:38] Fila 30: dep='Almacén Materia Prima' puesto='Montacarguista' | depOk=no puestoOk=no
[17:23:38] Fila 31: dep='Almacén Materia Prima' puesto='Auxiliar Administrativo' | depOk=no puestoOk=no
[17:23:38] Fila 32: dep='Almacén Materia Prima' puesto='Supervisor' | depOk=no puestoOk=no
[17:23:38] Fila 33: dep='Almacén Materia Prima' puesto='Planeador' | depOk=no puestoOk=no
[17:23:38] Fila 34: dep='Almacén Materia Prima' puesto='Superintendente' | depOk=no puestoOk=no
[17:23:38] Fila 35: dep='Pañal' puesto='sellador' | depOk=SI puestoOk=no
[17:23:38] Fila 36: dep='Pañal' puesto='Ing. Proceso' | depOk=SI puestoOk=no
[17:23:38] Fila 37: dep='Pañal' puesto='Electrico' | depOk=SI puestoOk=no
[17:23:38] Fila 38: dep='Pañal' puesto='Jefe de mantenimiento' | depOk=SI puestoOk=no
[17:23:38] Fila 39: dep='Pañal' puesto='Planeador' | depOk=SI puestoOk=no
[17:23:38] Fila 40: dep='Pañal' puesto='Electronico' | depOk=SI puestoOk=no
[17:23:38] Fila 41: dep='Pañal' puesto='Supervisor' | depOk=SI puestoOk=no
[17:23:38] Fila 42: dep='Pañal' puesto='Super intendente' | depOk=SI puestoOk=no
[17:23:38] Fila 43: dep='Pañal' puesto='Conductor' | depOk=SI puestoOk=no
[17:23:38] Fila 44: dep='Pañal' puesto='Mecanico' | depOk=SI puestoOk=SI
[17:23:38]    >>> MATCH en fila 44
[17:23:38]       + [Cabeza] A)        Casco contra impacto
[17:23:38]       + [Ojos y cara] B)        Gafas de protección
[17:23:38]       + [Oídos] A)        Tapones auditivos
[17:23:38]       + [Aparato respiratorio] A)        Respirador contra partículas
[17:23:38]       + [Extremidades superiores] D)        Guantes contra agentes mecánicos
[17:23:38]       + [Tronco] F)      Ropa de alta visibilidad
[17:23:38]       + [Extremidades inferiores] B)        Calzado con puntera de protección
[17:23:38]       + [Otros] Arnes y linea de vida
[17:23:38] Fila 45: dep='Pañal' puesto='Empacador' | depOk=SI puestoOk=no
[17:23:38] Fila 46: dep='Pañal' puesto='Gerente' | depOk=SI puestoOk=no
[17:23:38] Fila 47: dep='Pañal' puesto='TSP' | depOk=SI puestoOk=no
[17:23:38] Fila 48: dep='Pañal' puesto='Ayudannte' | depOk=SI puestoOk=no
[17:23:38] Fila 49: dep='Protección femenina' puesto='Eléctrico' | depOk=no puestoOk=no
[17:23:38] Fila 50: dep='Protección femenina' puesto='Electrónico' | depOk=no puestoOk=no
[17:23:38] Fila 51: dep='Protección femenina' puesto='Mecánico' | depOk=no puestoOk=SI
[17:23:38] Fila 52: dep='Protección femenina' puesto='Ayudante' | depOk=no puestoOk=no
[17:23:38] Fila 53: dep='Protección femenina' puesto='Conductor' | depOk=no puestoOk=no
[17:23:38] Fila 54: dep='Protección femenina' puesto='Empacador' | depOk=no puestoOk=no
[17:23:38] Fila 55: dep='Protección femenina' puesto='Sellador de Linea' | depOk=no puestoOk=no
[17:23:38] Fila 56: dep='Protección femenina' puesto='TCP' | depOk=no puestoOk=no
[17:23:38] Fila 57: dep='Incontinencia' puesto='Gerente de Incontinencia' | depOk=no puestoOk=no
[17:23:38] Fila 58: dep='Incontinencia' puesto='Superintendente  mantenimiento mecánico' | depOk=no puestoOk=SI
[17:23:38] Fila 59: dep='Incontinencia' puesto='Superintendente mantenimiento electrico' | depOk=no puestoOk=no
[17:23:38] Fila 60: dep='Incontinencia' puesto='Superintendente de proceso' | depOk=no puestoOk=no
[17:23:38] Fila 61: dep='Incontinencia' puesto='Supervisor produción' | depOk=no puestoOk=no
[17:23:38] Fila 62: dep='Incontinencia' puesto='Supervisor Mecánico' | depOk=no puestoOk=SI
[17:23:38] Fila 63: dep='Incontinencia' puesto='Ing. de proceso' | depOk=no puestoOk=no
[17:23:38] Fila 64: dep='Incontinencia' puesto='Planeador' | depOk=no puestoOk=no
[17:23:38] Fila 65: dep='Incontinencia' puesto='Electronico' | depOk=no puestoOk=no
[17:23:38] Fila 66: dep='Incontinencia' puesto='Conductor de Maquina' | depOk=no puestoOk=no
[17:23:38] Fila 67: dep='Incontinencia' puesto='Mecánico categorias A,B,C,D' | depOk=no puestoOk=SI
[17:23:38] Fila 68: dep='Incontinencia' puesto='Electrico categorias A,B,C,D' | depOk=no puestoOk=no
[17:23:38] Fila 69: dep='Incontinencia' puesto='Ayudannte' | depOk=no puestoOk=no
[17:23:38] Fila 70: dep='Incontinencia' puesto='sellador' | depOk=no puestoOk=no
[17:23:38] Fila 71: dep='Incontinencia' puesto='Empacador' | depOk=no puestoOk=no
[17:23:38] Fila 72: dep='Incontinencia' puesto='Mecánico especialista adhesivos' | depOk=no puestoOk=SI
[17:23:38] Fila 73: dep='Incontinencia' puesto='Mecánico con perfil maquinas herramientas' | depOk=no puestoOk=SI
[17:23:38] Fila 74: sin puesto (depActual='Incontinencia') -> SALTA
[17:23:38] Fila 75: sin puesto (depActual='Incontinencia') -> SALTA
[17:23:38] Fila 76: sin puesto (depActual='Incontinencia') -> SALTA
[17:23:38] Fila 77: sin puesto (depActual='Incontinencia') -> SALTA
[17:23:38] Fila 78: sin puesto (depActual='Incontinencia') -> SALTA
[17:23:38] Fila 79: sin puesto (depActual='Incontinencia') -> SALTA
[17:23:38] Fila 80: sin puesto (depActual='Incontinencia') -> SALTA
[17:23:38] Fila 81: sin puesto (depActual='Incontinencia') -> SALTA
[17:23:38] Fila 82: sin puesto (depActual='Incontinencia') -> SALTA
[17:23:38] Fila 83: sin puesto (depActual='Incontinencia') -> SALTA
[17:23:38] Fila 84: sin puesto (depActual='Incontinencia') -> SALTA
[17:23:38] Fila 85: sin puesto (depActual='Incontinencia') -> SALTA
[17:23:38] Fila 86: sin puesto (depActual='Incontinencia') -> SALTA
[17:23:38] Fila 87: sin puesto (depActual='Incontinencia') -> SALTA
[17:23:38] Fila 88: sin puesto (depActual='Incontinencia') -> SALTA
[17:23:38] Fila 89: sin puesto (depActual='Incontinencia') -> SALTA
[17:23:38] Fila 90: sin puesto (depActual='Incontinencia') -> SALTA
[17:23:38] Fila 91: sin puesto (depActual='Incontinencia') -> SALTA
[17:23:38] Fila 92: sin puesto (depActual='Incontinencia') -> SALTA
[17:23:38] Fila 93: sin puesto (depActual='Incontinencia') -> SALTA
[17:23:38] Fila 94: sin puesto (depActual='Incontinencia') -> SALTA
[17:23:38] Fila 95: sin puesto (depActual='Incontinencia') -> SALTA
[17:23:38] Fila 96: sin puesto (depActual='Incontinencia') -> SALTA
[17:23:38] Fila 97: sin puesto (depActual='Incontinencia') -> SALTA
[17:23:38] Fila 98: sin puesto (depActual='Incontinencia') -> SALTA
[17:23:38] Fila 99: sin puesto (depActual='Incontinencia') -> SALTA
[17:23:38] Fila 100: sin puesto (depActual='Incontinencia') -> SALTA
[17:23:38] Fila 101: sin puesto (depActual='Incontinencia') -> SALTA
[17:23:38] Fila 102: sin puesto (depActual='Incontinencia') -> SALTA
[17:23:38] Fila 103: sin puesto (depActual='Incontinencia') -> SALTA
[17:23:38] Fila 104: sin puesto (depActual='Incontinencia') -> SALTA
[17:23:38] Fila 105: sin puesto (depActual='Incontinencia') -> SALTA
[17:23:38] Fila 106: sin puesto (depActual='Incontinencia') -> SALTA
[17:23:38] Fila 107: sin puesto (depActual='Incontinencia') -> SALTA
[17:23:38] Fila 108: sin puesto (depActual='Incontinencia') -> SALTA
[17:23:38] Fila 109: sin puesto (depActual='Incontinencia') -> SALTA
[17:23:38] Fila 110: sin puesto (depActual='Incontinencia') -> SALTA
[17:23:38] Fila 111: sin puesto (depActual='Incontinencia') -> SALTA
[17:23:38] Fila 112: sin puesto (depActual='Incontinencia') -> SALTA
[17:23:38] Fila 113: sin puesto (depActual='Incontinencia') -> SALTA
[17:23:38] Fila 114: sin puesto (depActual='Incontinencia') -> SALTA
[17:23:38] Fila 115: sin puesto (depActual='Incontinencia') -> SALTA
[17:23:38] Fila 116: sin puesto (depActual='Incontinencia') -> SALTA
[17:23:38] Fila 117: sin puesto (depActual='Incontinencia') -> SALTA
[17:23:38] Fila 118: sin puesto (depActual='Incontinencia') -> SALTA
[17:23:38] Fila 119: sin puesto (depActual='Incontinencia') -> SALTA
[17:23:38] Fila 120: sin puesto (depActual='Incontinencia') -> SALTA
[17:23:38] Fila 121: sin puesto (depActual='Incontinencia') -> SALTA
[17:23:38] Fila 122: sin puesto (depActual='Incontinencia') -> SALTA
[17:23:38] Fila 123: sin puesto (depActual='Incontinencia') -> SALTA
[17:23:38] Fila 124: sin puesto (depActual='Incontinencia') -> SALTA
[17:23:38] Fila 125: sin puesto (depActual='Incontinencia') -> SALTA
[17:23:38] Fila 126: sin puesto (depActual='Incontinencia') -> SALTA
[17:23:38] Fila 127: sin puesto (depActual='Incontinencia') -> SALTA
[17:23:38] Fila 128: sin puesto (depActual='Incontinencia') -> SALTA
[17:23:38] Fila 129: sin puesto (depActual='Incontinencia') -> SALTA
[17:23:38] Fila 130: sin puesto (depActual='Incontinencia') -> SALTA
[17:23:38] Fila 131: sin puesto (depActual='Incontinencia') -> SALTA
[17:23:38] Fila 132: sin puesto (depActual='Incontinencia') -> SALTA
[17:23:38] Fila 133: sin puesto (depActual='Incontinencia') -> SALTA
[17:23:38] Fila 134: sin puesto (depActual='Incontinencia') -> SALTA
[17:23:38] Fila 135: sin puesto (depActual='Incontinencia') -> SALTA
[17:23:38] Fila 136: sin puesto (depActual='Incontinencia') -> SALTA
[17:23:38] Fila 137: sin puesto (depActual='Incontinencia') -> SALTA
[17:23:38] Fila 138: sin puesto (depActual='Incontinencia') -> SALTA
[17:23:38] Fila 139: sin puesto (depActual='Incontinencia') -> SALTA
[17:23:38] Fila 140: sin puesto (depActual='Incontinencia') -> SALTA
[17:23:38] Fila 141: sin puesto (depActual='Incontinencia') -> SALTA
[17:23:38] Fila 142: sin puesto (depActual='Incontinencia') -> SALTA
[17:23:38] Total de equipos encontrados: 8
[17:23:38] ========================================================
[17:25:01] ==================== NUEVA PETICION ====================
[17:25:01] Departamento recibido: 'Incontinencia'
[17:25:01] Puesto recibido: 'Sellador'
[17:25:01] Departamento normalizado: 'incontinencia'
[17:25:01] Puesto normalizado: 'sellador'
[17:25:01] Ruta Excel: C:\xampp\htdocs\Mes\KCMes\EPP\php/FO-OSHPS012-01_Identificación_y_selección_de_EPP.xlsx
[17:25:01] OK: archivo encontrado
[17:25:01] Hoja [0]: 'EPP'
[17:25:01] Hoja [1]: 'Tabla I.1'
[17:25:01] Hoja [2]: 'X supervisor'
[17:25:01] Hoja [3]: 'Para alta'
[17:25:01] Hoja activa: EPP
[17:25:01] Ultima fila con datos: 142
[17:25:01] Fila 6: dep='Contratistas' puesto='Soldador' | depOk=no puestoOk=no
[17:25:01] Fila 7: dep='Contratistas' puesto='Prevencionista' | depOk=no puestoOk=no
[17:25:01] Fila 8: dep='Contratistas' puesto='Ayudante general' | depOk=no puestoOk=no
[17:25:01] Fila 9: dep='Relaciones industriales' puesto='Ayudante general' | depOk=no puestoOk=no
[17:25:01] Fila 10: dep='Relaciones industriales' puesto='Guardia' | depOk=no puestoOk=no
[17:25:01] Fila 11: dep='Relaciones industriales' puesto='Ayudante general' | depOk=no puestoOk=no
[17:25:01] Fila 12: dep='Relaciones industriales' puesto='Personal de intentendencia' | depOk=no puestoOk=no
[17:25:01] Fila 13: dep='Servicios Auxiliares' puesto='Mecánico' | depOk=no puestoOk=no
[17:25:01] Fila 14: dep='Servicios Auxiliares' puesto='Mecánico' | depOk=no puestoOk=no
[17:25:01] Fila 15: dep='Servicios Auxiliares' puesto='Mecánico' | depOk=no puestoOk=no
[17:25:01] Fila 16: dep='Servicios Auxiliares' puesto='Mecánico' | depOk=no puestoOk=no
[17:25:01] Fila 17: dep='Servicios Auxiliares' puesto='Empacador' | depOk=no puestoOk=no
[17:25:01] Fila 18: dep='Telas NoTejidas' puesto='Superintendente mecatronico' | depOk=no puestoOk=no
[17:25:01] Fila 19: dep='Telas NoTejidas' puesto='Ing. Proceso' | depOk=no puestoOk=no
[17:25:01] Fila 20: dep='Telas NoTejidas' puesto='Conductor' | depOk=no puestoOk=no
[17:25:01] Fila 21: dep='Telas NoTejidas' puesto='Ayudante De Operador' | depOk=no puestoOk=no
[17:25:01] Fila 22: dep='Telas NoTejidas' puesto='Empacador' | depOk=no puestoOk=no
[17:25:01] Fila 23: dep='Telas NoTejidas' puesto='Líder de Operación' | depOk=no puestoOk=no
[17:25:01] Fila 24: dep='Telas NoTejidas' puesto='Tecnico Electronico' | depOk=no puestoOk=no
[17:25:01] Fila 25: dep='Telas NoTejidas' puesto='Mecanico D' | depOk=no puestoOk=no
[17:25:01] Fila 26: dep='Telas NoTejidas' puesto='Mecanico B' | depOk=no puestoOk=no
[17:25:01] Fila 27: dep='Telas NoTejidas' puesto='Electrico D' | depOk=no puestoOk=no
[17:25:01] Fila 28: dep='Telas NoTejidas' puesto='Auxiliar Administrativo' | depOk=no puestoOk=no
[17:25:01] Fila 29: dep='Telas NoTejidas' puesto='Maestro en cardas' | depOk=no puestoOk=no
[17:25:01] Fila 30: dep='Almacén Materia Prima' puesto='Montacarguista' | depOk=no puestoOk=no
[17:25:01] Fila 31: dep='Almacén Materia Prima' puesto='Auxiliar Administrativo' | depOk=no puestoOk=no
[17:25:01] Fila 32: dep='Almacén Materia Prima' puesto='Supervisor' | depOk=no puestoOk=no
[17:25:01] Fila 33: dep='Almacén Materia Prima' puesto='Planeador' | depOk=no puestoOk=no
[17:25:01] Fila 34: dep='Almacén Materia Prima' puesto='Superintendente' | depOk=no puestoOk=no
[17:25:01] Fila 35: dep='Pañal' puesto='sellador' | depOk=no puestoOk=SI
[17:25:01] Fila 36: dep='Pañal' puesto='Ing. Proceso' | depOk=no puestoOk=no
[17:25:01] Fila 37: dep='Pañal' puesto='Electrico' | depOk=no puestoOk=no
[17:25:01] Fila 38: dep='Pañal' puesto='Jefe de mantenimiento' | depOk=no puestoOk=no
[17:25:01] Fila 39: dep='Pañal' puesto='Planeador' | depOk=no puestoOk=no
[17:25:01] Fila 40: dep='Pañal' puesto='Electronico' | depOk=no puestoOk=no
[17:25:01] Fila 41: dep='Pañal' puesto='Supervisor' | depOk=no puestoOk=no
[17:25:01] Fila 42: dep='Pañal' puesto='Super intendente' | depOk=no puestoOk=no
[17:25:01] Fila 43: dep='Pañal' puesto='Conductor' | depOk=no puestoOk=no
[17:25:01] Fila 44: dep='Pañal' puesto='Mecanico' | depOk=no puestoOk=no
[17:25:01] Fila 45: dep='Pañal' puesto='Empacador' | depOk=no puestoOk=no
[17:25:01] Fila 46: dep='Pañal' puesto='Gerente' | depOk=no puestoOk=no
[17:25:01] Fila 47: dep='Pañal' puesto='TSP' | depOk=no puestoOk=no
[17:25:01] Fila 48: dep='Pañal' puesto='Ayudannte' | depOk=no puestoOk=no
[17:25:01] Fila 49: dep='Protección femenina' puesto='Eléctrico' | depOk=no puestoOk=no
[17:25:01] Fila 50: dep='Protección femenina' puesto='Electrónico' | depOk=no puestoOk=no
[17:25:01] Fila 51: dep='Protección femenina' puesto='Mecánico' | depOk=no puestoOk=no
[17:25:01] Fila 52: dep='Protección femenina' puesto='Ayudante' | depOk=no puestoOk=no
[17:25:01] Fila 53: dep='Protección femenina' puesto='Conductor' | depOk=no puestoOk=no
[17:25:01] Fila 54: dep='Protección femenina' puesto='Empacador' | depOk=no puestoOk=no
[17:25:01] Fila 55: dep='Protección femenina' puesto='Sellador de Linea' | depOk=no puestoOk=SI
[17:25:01] Fila 56: dep='Protección femenina' puesto='TCP' | depOk=no puestoOk=no
[17:25:01] Fila 57: dep='Incontinencia' puesto='Gerente de Incontinencia' | depOk=SI puestoOk=no
[17:25:01] Fila 58: dep='Incontinencia' puesto='Superintendente  mantenimiento mecánico' | depOk=SI puestoOk=no
[17:25:01] Fila 59: dep='Incontinencia' puesto='Superintendente mantenimiento electrico' | depOk=SI puestoOk=no
[17:25:01] Fila 60: dep='Incontinencia' puesto='Superintendente de proceso' | depOk=SI puestoOk=no
[17:25:01] Fila 61: dep='Incontinencia' puesto='Supervisor produción' | depOk=SI puestoOk=no
[17:25:01] Fila 62: dep='Incontinencia' puesto='Supervisor Mecánico' | depOk=SI puestoOk=no
[17:25:01] Fila 63: dep='Incontinencia' puesto='Ing. de proceso' | depOk=SI puestoOk=no
[17:25:01] Fila 64: dep='Incontinencia' puesto='Planeador' | depOk=SI puestoOk=no
[17:25:01] Fila 65: dep='Incontinencia' puesto='Electronico' | depOk=SI puestoOk=no
[17:25:01] Fila 66: dep='Incontinencia' puesto='Conductor de Maquina' | depOk=SI puestoOk=no
[17:25:01] Fila 67: dep='Incontinencia' puesto='Mecánico categorias A,B,C,D' | depOk=SI puestoOk=no
[17:25:01] Fila 68: dep='Incontinencia' puesto='Electrico categorias A,B,C,D' | depOk=SI puestoOk=no
[17:25:01] Fila 69: dep='Incontinencia' puesto='Ayudannte' | depOk=SI puestoOk=no
[17:25:01] Fila 70: dep='Incontinencia' puesto='sellador' | depOk=SI puestoOk=SI
[17:25:01]    >>> MATCH en fila 70
[17:25:01]       + [Cabeza] A)        Casco contra impacto
[17:25:01]       + [Ojos y cara] B)        Gafas de protección
[17:25:01]       + [Oídos] A)        Tapones auditivos
[17:25:01]       + [Aparato respiratorio] A)        Respirador contra partículas
[17:25:01]       + [Extremidades superiores] D)        Guantes contra agentes mecánicos
[17:25:01]       + [Tronco] F)      Ropa de alta visibilidad
[17:25:01]       + [Extremidades inferiores] B)        Calzado con puntera de protección
[17:25:01]       + [Otros] N/A
[17:25:01] Fila 71: dep='Incontinencia' puesto='Empacador' | depOk=SI puestoOk=no
[17:25:01] Fila 72: dep='Incontinencia' puesto='Mecánico especialista adhesivos' | depOk=SI puestoOk=no
[17:25:01] Fila 73: dep='Incontinencia' puesto='Mecánico con perfil maquinas herramientas' | depOk=SI puestoOk=no
[17:25:01] Fila 74: sin puesto (depActual='Incontinencia') -> SALTA
[17:25:01] Fila 75: sin puesto (depActual='Incontinencia') -> SALTA
[17:25:01] Fila 76: sin puesto (depActual='Incontinencia') -> SALTA
[17:25:01] Fila 77: sin puesto (depActual='Incontinencia') -> SALTA
[17:25:01] Fila 78: sin puesto (depActual='Incontinencia') -> SALTA
[17:25:01] Fila 79: sin puesto (depActual='Incontinencia') -> SALTA
[17:25:01] Fila 80: sin puesto (depActual='Incontinencia') -> SALTA
[17:25:01] Fila 81: sin puesto (depActual='Incontinencia') -> SALTA
[17:25:01] Fila 82: sin puesto (depActual='Incontinencia') -> SALTA
[17:25:01] Fila 83: sin puesto (depActual='Incontinencia') -> SALTA
[17:25:01] Fila 84: sin puesto (depActual='Incontinencia') -> SALTA
[17:25:01] Fila 85: sin puesto (depActual='Incontinencia') -> SALTA
[17:25:01] Fila 86: sin puesto (depActual='Incontinencia') -> SALTA
[17:25:01] Fila 87: sin puesto (depActual='Incontinencia') -> SALTA
[17:25:01] Fila 88: sin puesto (depActual='Incontinencia') -> SALTA
[17:25:01] Fila 89: sin puesto (depActual='Incontinencia') -> SALTA
[17:25:01] Fila 90: sin puesto (depActual='Incontinencia') -> SALTA
[17:25:01] Fila 91: sin puesto (depActual='Incontinencia') -> SALTA
[17:25:01] Fila 92: sin puesto (depActual='Incontinencia') -> SALTA
[17:25:01] Fila 93: sin puesto (depActual='Incontinencia') -> SALTA
[17:25:01] Fila 94: sin puesto (depActual='Incontinencia') -> SALTA
[17:25:01] Fila 95: sin puesto (depActual='Incontinencia') -> SALTA
[17:25:01] Fila 96: sin puesto (depActual='Incontinencia') -> SALTA
[17:25:01] Fila 97: sin puesto (depActual='Incontinencia') -> SALTA
[17:25:01] Fila 98: sin puesto (depActual='Incontinencia') -> SALTA
[17:25:01] Fila 99: sin puesto (depActual='Incontinencia') -> SALTA
[17:25:01] Fila 100: sin puesto (depActual='Incontinencia') -> SALTA
[17:25:01] Fila 101: sin puesto (depActual='Incontinencia') -> SALTA
[17:25:01] Fila 102: sin puesto (depActual='Incontinencia') -> SALTA
[17:25:01] Fila 103: sin puesto (depActual='Incontinencia') -> SALTA
[17:25:01] Fila 104: sin puesto (depActual='Incontinencia') -> SALTA
[17:25:01] Fila 105: sin puesto (depActual='Incontinencia') -> SALTA
[17:25:01] Fila 106: sin puesto (depActual='Incontinencia') -> SALTA
[17:25:01] Fila 107: sin puesto (depActual='Incontinencia') -> SALTA
[17:25:01] Fila 108: sin puesto (depActual='Incontinencia') -> SALTA
[17:25:01] Fila 109: sin puesto (depActual='Incontinencia') -> SALTA
[17:25:01] Fila 110: sin puesto (depActual='Incontinencia') -> SALTA
[17:25:01] Fila 111: sin puesto (depActual='Incontinencia') -> SALTA
[17:25:01] Fila 112: sin puesto (depActual='Incontinencia') -> SALTA
[17:25:01] Fila 113: sin puesto (depActual='Incontinencia') -> SALTA
[17:25:01] Fila 114: sin puesto (depActual='Incontinencia') -> SALTA
[17:25:01] Fila 115: sin puesto (depActual='Incontinencia') -> SALTA
[17:25:01] Fila 116: sin puesto (depActual='Incontinencia') -> SALTA
[17:25:01] Fila 117: sin puesto (depActual='Incontinencia') -> SALTA
[17:25:01] Fila 118: sin puesto (depActual='Incontinencia') -> SALTA
[17:25:01] Fila 119: sin puesto (depActual='Incontinencia') -> SALTA
[17:25:01] Fila 120: sin puesto (depActual='Incontinencia') -> SALTA
[17:25:01] Fila 121: sin puesto (depActual='Incontinencia') -> SALTA
[17:25:01] Fila 122: sin puesto (depActual='Incontinencia') -> SALTA
[17:25:01] Fila 123: sin puesto (depActual='Incontinencia') -> SALTA
[17:25:01] Fila 124: sin puesto (depActual='Incontinencia') -> SALTA
[17:25:01] Fila 125: sin puesto (depActual='Incontinencia') -> SALTA
[17:25:01] Fila 126: sin puesto (depActual='Incontinencia') -> SALTA
[17:25:01] Fila 127: sin puesto (depActual='Incontinencia') -> SALTA
[17:25:01] Fila 128: sin puesto (depActual='Incontinencia') -> SALTA
[17:25:01] Fila 129: sin puesto (depActual='Incontinencia') -> SALTA
[17:25:01] Fila 130: sin puesto (depActual='Incontinencia') -> SALTA
[17:25:01] Fila 131: sin puesto (depActual='Incontinencia') -> SALTA
[17:25:01] Fila 132: sin puesto (depActual='Incontinencia') -> SALTA
[17:25:01] Fila 133: sin puesto (depActual='Incontinencia') -> SALTA
[17:25:01] Fila 134: sin puesto (depActual='Incontinencia') -> SALTA
[17:25:01] Fila 135: sin puesto (depActual='Incontinencia') -> SALTA
[17:25:01] Fila 136: sin puesto (depActual='Incontinencia') -> SALTA
[17:25:01] Fila 137: sin puesto (depActual='Incontinencia') -> SALTA
[17:25:01] Fila 138: sin puesto (depActual='Incontinencia') -> SALTA
[17:25:01] Fila 139: sin puesto (depActual='Incontinencia') -> SALTA
[17:25:01] Fila 140: sin puesto (depActual='Incontinencia') -> SALTA
[17:25:01] Fila 141: sin puesto (depActual='Incontinencia') -> SALTA
[17:25:01] Fila 142: sin puesto (depActual='Incontinencia') -> SALTA
[17:25:01] Total de equipos encontrados: 8
[17:25:01] ========================================================
[18:12:57] ==================== NUEVA PETICION ====================
[18:12:57] Departamento recibido: 'Incontinencia'
[18:12:57] Puesto recibido: 'Técnico electrónico'
[18:12:57] Departamento normalizado: 'incontinencia'
[18:12:57] Puesto normalizado: 'tecnico electronico'
[18:12:57] Ruta Excel: C:\xampp\htdocs\Mes\KCMes\EPP\php/FO-OSHPS012-01_Identificación_y_selección_de_EPP.xlsx
[18:12:57] OK: archivo encontrado
[18:12:59] Hoja [0]: 'EPP'
[18:12:59] Hoja [1]: 'Tabla I.1'
[18:12:59] Hoja [2]: 'X supervisor'
[18:12:59] Hoja [3]: 'Para alta'
[18:12:59] Hoja activa: EPP
[18:12:59] Ultima fila con datos: 142
[18:12:59] Fila 6: dep='Contratistas' puesto='Soldador' | depOk=no puestoOk=no
[18:12:59] Fila 7: dep='Contratistas' puesto='Prevencionista' | depOk=no puestoOk=no
[18:12:59] Fila 8: dep='Contratistas' puesto='Ayudante general' | depOk=no puestoOk=no
[18:12:59] Fila 9: dep='Relaciones industriales' puesto='Ayudante general' | depOk=no puestoOk=no
[18:12:59] Fila 10: dep='Relaciones industriales' puesto='Guardia' | depOk=no puestoOk=no
[18:12:59] Fila 11: dep='Relaciones industriales' puesto='Ayudante general' | depOk=no puestoOk=no
[18:12:59] Fila 12: dep='Relaciones industriales' puesto='Personal de intentendencia' | depOk=no puestoOk=no
[18:12:59] Fila 13: dep='Servicios Auxiliares' puesto='Mecánico' | depOk=no puestoOk=no
[18:12:59] Fila 14: dep='Servicios Auxiliares' puesto='Mecánico' | depOk=no puestoOk=no
[18:12:59] Fila 15: dep='Servicios Auxiliares' puesto='Mecánico' | depOk=no puestoOk=no
[18:12:59] Fila 16: dep='Servicios Auxiliares' puesto='Mecánico' | depOk=no puestoOk=no
[18:12:59] Fila 17: dep='Servicios Auxiliares' puesto='Empacador' | depOk=no puestoOk=no
[18:12:59] Fila 18: dep='Telas NoTejidas' puesto='Superintendente mecatronico' | depOk=no puestoOk=no
[18:12:59] Fila 19: dep='Telas NoTejidas' puesto='Ing. Proceso' | depOk=no puestoOk=no
[18:12:59] Fila 20: dep='Telas NoTejidas' puesto='Conductor' | depOk=no puestoOk=no
[18:12:59] Fila 21: dep='Telas NoTejidas' puesto='Ayudante De Operador' | depOk=no puestoOk=no
[18:12:59] Fila 22: dep='Telas NoTejidas' puesto='Empacador' | depOk=no puestoOk=no
[18:12:59] Fila 23: dep='Telas NoTejidas' puesto='Líder de Operación' | depOk=no puestoOk=no
[18:12:59] Fila 24: dep='Telas NoTejidas' puesto='Tecnico Electronico' | depOk=no puestoOk=SI
[18:12:59] Fila 25: dep='Telas NoTejidas' puesto='Mecanico D' | depOk=no puestoOk=no
[18:12:59] Fila 26: dep='Telas NoTejidas' puesto='Mecanico B' | depOk=no puestoOk=no
[18:12:59] Fila 27: dep='Telas NoTejidas' puesto='Electrico D' | depOk=no puestoOk=no
[18:12:59] Fila 28: dep='Telas NoTejidas' puesto='Auxiliar Administrativo' | depOk=no puestoOk=no
[18:12:59] Fila 29: dep='Telas NoTejidas' puesto='Maestro en cardas' | depOk=no puestoOk=no
[18:12:59] Fila 30: dep='Almacén Materia Prima' puesto='Montacarguista' | depOk=no puestoOk=no
[18:12:59] Fila 31: dep='Almacén Materia Prima' puesto='Auxiliar Administrativo' | depOk=no puestoOk=no
[18:12:59] Fila 32: dep='Almacén Materia Prima' puesto='Supervisor' | depOk=no puestoOk=no
[18:12:59] Fila 33: dep='Almacén Materia Prima' puesto='Planeador' | depOk=no puestoOk=no
[18:12:59] Fila 34: dep='Almacén Materia Prima' puesto='Superintendente' | depOk=no puestoOk=no
[18:12:59] Fila 35: dep='Pañal' puesto='sellador' | depOk=no puestoOk=no
[18:12:59] Fila 36: dep='Pañal' puesto='Ing. Proceso' | depOk=no puestoOk=no
[18:12:59] Fila 37: dep='Pañal' puesto='Electrico' | depOk=no puestoOk=no
[18:12:59] Fila 38: dep='Pañal' puesto='Jefe de mantenimiento' | depOk=no puestoOk=no
[18:12:59] Fila 39: dep='Pañal' puesto='Planeador' | depOk=no puestoOk=no
[18:12:59] Fila 40: dep='Pañal' puesto='Electronico' | depOk=no puestoOk=SI
[18:12:59] Fila 41: dep='Pañal' puesto='Supervisor' | depOk=no puestoOk=no
[18:12:59] Fila 42: dep='Pañal' puesto='Super intendente' | depOk=no puestoOk=no
[18:12:59] Fila 43: dep='Pañal' puesto='Conductor' | depOk=no puestoOk=no
[18:12:59] Fila 44: dep='Pañal' puesto='Mecanico' | depOk=no puestoOk=no
[18:12:59] Fila 45: dep='Pañal' puesto='Empacador' | depOk=no puestoOk=no
[18:12:59] Fila 46: dep='Pañal' puesto='Gerente' | depOk=no puestoOk=no
[18:12:59] Fila 47: dep='Pañal' puesto='TSP' | depOk=no puestoOk=no
[18:12:59] Fila 48: dep='Pañal' puesto='Ayudannte' | depOk=no puestoOk=no
[18:12:59] Fila 49: dep='Protección femenina' puesto='Eléctrico' | depOk=no puestoOk=no
[18:12:59] Fila 50: dep='Protección femenina' puesto='Electrónico' | depOk=no puestoOk=SI
[18:12:59] Fila 51: dep='Protección femenina' puesto='Mecánico' | depOk=no puestoOk=no
[18:12:59] Fila 52: dep='Protección femenina' puesto='Ayudante' | depOk=no puestoOk=no
[18:12:59] Fila 53: dep='Protección femenina' puesto='Conductor' | depOk=no puestoOk=no
[18:12:59] Fila 54: dep='Protección femenina' puesto='Empacador' | depOk=no puestoOk=no
[18:12:59] Fila 55: dep='Protección femenina' puesto='Sellador de Linea' | depOk=no puestoOk=no
[18:12:59] Fila 56: dep='Protección femenina' puesto='TCP' | depOk=no puestoOk=no
[18:12:59] Fila 57: dep='Incontinencia' puesto='Gerente de Incontinencia' | depOk=SI puestoOk=no
[18:12:59] Fila 58: dep='Incontinencia' puesto='Superintendente  mantenimiento mecánico' | depOk=SI puestoOk=no
[18:12:59] Fila 59: dep='Incontinencia' puesto='Superintendente mantenimiento electrico' | depOk=SI puestoOk=no
[18:12:59] Fila 60: dep='Incontinencia' puesto='Superintendente de proceso' | depOk=SI puestoOk=no
[18:12:59] Fila 61: dep='Incontinencia' puesto='Supervisor produción' | depOk=SI puestoOk=no
[18:12:59] Fila 62: dep='Incontinencia' puesto='Supervisor Mecánico' | depOk=SI puestoOk=no
[18:12:59] Fila 63: dep='Incontinencia' puesto='Ing. de proceso' | depOk=SI puestoOk=no
[18:12:59] Fila 64: dep='Incontinencia' puesto='Planeador' | depOk=SI puestoOk=no
[18:12:59] Fila 65: dep='Incontinencia' puesto='Electronico' | depOk=SI puestoOk=SI
[18:12:59]    >>> MATCH en fila 65
[18:12:59]       + [Cabeza] B)        Casco dieléctrico
[18:12:59]       + [Ojos y cara] C)        Protector facial
[18:12:59]       + [Oídos] A)        Tapones auditivos
[18:12:59]       + [Aparato respiratorio] A)        Respirador contra partículas
[18:12:59]       + [Extremidades superiores] B)        Guantes dieléctricos
[18:12:59]       + [Tronco] F)      Ropa de alta visibilidad
[18:12:59]       + [Extremidades inferiores] C)        Calzado dieléctrico
[18:12:59]       + [Otros] A)        Equipo de protección contra caídas de altura
[18:12:59] Fila 66: dep='Incontinencia' puesto='Conductor de Maquina' | depOk=SI puestoOk=no
[18:12:59] Fila 67: dep='Incontinencia' puesto='Mecánico categorias A,B,C,D' | depOk=SI puestoOk=no
[18:12:59] Fila 68: dep='Incontinencia' puesto='Electrico categorias A,B,C,D' | depOk=SI puestoOk=no
[18:12:59] Fila 69: dep='Incontinencia' puesto='Ayudannte' | depOk=SI puestoOk=no
[18:12:59] Fila 70: dep='Incontinencia' puesto='sellador' | depOk=SI puestoOk=no
[18:12:59] Fila 71: dep='Incontinencia' puesto='Empacador' | depOk=SI puestoOk=no
[18:12:59] Fila 72: dep='Incontinencia' puesto='Mecánico especialista adhesivos' | depOk=SI puestoOk=no
[18:12:59] Fila 73: dep='Incontinencia' puesto='Mecánico con perfil maquinas herramientas' | depOk=SI puestoOk=no
[18:12:59] Fila 74: sin puesto (depActual='Incontinencia') -> SALTA
[18:12:59] Fila 75: sin puesto (depActual='Incontinencia') -> SALTA
[18:12:59] Fila 76: sin puesto (depActual='Incontinencia') -> SALTA
[18:12:59] Fila 77: sin puesto (depActual='Incontinencia') -> SALTA
[18:12:59] Fila 78: sin puesto (depActual='Incontinencia') -> SALTA
[18:12:59] Fila 79: sin puesto (depActual='Incontinencia') -> SALTA
[18:12:59] Fila 80: sin puesto (depActual='Incontinencia') -> SALTA
[18:12:59] Fila 81: sin puesto (depActual='Incontinencia') -> SALTA
[18:12:59] Fila 82: sin puesto (depActual='Incontinencia') -> SALTA
[18:12:59] Fila 83: sin puesto (depActual='Incontinencia') -> SALTA
[18:12:59] Fila 84: sin puesto (depActual='Incontinencia') -> SALTA
[18:12:59] Fila 85: sin puesto (depActual='Incontinencia') -> SALTA
[18:12:59] Fila 86: sin puesto (depActual='Incontinencia') -> SALTA
[18:12:59] Fila 87: sin puesto (depActual='Incontinencia') -> SALTA
[18:12:59] Fila 88: sin puesto (depActual='Incontinencia') -> SALTA
[18:12:59] Fila 89: sin puesto (depActual='Incontinencia') -> SALTA
[18:12:59] Fila 90: sin puesto (depActual='Incontinencia') -> SALTA
[18:12:59] Fila 91: sin puesto (depActual='Incontinencia') -> SALTA
[18:12:59] Fila 92: sin puesto (depActual='Incontinencia') -> SALTA
[18:12:59] Fila 93: sin puesto (depActual='Incontinencia') -> SALTA
[18:12:59] Fila 94: sin puesto (depActual='Incontinencia') -> SALTA
[18:12:59] Fila 95: sin puesto (depActual='Incontinencia') -> SALTA
[18:12:59] Fila 96: sin puesto (depActual='Incontinencia') -> SALTA
[18:12:59] Fila 97: sin puesto (depActual='Incontinencia') -> SALTA
[18:12:59] Fila 98: sin puesto (depActual='Incontinencia') -> SALTA
[18:12:59] Fila 99: sin puesto (depActual='Incontinencia') -> SALTA
[18:12:59] Fila 100: sin puesto (depActual='Incontinencia') -> SALTA
[18:12:59] Fila 101: sin puesto (depActual='Incontinencia') -> SALTA
[18:12:59] Fila 102: sin puesto (depActual='Incontinencia') -> SALTA
[18:12:59] Fila 103: sin puesto (depActual='Incontinencia') -> SALTA
[18:12:59] Fila 104: sin puesto (depActual='Incontinencia') -> SALTA
[18:12:59] Fila 105: sin puesto (depActual='Incontinencia') -> SALTA
[18:12:59] Fila 106: sin puesto (depActual='Incontinencia') -> SALTA
[18:12:59] Fila 107: sin puesto (depActual='Incontinencia') -> SALTA
[18:12:59] Fila 108: sin puesto (depActual='Incontinencia') -> SALTA
[18:12:59] Fila 109: sin puesto (depActual='Incontinencia') -> SALTA
[18:12:59] Fila 110: sin puesto (depActual='Incontinencia') -> SALTA
[18:12:59] Fila 111: sin puesto (depActual='Incontinencia') -> SALTA
[18:12:59] Fila 112: sin puesto (depActual='Incontinencia') -> SALTA
[18:12:59] Fila 113: sin puesto (depActual='Incontinencia') -> SALTA
[18:12:59] Fila 114: sin puesto (depActual='Incontinencia') -> SALTA
[18:12:59] Fila 115: sin puesto (depActual='Incontinencia') -> SALTA
[18:12:59] Fila 116: sin puesto (depActual='Incontinencia') -> SALTA
[18:12:59] Fila 117: sin puesto (depActual='Incontinencia') -> SALTA
[18:12:59] Fila 118: sin puesto (depActual='Incontinencia') -> SALTA
[18:12:59] Fila 119: sin puesto (depActual='Incontinencia') -> SALTA
[18:12:59] Fila 120: sin puesto (depActual='Incontinencia') -> SALTA
[18:12:59] Fila 121: sin puesto (depActual='Incontinencia') -> SALTA
[18:12:59] Fila 122: sin puesto (depActual='Incontinencia') -> SALTA
[18:12:59] Fila 123: sin puesto (depActual='Incontinencia') -> SALTA
[18:12:59] Fila 124: sin puesto (depActual='Incontinencia') -> SALTA
[18:12:59] Fila 125: sin puesto (depActual='Incontinencia') -> SALTA
[18:12:59] Fila 126: sin puesto (depActual='Incontinencia') -> SALTA
[18:12:59] Fila 127: sin puesto (depActual='Incontinencia') -> SALTA
[18:12:59] Fila 128: sin puesto (depActual='Incontinencia') -> SALTA
[18:12:59] Fila 129: sin puesto (depActual='Incontinencia') -> SALTA
[18:12:59] Fila 130: sin puesto (depActual='Incontinencia') -> SALTA
[18:12:59] Fila 131: sin puesto (depActual='Incontinencia') -> SALTA
[18:12:59] Fila 132: sin puesto (depActual='Incontinencia') -> SALTA
[18:12:59] Fila 133: sin puesto (depActual='Incontinencia') -> SALTA
[18:12:59] Fila 134: sin puesto (depActual='Incontinencia') -> SALTA
[18:12:59] Fila 135: sin puesto (depActual='Incontinencia') -> SALTA
[18:12:59] Fila 136: sin puesto (depActual='Incontinencia') -> SALTA
[18:12:59] Fila 137: sin puesto (depActual='Incontinencia') -> SALTA
[18:12:59] Fila 138: sin puesto (depActual='Incontinencia') -> SALTA
[18:12:59] Fila 139: sin puesto (depActual='Incontinencia') -> SALTA
[18:12:59] Fila 140: sin puesto (depActual='Incontinencia') -> SALTA
[18:12:59] Fila 141: sin puesto (depActual='Incontinencia') -> SALTA
[18:12:59] Fila 142: sin puesto (depActual='Incontinencia') -> SALTA
[18:12:59] Total de equipos encontrados: 8
[18:12:59] ========================================================
[18:13:13] ==================== NUEVA PETICION ====================
[18:13:13] Departamento recibido: 'Incontinencia'
[18:13:13] Puesto recibido: 'Técnico electrónico'
[18:13:13] Departamento normalizado: 'incontinencia'
[18:13:13] Puesto normalizado: 'tecnico electronico'
[18:13:13] Ruta Excel: C:\xampp\htdocs\Mes\KCMes\EPP\php/FO-OSHPS012-01_Identificación_y_selección_de_EPP.xlsx
[18:13:13] OK: archivo encontrado
[18:13:13] Hoja [0]: 'EPP'
[18:13:13] Hoja [1]: 'Tabla I.1'
[18:13:13] Hoja [2]: 'X supervisor'
[18:13:13] Hoja [3]: 'Para alta'
[18:13:13] Hoja activa: EPP
[18:13:13] Ultima fila con datos: 142
[18:13:13] Fila 6: dep='Contratistas' puesto='Soldador' | depOk=no puestoOk=no
[18:13:13] Fila 7: dep='Contratistas' puesto='Prevencionista' | depOk=no puestoOk=no
[18:13:13] Fila 8: dep='Contratistas' puesto='Ayudante general' | depOk=no puestoOk=no
[18:13:13] Fila 9: dep='Relaciones industriales' puesto='Ayudante general' | depOk=no puestoOk=no
[18:13:13] Fila 10: dep='Relaciones industriales' puesto='Guardia' | depOk=no puestoOk=no
[18:13:13] Fila 11: dep='Relaciones industriales' puesto='Ayudante general' | depOk=no puestoOk=no
[18:13:13] Fila 12: dep='Relaciones industriales' puesto='Personal de intentendencia' | depOk=no puestoOk=no
[18:13:13] Fila 13: dep='Servicios Auxiliares' puesto='Mecánico' | depOk=no puestoOk=no
[18:13:13] Fila 14: dep='Servicios Auxiliares' puesto='Mecánico' | depOk=no puestoOk=no
[18:13:13] Fila 15: dep='Servicios Auxiliares' puesto='Mecánico' | depOk=no puestoOk=no
[18:13:13] Fila 16: dep='Servicios Auxiliares' puesto='Mecánico' | depOk=no puestoOk=no
[18:13:13] Fila 17: dep='Servicios Auxiliares' puesto='Empacador' | depOk=no puestoOk=no
[18:13:13] Fila 18: dep='Telas NoTejidas' puesto='Superintendente mecatronico' | depOk=no puestoOk=no
[18:13:13] Fila 19: dep='Telas NoTejidas' puesto='Ing. Proceso' | depOk=no puestoOk=no
[18:13:13] Fila 20: dep='Telas NoTejidas' puesto='Conductor' | depOk=no puestoOk=no
[18:13:13] Fila 21: dep='Telas NoTejidas' puesto='Ayudante De Operador' | depOk=no puestoOk=no
[18:13:13] Fila 22: dep='Telas NoTejidas' puesto='Empacador' | depOk=no puestoOk=no
[18:13:13] Fila 23: dep='Telas NoTejidas' puesto='Líder de Operación' | depOk=no puestoOk=no
[18:13:13] Fila 24: dep='Telas NoTejidas' puesto='Tecnico Electronico' | depOk=no puestoOk=SI
[18:13:13] Fila 25: dep='Telas NoTejidas' puesto='Mecanico D' | depOk=no puestoOk=no
[18:13:13] Fila 26: dep='Telas NoTejidas' puesto='Mecanico B' | depOk=no puestoOk=no
[18:13:13] Fila 27: dep='Telas NoTejidas' puesto='Electrico D' | depOk=no puestoOk=no
[18:13:13] Fila 28: dep='Telas NoTejidas' puesto='Auxiliar Administrativo' | depOk=no puestoOk=no
[18:13:13] Fila 29: dep='Telas NoTejidas' puesto='Maestro en cardas' | depOk=no puestoOk=no
[18:13:13] Fila 30: dep='Almacén Materia Prima' puesto='Montacarguista' | depOk=no puestoOk=no
[18:13:13] Fila 31: dep='Almacén Materia Prima' puesto='Auxiliar Administrativo' | depOk=no puestoOk=no
[18:13:13] Fila 32: dep='Almacén Materia Prima' puesto='Supervisor' | depOk=no puestoOk=no
[18:13:13] Fila 33: dep='Almacén Materia Prima' puesto='Planeador' | depOk=no puestoOk=no
[18:13:13] Fila 34: dep='Almacén Materia Prima' puesto='Superintendente' | depOk=no puestoOk=no
[18:13:13] Fila 35: dep='Pañal' puesto='sellador' | depOk=no puestoOk=no
[18:13:13] Fila 36: dep='Pañal' puesto='Ing. Proceso' | depOk=no puestoOk=no
[18:13:13] Fila 37: dep='Pañal' puesto='Electrico' | depOk=no puestoOk=no
[18:13:13] Fila 38: dep='Pañal' puesto='Jefe de mantenimiento' | depOk=no puestoOk=no
[18:13:13] Fila 39: dep='Pañal' puesto='Planeador' | depOk=no puestoOk=no
[18:13:13] Fila 40: dep='Pañal' puesto='Electronico' | depOk=no puestoOk=SI
[18:13:13] Fila 41: dep='Pañal' puesto='Supervisor' | depOk=no puestoOk=no
[18:13:13] Fila 42: dep='Pañal' puesto='Super intendente' | depOk=no puestoOk=no
[18:13:13] Fila 43: dep='Pañal' puesto='Conductor' | depOk=no puestoOk=no
[18:13:13] Fila 44: dep='Pañal' puesto='Mecanico' | depOk=no puestoOk=no
[18:13:13] Fila 45: dep='Pañal' puesto='Empacador' | depOk=no puestoOk=no
[18:13:13] Fila 46: dep='Pañal' puesto='Gerente' | depOk=no puestoOk=no
[18:13:13] Fila 47: dep='Pañal' puesto='TSP' | depOk=no puestoOk=no
[18:13:13] Fila 48: dep='Pañal' puesto='Ayudannte' | depOk=no puestoOk=no
[18:13:13] Fila 49: dep='Protección femenina' puesto='Eléctrico' | depOk=no puestoOk=no
[18:13:13] Fila 50: dep='Protección femenina' puesto='Electrónico' | depOk=no puestoOk=SI
[18:13:13] Fila 51: dep='Protección femenina' puesto='Mecánico' | depOk=no puestoOk=no
[18:13:13] Fila 52: dep='Protección femenina' puesto='Ayudante' | depOk=no puestoOk=no
[18:13:13] Fila 53: dep='Protección femenina' puesto='Conductor' | depOk=no puestoOk=no
[18:13:13] Fila 54: dep='Protección femenina' puesto='Empacador' | depOk=no puestoOk=no
[18:13:13] Fila 55: dep='Protección femenina' puesto='Sellador de Linea' | depOk=no puestoOk=no
[18:13:13] Fila 56: dep='Protección femenina' puesto='TCP' | depOk=no puestoOk=no
[18:13:13] Fila 57: dep='Incontinencia' puesto='Gerente de Incontinencia' | depOk=SI puestoOk=no
[18:13:13] Fila 58: dep='Incontinencia' puesto='Superintendente  mantenimiento mecánico' | depOk=SI puestoOk=no
[18:13:13] Fila 59: dep='Incontinencia' puesto='Superintendente mantenimiento electrico' | depOk=SI puestoOk=no
[18:13:13] Fila 60: dep='Incontinencia' puesto='Superintendente de proceso' | depOk=SI puestoOk=no
[18:13:13] Fila 61: dep='Incontinencia' puesto='Supervisor produción' | depOk=SI puestoOk=no
[18:13:13] Fila 62: dep='Incontinencia' puesto='Supervisor Mecánico' | depOk=SI puestoOk=no
[18:13:13] Fila 63: dep='Incontinencia' puesto='Ing. de proceso' | depOk=SI puestoOk=no
[18:13:13] Fila 64: dep='Incontinencia' puesto='Planeador' | depOk=SI puestoOk=no
[18:13:13] Fila 65: dep='Incontinencia' puesto='Electronico' | depOk=SI puestoOk=SI
[18:13:13]    >>> MATCH en fila 65
[18:13:13]       + [Cabeza] B)        Casco dieléctrico
[18:13:13]       + [Ojos y cara] C)        Protector facial
[18:13:13]       + [Oídos] A)        Tapones auditivos
[18:13:13]       + [Aparato respiratorio] A)        Respirador contra partículas
[18:13:13]       + [Extremidades superiores] B)        Guantes dieléctricos
[18:13:13]       + [Tronco] F)      Ropa de alta visibilidad
[18:13:13]       + [Extremidades inferiores] C)        Calzado dieléctrico
[18:13:13]       + [Otros] A)        Equipo de protección contra caídas de altura
[18:13:13] Fila 66: dep='Incontinencia' puesto='Conductor de Maquina' | depOk=SI puestoOk=no
[18:13:13] Fila 67: dep='Incontinencia' puesto='Mecánico categorias A,B,C,D' | depOk=SI puestoOk=no
[18:13:13] Fila 68: dep='Incontinencia' puesto='Electrico categorias A,B,C,D' | depOk=SI puestoOk=no
[18:13:13] Fila 69: dep='Incontinencia' puesto='Ayudannte' | depOk=SI puestoOk=no
[18:13:13] Fila 70: dep='Incontinencia' puesto='sellador' | depOk=SI puestoOk=no
[18:13:13] Fila 71: dep='Incontinencia' puesto='Empacador' | depOk=SI puestoOk=no
[18:13:13] Fila 72: dep='Incontinencia' puesto='Mecánico especialista adhesivos' | depOk=SI puestoOk=no
[18:13:13] Fila 73: dep='Incontinencia' puesto='Mecánico con perfil maquinas herramientas' | depOk=SI puestoOk=no
[18:13:13] Fila 74: sin puesto (depActual='Incontinencia') -> SALTA
[18:13:13] Fila 75: sin puesto (depActual='Incontinencia') -> SALTA
[18:13:13] Fila 76: sin puesto (depActual='Incontinencia') -> SALTA
[18:13:13] Fila 77: sin puesto (depActual='Incontinencia') -> SALTA
[18:13:13] Fila 78: sin puesto (depActual='Incontinencia') -> SALTA
[18:13:13] Fila 79: sin puesto (depActual='Incontinencia') -> SALTA
[18:13:13] Fila 80: sin puesto (depActual='Incontinencia') -> SALTA
[18:13:13] Fila 81: sin puesto (depActual='Incontinencia') -> SALTA
[18:13:13] Fila 82: sin puesto (depActual='Incontinencia') -> SALTA
[18:13:13] Fila 83: sin puesto (depActual='Incontinencia') -> SALTA
[18:13:13] Fila 84: sin puesto (depActual='Incontinencia') -> SALTA
[18:13:13] Fila 85: sin puesto (depActual='Incontinencia') -> SALTA
[18:13:13] Fila 86: sin puesto (depActual='Incontinencia') -> SALTA
[18:13:13] Fila 87: sin puesto (depActual='Incontinencia') -> SALTA
[18:13:13] Fila 88: sin puesto (depActual='Incontinencia') -> SALTA
[18:13:13] Fila 89: sin puesto (depActual='Incontinencia') -> SALTA
[18:13:13] Fila 90: sin puesto (depActual='Incontinencia') -> SALTA
[18:13:13] Fila 91: sin puesto (depActual='Incontinencia') -> SALTA
[18:13:13] Fila 92: sin puesto (depActual='Incontinencia') -> SALTA
[18:13:13] Fila 93: sin puesto (depActual='Incontinencia') -> SALTA
[18:13:13] Fila 94: sin puesto (depActual='Incontinencia') -> SALTA
[18:13:13] Fila 95: sin puesto (depActual='Incontinencia') -> SALTA
[18:13:13] Fila 96: sin puesto (depActual='Incontinencia') -> SALTA
[18:13:13] Fila 97: sin puesto (depActual='Incontinencia') -> SALTA
[18:13:13] Fila 98: sin puesto (depActual='Incontinencia') -> SALTA
[18:13:13] Fila 99: sin puesto (depActual='Incontinencia') -> SALTA
[18:13:13] Fila 100: sin puesto (depActual='Incontinencia') -> SALTA
[18:13:13] Fila 101: sin puesto (depActual='Incontinencia') -> SALTA
[18:13:13] Fila 102: sin puesto (depActual='Incontinencia') -> SALTA
[18:13:13] Fila 103: sin puesto (depActual='Incontinencia') -> SALTA
[18:13:13] Fila 104: sin puesto (depActual='Incontinencia') -> SALTA
[18:13:13] Fila 105: sin puesto (depActual='Incontinencia') -> SALTA
[18:13:13] Fila 106: sin puesto (depActual='Incontinencia') -> SALTA
[18:13:13] Fila 107: sin puesto (depActual='Incontinencia') -> SALTA
[18:13:13] Fila 108: sin puesto (depActual='Incontinencia') -> SALTA
[18:13:13] Fila 109: sin puesto (depActual='Incontinencia') -> SALTA
[18:13:13] Fila 110: sin puesto (depActual='Incontinencia') -> SALTA
[18:13:13] Fila 111: sin puesto (depActual='Incontinencia') -> SALTA
[18:13:13] Fila 112: sin puesto (depActual='Incontinencia') -> SALTA
[18:13:13] Fila 113: sin puesto (depActual='Incontinencia') -> SALTA
[18:13:13] Fila 114: sin puesto (depActual='Incontinencia') -> SALTA
[18:13:13] Fila 115: sin puesto (depActual='Incontinencia') -> SALTA
[18:13:13] Fila 116: sin puesto (depActual='Incontinencia') -> SALTA
[18:13:13] Fila 117: sin puesto (depActual='Incontinencia') -> SALTA
[18:13:13] Fila 118: sin puesto (depActual='Incontinencia') -> SALTA
[18:13:13] Fila 119: sin puesto (depActual='Incontinencia') -> SALTA
[18:13:13] Fila 120: sin puesto (depActual='Incontinencia') -> SALTA
[18:13:13] Fila 121: sin puesto (depActual='Incontinencia') -> SALTA
[18:13:13] Fila 122: sin puesto (depActual='Incontinencia') -> SALTA
[18:13:13] Fila 123: sin puesto (depActual='Incontinencia') -> SALTA
[18:13:13] Fila 124: sin puesto (depActual='Incontinencia') -> SALTA
[18:13:13] Fila 125: sin puesto (depActual='Incontinencia') -> SALTA
[18:13:13] Fila 126: sin puesto (depActual='Incontinencia') -> SALTA
[18:13:13] Fila 127: sin puesto (depActual='Incontinencia') -> SALTA
[18:13:13] Fila 128: sin puesto (depActual='Incontinencia') -> SALTA
[18:13:13] Fila 129: sin puesto (depActual='Incontinencia') -> SALTA
[18:13:13] Fila 130: sin puesto (depActual='Incontinencia') -> SALTA
[18:13:13] Fila 131: sin puesto (depActual='Incontinencia') -> SALTA
[18:13:13] Fila 132: sin puesto (depActual='Incontinencia') -> SALTA
[18:13:13] Fila 133: sin puesto (depActual='Incontinencia') -> SALTA
[18:13:13] Fila 134: sin puesto (depActual='Incontinencia') -> SALTA
[18:13:13] Fila 135: sin puesto (depActual='Incontinencia') -> SALTA
[18:13:13] Fila 136: sin puesto (depActual='Incontinencia') -> SALTA
[18:13:13] Fila 137: sin puesto (depActual='Incontinencia') -> SALTA
[18:13:13] Fila 138: sin puesto (depActual='Incontinencia') -> SALTA
[18:13:13] Fila 139: sin puesto (depActual='Incontinencia') -> SALTA
[18:13:13] Fila 140: sin puesto (depActual='Incontinencia') -> SALTA
[18:13:13] Fila 141: sin puesto (depActual='Incontinencia') -> SALTA
[18:13:13] Fila 142: sin puesto (depActual='Incontinencia') -> SALTA
[18:13:13] Total de equipos encontrados: 8
[18:13:13] ========================================================
[18:16:23] ==================== NUEVA PETICION ====================
[18:16:23] Departamento recibido: '[object HTMLInputElement]'
[18:16:23] Puesto recibido: '[object HTMLInputElement]'
[18:16:23] Departamento normalizado: 'object htmlinputelement'
[18:16:23] Puesto normalizado: 'object htmlinputelement'
[18:16:23] Ruta Excel: C:\xampp\htdocs\Mes\KCMes\EPP\php/FO-OSHPS012-01_Identificación_y_selección_de_EPP.xlsx
[18:16:23] OK: archivo encontrado
[18:16:23] Hoja [0]: 'EPP'
[18:16:23] Hoja [1]: 'Tabla I.1'
[18:16:23] Hoja [2]: 'X supervisor'
[18:16:23] Hoja [3]: 'Para alta'
[18:16:23] Hoja activa: EPP
[18:16:23] Ultima fila con datos: 142
[18:16:23] Fila 6: dep='Contratistas' puesto='Soldador' | depOk=no puestoOk=no
[18:16:23] Fila 7: dep='Contratistas' puesto='Prevencionista' | depOk=no puestoOk=no
[18:16:23] Fila 8: dep='Contratistas' puesto='Ayudante general' | depOk=no puestoOk=no
[18:16:23] Fila 9: dep='Relaciones industriales' puesto='Ayudante general' | depOk=no puestoOk=no
[18:16:23] Fila 10: dep='Relaciones industriales' puesto='Guardia' | depOk=no puestoOk=no
[18:16:23] Fila 11: dep='Relaciones industriales' puesto='Ayudante general' | depOk=no puestoOk=no
[18:16:23] Fila 12: dep='Relaciones industriales' puesto='Personal de intentendencia' | depOk=no puestoOk=no
[18:16:23] Fila 13: dep='Servicios Auxiliares' puesto='Mecánico' | depOk=no puestoOk=no
[18:16:23] Fila 14: dep='Servicios Auxiliares' puesto='Mecánico' | depOk=no puestoOk=no
[18:16:23] Fila 15: dep='Servicios Auxiliares' puesto='Mecánico' | depOk=no puestoOk=no
[18:16:23] Fila 16: dep='Servicios Auxiliares' puesto='Mecánico' | depOk=no puestoOk=no
[18:16:23] Fila 17: dep='Servicios Auxiliares' puesto='Empacador' | depOk=no puestoOk=no
[18:16:23] Fila 18: dep='Telas NoTejidas' puesto='Superintendente mecatronico' | depOk=no puestoOk=no
[18:16:23] Fila 19: dep='Telas NoTejidas' puesto='Ing. Proceso' | depOk=no puestoOk=no
[18:16:23] Fila 20: dep='Telas NoTejidas' puesto='Conductor' | depOk=no puestoOk=no
[18:16:23] Fila 21: dep='Telas NoTejidas' puesto='Ayudante De Operador' | depOk=no puestoOk=no
[18:16:23] Fila 22: dep='Telas NoTejidas' puesto='Empacador' | depOk=no puestoOk=no
[18:16:23] Fila 23: dep='Telas NoTejidas' puesto='Líder de Operación' | depOk=no puestoOk=no
[18:16:23] Fila 24: dep='Telas NoTejidas' puesto='Tecnico Electronico' | depOk=no puestoOk=no
[18:16:23] Fila 25: dep='Telas NoTejidas' puesto='Mecanico D' | depOk=no puestoOk=no
[18:16:23] Fila 26: dep='Telas NoTejidas' puesto='Mecanico B' | depOk=no puestoOk=no
[18:16:23] Fila 27: dep='Telas NoTejidas' puesto='Electrico D' | depOk=no puestoOk=no
[18:16:23] Fila 28: dep='Telas NoTejidas' puesto='Auxiliar Administrativo' | depOk=no puestoOk=no
[18:16:23] Fila 29: dep='Telas NoTejidas' puesto='Maestro en cardas' | depOk=no puestoOk=no
[18:16:23] Fila 30: dep='Almacén Materia Prima' puesto='Montacarguista' | depOk=no puestoOk=no
[18:16:23] Fila 31: dep='Almacén Materia Prima' puesto='Auxiliar Administrativo' | depOk=no puestoOk=no
[18:16:23] Fila 32: dep='Almacén Materia Prima' puesto='Supervisor' | depOk=no puestoOk=no
[18:16:23] Fila 33: dep='Almacén Materia Prima' puesto='Planeador' | depOk=no puestoOk=no
[18:16:23] Fila 34: dep='Almacén Materia Prima' puesto='Superintendente' | depOk=no puestoOk=no
[18:16:23] Fila 35: dep='Pañal' puesto='sellador' | depOk=no puestoOk=no
[18:16:23] Fila 36: dep='Pañal' puesto='Ing. Proceso' | depOk=no puestoOk=no
[18:16:23] Fila 37: dep='Pañal' puesto='Electrico' | depOk=no puestoOk=no
[18:16:23] Fila 38: dep='Pañal' puesto='Jefe de mantenimiento' | depOk=no puestoOk=no
[18:16:23] Fila 39: dep='Pañal' puesto='Planeador' | depOk=no puestoOk=no
[18:16:23] Fila 40: dep='Pañal' puesto='Electronico' | depOk=no puestoOk=no
[18:16:23] Fila 41: dep='Pañal' puesto='Supervisor' | depOk=no puestoOk=no
[18:16:23] Fila 42: dep='Pañal' puesto='Super intendente' | depOk=no puestoOk=no
[18:16:23] Fila 43: dep='Pañal' puesto='Conductor' | depOk=no puestoOk=no
[18:16:23] Fila 44: dep='Pañal' puesto='Mecanico' | depOk=no puestoOk=no
[18:16:23] Fila 45: dep='Pañal' puesto='Empacador' | depOk=no puestoOk=no
[18:16:23] Fila 46: dep='Pañal' puesto='Gerente' | depOk=no puestoOk=no
[18:16:23] Fila 47: dep='Pañal' puesto='TSP' | depOk=no puestoOk=no
[18:16:23] Fila 48: dep='Pañal' puesto='Ayudannte' | depOk=no puestoOk=no
[18:16:23] Fila 49: dep='Protección femenina' puesto='Eléctrico' | depOk=no puestoOk=no
[18:16:23] Fila 50: dep='Protección femenina' puesto='Electrónico' | depOk=no puestoOk=no
[18:16:23] Fila 51: dep='Protección femenina' puesto='Mecánico' | depOk=no puestoOk=no
[18:16:23] Fila 52: dep='Protección femenina' puesto='Ayudante' | depOk=no puestoOk=no
[18:16:23] Fila 53: dep='Protección femenina' puesto='Conductor' | depOk=no puestoOk=no
[18:16:23] Fila 54: dep='Protección femenina' puesto='Empacador' | depOk=no puestoOk=no
[18:16:23] Fila 55: dep='Protección femenina' puesto='Sellador de Linea' | depOk=no puestoOk=no
[18:16:23] Fila 56: dep='Protección femenina' puesto='TCP' | depOk=no puestoOk=no
[18:16:23] Fila 57: dep='Incontinencia' puesto='Gerente de Incontinencia' | depOk=no puestoOk=no
[18:16:23] Fila 58: dep='Incontinencia' puesto='Superintendente  mantenimiento mecánico' | depOk=no puestoOk=no
[18:16:23] Fila 59: dep='Incontinencia' puesto='Superintendente mantenimiento electrico' | depOk=no puestoOk=no
[18:16:23] Fila 60: dep='Incontinencia' puesto='Superintendente de proceso' | depOk=no puestoOk=no
[18:16:23] Fila 61: dep='Incontinencia' puesto='Supervisor produción' | depOk=no puestoOk=no
[18:16:23] Fila 62: dep='Incontinencia' puesto='Supervisor Mecánico' | depOk=no puestoOk=no
[18:16:23] Fila 63: dep='Incontinencia' puesto='Ing. de proceso' | depOk=no puestoOk=no
[18:16:23] Fila 64: dep='Incontinencia' puesto='Planeador' | depOk=no puestoOk=no
[18:16:23] Fila 65: dep='Incontinencia' puesto='Electronico' | depOk=no puestoOk=no
[18:16:23] Fila 66: dep='Incontinencia' puesto='Conductor de Maquina' | depOk=no puestoOk=no
[18:16:23] Fila 67: dep='Incontinencia' puesto='Mecánico categorias A,B,C,D' | depOk=no puestoOk=no
[18:16:23] Fila 68: dep='Incontinencia' puesto='Electrico categorias A,B,C,D' | depOk=no puestoOk=no
[18:16:23] Fila 69: dep='Incontinencia' puesto='Ayudannte' | depOk=no puestoOk=no
[18:16:23] Fila 70: dep='Incontinencia' puesto='sellador' | depOk=no puestoOk=no
[18:16:23] Fila 71: dep='Incontinencia' puesto='Empacador' | depOk=no puestoOk=no
[18:16:23] Fila 72: dep='Incontinencia' puesto='Mecánico especialista adhesivos' | depOk=no puestoOk=no
[18:16:23] Fila 73: dep='Incontinencia' puesto='Mecánico con perfil maquinas herramientas' | depOk=no puestoOk=no
[18:16:23] Fila 74: sin puesto (depActual='Incontinencia') -> SALTA
[18:16:23] Fila 75: sin puesto (depActual='Incontinencia') -> SALTA
[18:16:23] Fila 76: sin puesto (depActual='Incontinencia') -> SALTA
[18:16:23] Fila 77: sin puesto (depActual='Incontinencia') -> SALTA
[18:16:23] Fila 78: sin puesto (depActual='Incontinencia') -> SALTA
[18:16:23] Fila 79: sin puesto (depActual='Incontinencia') -> SALTA
[18:16:23] Fila 80: sin puesto (depActual='Incontinencia') -> SALTA
[18:16:23] Fila 81: sin puesto (depActual='Incontinencia') -> SALTA
[18:16:23] Fila 82: sin puesto (depActual='Incontinencia') -> SALTA
[18:16:23] Fila 83: sin puesto (depActual='Incontinencia') -> SALTA
[18:16:23] Fila 84: sin puesto (depActual='Incontinencia') -> SALTA
[18:16:23] Fila 85: sin puesto (depActual='Incontinencia') -> SALTA
[18:16:23] Fila 86: sin puesto (depActual='Incontinencia') -> SALTA
[18:16:23] Fila 87: sin puesto (depActual='Incontinencia') -> SALTA
[18:16:23] Fila 88: sin puesto (depActual='Incontinencia') -> SALTA
[18:16:23] Fila 89: sin puesto (depActual='Incontinencia') -> SALTA
[18:16:23] Fila 90: sin puesto (depActual='Incontinencia') -> SALTA
[18:16:23] Fila 91: sin puesto (depActual='Incontinencia') -> SALTA
[18:16:23] Fila 92: sin puesto (depActual='Incontinencia') -> SALTA
[18:16:23] Fila 93: sin puesto (depActual='Incontinencia') -> SALTA
[18:16:23] Fila 94: sin puesto (depActual='Incontinencia') -> SALTA
[18:16:23] Fila 95: sin puesto (depActual='Incontinencia') -> SALTA
[18:16:23] Fila 96: sin puesto (depActual='Incontinencia') -> SALTA
[18:16:23] Fila 97: sin puesto (depActual='Incontinencia') -> SALTA
[18:16:23] Fila 98: sin puesto (depActual='Incontinencia') -> SALTA
[18:16:23] Fila 99: sin puesto (depActual='Incontinencia') -> SALTA
[18:16:23] Fila 100: sin puesto (depActual='Incontinencia') -> SALTA
[18:16:23] Fila 101: sin puesto (depActual='Incontinencia') -> SALTA
[18:16:23] Fila 102: sin puesto (depActual='Incontinencia') -> SALTA
[18:16:23] Fila 103: sin puesto (depActual='Incontinencia') -> SALTA
[18:16:23] Fila 104: sin puesto (depActual='Incontinencia') -> SALTA
[18:16:23] Fila 105: sin puesto (depActual='Incontinencia') -> SALTA
[18:16:23] Fila 106: sin puesto (depActual='Incontinencia') -> SALTA
[18:16:23] Fila 107: sin puesto (depActual='Incontinencia') -> SALTA
[18:16:23] Fila 108: sin puesto (depActual='Incontinencia') -> SALTA
[18:16:23] Fila 109: sin puesto (depActual='Incontinencia') -> SALTA
[18:16:23] Fila 110: sin puesto (depActual='Incontinencia') -> SALTA
[18:16:23] Fila 111: sin puesto (depActual='Incontinencia') -> SALTA
[18:16:23] Fila 112: sin puesto (depActual='Incontinencia') -> SALTA
[18:16:23] Fila 113: sin puesto (depActual='Incontinencia') -> SALTA
[18:16:23] Fila 114: sin puesto (depActual='Incontinencia') -> SALTA
[18:16:23] Fila 115: sin puesto (depActual='Incontinencia') -> SALTA
[18:16:23] Fila 116: sin puesto (depActual='Incontinencia') -> SALTA
[18:16:23] Fila 117: sin puesto (depActual='Incontinencia') -> SALTA
[18:16:23] Fila 118: sin puesto (depActual='Incontinencia') -> SALTA
[18:16:23] Fila 119: sin puesto (depActual='Incontinencia') -> SALTA
[18:16:23] Fila 120: sin puesto (depActual='Incontinencia') -> SALTA
[18:16:23] Fila 121: sin puesto (depActual='Incontinencia') -> SALTA
[18:16:23] Fila 122: sin puesto (depActual='Incontinencia') -> SALTA
[18:16:23] Fila 123: sin puesto (depActual='Incontinencia') -> SALTA
[18:16:23] Fila 124: sin puesto (depActual='Incontinencia') -> SALTA
[18:16:23] Fila 125: sin puesto (depActual='Incontinencia') -> SALTA
[18:16:23] Fila 126: sin puesto (depActual='Incontinencia') -> SALTA
[18:16:23] Fila 127: sin puesto (depActual='Incontinencia') -> SALTA
[18:16:23] Fila 128: sin puesto (depActual='Incontinencia') -> SALTA
[18:16:23] Fila 129: sin puesto (depActual='Incontinencia') -> SALTA
[18:16:23] Fila 130: sin puesto (depActual='Incontinencia') -> SALTA
[18:16:23] Fila 131: sin puesto (depActual='Incontinencia') -> SALTA
[18:16:23] Fila 132: sin puesto (depActual='Incontinencia') -> SALTA
[18:16:23] Fila 133: sin puesto (depActual='Incontinencia') -> SALTA
[18:16:23] Fila 134: sin puesto (depActual='Incontinencia') -> SALTA
[18:16:23] Fila 135: sin puesto (depActual='Incontinencia') -> SALTA
[18:16:23] Fila 136: sin puesto (depActual='Incontinencia') -> SALTA
[18:16:23] Fila 137: sin puesto (depActual='Incontinencia') -> SALTA
[18:16:23] Fila 138: sin puesto (depActual='Incontinencia') -> SALTA
[18:16:23] Fila 139: sin puesto (depActual='Incontinencia') -> SALTA
[18:16:23] Fila 140: sin puesto (depActual='Incontinencia') -> SALTA
[18:16:23] Fila 141: sin puesto (depActual='Incontinencia') -> SALTA
[18:16:23] Fila 142: sin puesto (depActual='Incontinencia') -> SALTA
[18:16:23] Total de equipos encontrados: 0
[18:16:23] ========================================================
[18:18:24] ==================== NUEVA PETICION ====================
[18:18:24] Departamento recibido: 'Incontinencia'
[18:18:24] Puesto recibido: 'Técnico electrónico'
[18:18:24] Departamento normalizado: 'incontinencia'
[18:18:24] Puesto normalizado: 'tecnico electronico'
[18:18:24] Ruta Excel: C:\xampp\htdocs\Mes\KCMes\EPP\php/FO-OSHPS012-01_Identificación_y_selección_de_EPP.xlsx
[18:18:24] OK: archivo encontrado
[18:18:24] Hoja [0]: 'EPP'
[18:18:24] Hoja [1]: 'Tabla I.1'
[18:18:24] Hoja [2]: 'X supervisor'
[18:18:24] Hoja [3]: 'Para alta'
[18:18:24] Hoja activa: EPP
[18:18:24] Ultima fila con datos: 142
[18:18:24] Fila 6: dep='Contratistas' puesto='Soldador' | depOk=no puestoOk=no
[18:18:24] Fila 7: dep='Contratistas' puesto='Prevencionista' | depOk=no puestoOk=no
[18:18:24] Fila 8: dep='Contratistas' puesto='Ayudante general' | depOk=no puestoOk=no
[18:18:24] Fila 9: dep='Relaciones industriales' puesto='Ayudante general' | depOk=no puestoOk=no
[18:18:24] Fila 10: dep='Relaciones industriales' puesto='Guardia' | depOk=no puestoOk=no
[18:18:24] Fila 11: dep='Relaciones industriales' puesto='Ayudante general' | depOk=no puestoOk=no
[18:18:24] Fila 12: dep='Relaciones industriales' puesto='Personal de intentendencia' | depOk=no puestoOk=no
[18:18:24] Fila 13: dep='Servicios Auxiliares' puesto='Mecánico' | depOk=no puestoOk=no
[18:18:24] Fila 14: dep='Servicios Auxiliares' puesto='Mecánico' | depOk=no puestoOk=no
[18:18:24] Fila 15: dep='Servicios Auxiliares' puesto='Mecánico' | depOk=no puestoOk=no
[18:18:24] Fila 16: dep='Servicios Auxiliares' puesto='Mecánico' | depOk=no puestoOk=no
[18:18:24] Fila 17: dep='Servicios Auxiliares' puesto='Empacador' | depOk=no puestoOk=no
[18:18:24] Fila 18: dep='Telas NoTejidas' puesto='Superintendente mecatronico' | depOk=no puestoOk=no
[18:18:24] Fila 19: dep='Telas NoTejidas' puesto='Ing. Proceso' | depOk=no puestoOk=no
[18:18:24] Fila 20: dep='Telas NoTejidas' puesto='Conductor' | depOk=no puestoOk=no
[18:18:24] Fila 21: dep='Telas NoTejidas' puesto='Ayudante De Operador' | depOk=no puestoOk=no
[18:18:24] Fila 22: dep='Telas NoTejidas' puesto='Empacador' | depOk=no puestoOk=no
[18:18:24] Fila 23: dep='Telas NoTejidas' puesto='Líder de Operación' | depOk=no puestoOk=no
[18:18:24] Fila 24: dep='Telas NoTejidas' puesto='Tecnico Electronico' | depOk=no puestoOk=SI
[18:18:24] Fila 25: dep='Telas NoTejidas' puesto='Mecanico D' | depOk=no puestoOk=no
[18:18:24] Fila 26: dep='Telas NoTejidas' puesto='Mecanico B' | depOk=no puestoOk=no
[18:18:24] Fila 27: dep='Telas NoTejidas' puesto='Electrico D' | depOk=no puestoOk=no
[18:18:24] Fila 28: dep='Telas NoTejidas' puesto='Auxiliar Administrativo' | depOk=no puestoOk=no
[18:18:24] Fila 29: dep='Telas NoTejidas' puesto='Maestro en cardas' | depOk=no puestoOk=no
[18:18:24] Fila 30: dep='Almacén Materia Prima' puesto='Montacarguista' | depOk=no puestoOk=no
[18:18:24] Fila 31: dep='Almacén Materia Prima' puesto='Auxiliar Administrativo' | depOk=no puestoOk=no
[18:18:24] Fila 32: dep='Almacén Materia Prima' puesto='Supervisor' | depOk=no puestoOk=no
[18:18:24] Fila 33: dep='Almacén Materia Prima' puesto='Planeador' | depOk=no puestoOk=no
[18:18:24] Fila 34: dep='Almacén Materia Prima' puesto='Superintendente' | depOk=no puestoOk=no
[18:18:24] Fila 35: dep='Pañal' puesto='sellador' | depOk=no puestoOk=no
[18:18:24] Fila 36: dep='Pañal' puesto='Ing. Proceso' | depOk=no puestoOk=no
[18:18:24] Fila 37: dep='Pañal' puesto='Electrico' | depOk=no puestoOk=no
[18:18:24] Fila 38: dep='Pañal' puesto='Jefe de mantenimiento' | depOk=no puestoOk=no
[18:18:24] Fila 39: dep='Pañal' puesto='Planeador' | depOk=no puestoOk=no
[18:18:24] Fila 40: dep='Pañal' puesto='Electronico' | depOk=no puestoOk=SI
[18:18:24] Fila 41: dep='Pañal' puesto='Supervisor' | depOk=no puestoOk=no
[18:18:24] Fila 42: dep='Pañal' puesto='Super intendente' | depOk=no puestoOk=no
[18:18:24] Fila 43: dep='Pañal' puesto='Conductor' | depOk=no puestoOk=no
[18:18:24] Fila 44: dep='Pañal' puesto='Mecanico' | depOk=no puestoOk=no
[18:18:24] Fila 45: dep='Pañal' puesto='Empacador' | depOk=no puestoOk=no
[18:18:24] Fila 46: dep='Pañal' puesto='Gerente' | depOk=no puestoOk=no
[18:18:24] Fila 47: dep='Pañal' puesto='TSP' | depOk=no puestoOk=no
[18:18:24] Fila 48: dep='Pañal' puesto='Ayudannte' | depOk=no puestoOk=no
[18:18:24] Fila 49: dep='Protección femenina' puesto='Eléctrico' | depOk=no puestoOk=no
[18:18:24] Fila 50: dep='Protección femenina' puesto='Electrónico' | depOk=no puestoOk=SI
[18:18:24] Fila 51: dep='Protección femenina' puesto='Mecánico' | depOk=no puestoOk=no
[18:18:24] Fila 52: dep='Protección femenina' puesto='Ayudante' | depOk=no puestoOk=no
[18:18:24] Fila 53: dep='Protección femenina' puesto='Conductor' | depOk=no puestoOk=no
[18:18:24] Fila 54: dep='Protección femenina' puesto='Empacador' | depOk=no puestoOk=no
[18:18:24] Fila 55: dep='Protección femenina' puesto='Sellador de Linea' | depOk=no puestoOk=no
[18:18:24] Fila 56: dep='Protección femenina' puesto='TCP' | depOk=no puestoOk=no
[18:18:24] Fila 57: dep='Incontinencia' puesto='Gerente de Incontinencia' | depOk=SI puestoOk=no
[18:18:24] Fila 58: dep='Incontinencia' puesto='Superintendente  mantenimiento mecánico' | depOk=SI puestoOk=no
[18:18:24] Fila 59: dep='Incontinencia' puesto='Superintendente mantenimiento electrico' | depOk=SI puestoOk=no
[18:18:24] Fila 60: dep='Incontinencia' puesto='Superintendente de proceso' | depOk=SI puestoOk=no
[18:18:24] Fila 61: dep='Incontinencia' puesto='Supervisor produción' | depOk=SI puestoOk=no
[18:18:24] Fila 62: dep='Incontinencia' puesto='Supervisor Mecánico' | depOk=SI puestoOk=no
[18:18:24] Fila 63: dep='Incontinencia' puesto='Ing. de proceso' | depOk=SI puestoOk=no
[18:18:24] Fila 64: dep='Incontinencia' puesto='Planeador' | depOk=SI puestoOk=no
[18:18:24] Fila 65: dep='Incontinencia' puesto='Electronico' | depOk=SI puestoOk=SI
[18:18:24]    >>> MATCH en fila 65[18:18:24]       + [Cabeza] B)        Casco dieléctrico
[18:18:24]       + [Ojos y cara] C)        Protector facial
[18:18:24]       + [Oídos] A)        Tapones auditivos
[18:18:24]       + [Aparato respiratorio] A)        Respirador contra partículas
[18:18:24]       + [Extremidades superiores] B)        Guantes dieléctricos
[18:18:24]       + [Tronco] F)      Ropa de alta visibilidad
[18:18:24]       + [Extremidades inferiores] C)        Calzado dieléctrico
[18:18:24]       + [Otros] A)        Equipo de protección contra caídas de altura
[18:18:24] Fila 66: dep='Incontinencia' puesto='Conductor de Maquina' | depOk=SI puestoOk=no
[18:18:24] Fila 67: dep='Incontinencia' puesto='Mecánico categorias A,B,C,D' | depOk=SI puestoOk=no
[18:18:24] Fila 68: dep='Incontinencia' puesto='Electrico categorias A,B,C,D' | depOk=SI puestoOk=no
[18:18:24] Fila 69: dep='Incontinencia' puesto='Ayudannte' | depOk=SI puestoOk=no
[18:18:24] Fila 70: dep='Incontinencia' puesto='sellador' | depOk=SI puestoOk=no
[18:18:24] Fila 71: dep='Incontinencia' puesto='Empacador' | depOk=SI puestoOk=no
[18:18:24] Fila 72: dep='Incontinencia' puesto='Mecánico especialista adhesivos' | depOk=SI puestoOk=no
[18:18:24] Fila 73: dep='Incontinencia' puesto='Mecánico con perfil maquinas herramientas' | depOk=SI puestoOk=no
[18:18:24] Fila 74: sin puesto (depActual='Incontinencia') -> SALTA
[18:18:24] Fila 75: sin puesto (depActual='Incontinencia') -> SALTA
[18:18:24] Fila 76: sin puesto (depActual='Incontinencia') -> SALTA
[18:18:24] Fila 77: sin puesto (depActual='Incontinencia') -> SALTA
[18:18:24] Fila 78: sin puesto (depActual='Incontinencia') -> SALTA
[18:18:24] Fila 79: sin puesto (depActual='Incontinencia') -> SALTA
[18:18:24] Fila 80: sin puesto (depActual='Incontinencia') -> SALTA
[18:18:24] Fila 81: sin puesto (depActual='Incontinencia') -> SALTA
[18:18:24] Fila 82: sin puesto (depActual='Incontinencia') -> SALTA
[18:18:24] Fila 83: sin puesto (depActual='Incontinencia') -> SALTA
[18:18:24] Fila 84: sin puesto (depActual='Incontinencia') -> SALTA
[18:18:24] Fila 85: sin puesto (depActual='Incontinencia') -> SALTA
[18:18:24] Fila 86: sin puesto (depActual='Incontinencia') -> SALTA
[18:18:24] Fila 87: sin puesto (depActual='Incontinencia') -> SALTA
[18:18:24] Fila 88: sin puesto (depActual='Incontinencia') -> SALTA
[18:18:24] Fila 89: sin puesto (depActual='Incontinencia') -> SALTA
[18:18:24] Fila 90: sin puesto (depActual='Incontinencia') -> SALTA
[18:18:24] Fila 91: sin puesto (depActual='Incontinencia') -> SALTA
[18:18:24] Fila 92: sin puesto (depActual='Incontinencia') -> SALTA
[18:18:24] Fila 93: sin puesto (depActual='Incontinencia') -> SALTA
[18:18:24] Fila 94: sin puesto (depActual='Incontinencia') -> SALTA
[18:18:24] Fila 95: sin puesto (depActual='Incontinencia') -> SALTA
[18:18:24] Fila 96: sin puesto (depActual='Incontinencia') -> SALTA
[18:18:24] Fila 97: sin puesto (depActual='Incontinencia') -> SALTA
[18:18:24] Fila 98: sin puesto (depActual='Incontinencia') -> SALTA
[18:18:24] Fila 99: sin puesto (depActual='Incontinencia') -> SALTA
[18:18:24] Fila 100: sin puesto (depActual='Incontinencia') -> SALTA
[18:18:24] Fila 101: sin puesto (depActual='Incontinencia') -> SALTA
[18:18:24] Fila 102: sin puesto (depActual='Incontinencia') -> SALTA
[18:18:24] Fila 103: sin puesto (depActual='Incontinencia') -> SALTA
[18:18:24] Fila 104: sin puesto (depActual='Incontinencia') -> SALTA
[18:18:24] Fila 105: sin puesto (depActual='Incontinencia') -> SALTA
[18:18:24] Fila 106: sin puesto (depActual='Incontinencia') -> SALTA
[18:18:24] Fila 107: sin puesto (depActual='Incontinencia') -> SALTA
[18:18:24] Fila 108: sin puesto (depActual='Incontinencia') -> SALTA
[18:18:24] Fila 109: sin puesto (depActual='Incontinencia') -> SALTA
[18:18:24] Fila 110: sin puesto (depActual='Incontinencia') -> SALTA
[18:18:24] Fila 111: sin puesto (depActual='Incontinencia') -> SALTA
[18:18:24] Fila 112: sin puesto (depActual='Incontinencia') -> SALTA
[18:18:24] Fila 113: sin puesto (depActual='Incontinencia') -> SALTA
[18:18:24] Fila 114: sin puesto (depActual='Incontinencia') -> SALTA
[18:18:24] Fila 115: sin puesto (depActual='Incontinencia') -> SALTA
[18:18:24] Fila 116: sin puesto (depActual='Incontinencia') -> SALTA
[18:18:24] Fila 117: sin puesto (depActual='Incontinencia') -> SALTA
[18:18:24] Fila 118: sin puesto (depActual='Incontinencia') -> SALTA
[18:18:24] Fila 119: sin puesto (depActual='Incontinencia') -> SALTA
[18:18:24] Fila 120: sin puesto (depActual='Incontinencia') -> SALTA
[18:18:24] Fila 121: sin puesto (depActual='Incontinencia') -> SALTA
[18:18:24] Fila 122: sin puesto (depActual='Incontinencia') -> SALTA
[18:18:24] Fila 123: sin puesto (depActual='Incontinencia') -> SALTA
[18:18:24] Fila 124: sin puesto (depActual='Incontinencia') -> SALTA
[18:18:24] Fila 125: sin puesto (depActual='Incontinencia') -> SALTA
[18:18:24] Fila 126: sin puesto (depActual='Incontinencia') -> SALTA
[18:18:24] Fila 127: sin puesto (depActual='Incontinencia') -> SALTA
[18:18:24] Fila 128: sin puesto (depActual='Incontinencia') -> SALTA
[18:18:24] Fila 129: sin puesto (depActual='Incontinencia') -> SALTA
[18:18:24] Fila 130: sin puesto (depActual='Incontinencia') -> SALTA
[18:18:24] Fila 131: sin puesto (depActual='Incontinencia') -> SALTA
[18:18:24] Fila 132: sin puesto (depActual='Incontinencia') -> SALTA
[18:18:24] Fila 133: sin puesto (depActual='Incontinencia') -> SALTA
[18:18:24] Fila 134: sin puesto (depActual='Incontinencia') -> SALTA
[18:18:24] Fila 135: sin puesto (depActual='Incontinencia') -> SALTA
[18:18:24] Fila 136: sin puesto (depActual='Incontinencia') -> SALTA
[18:18:24] Fila 137: sin puesto (depActual='Incontinencia') -> SALTA
[18:18:24] Fila 138: sin puesto (depActual='Incontinencia') -> SALTA
[18:18:24] Fila 139: sin puesto (depActual='Incontinencia') -> SALTA
[18:18:24] Fila 140: sin puesto (depActual='Incontinencia') -> SALTA
[18:18:24] Fila 141: sin puesto (depActual='Incontinencia') -> SALTA
[18:18:24] Fila 142: sin puesto (depActual='Incontinencia') -> SALTA
[18:18:24] Total de equipos encontrados: 8
[18:18:24] ========================================================
[18:40:19] ==================== NUEVA PETICION ====================
[18:40:19] Departamento recibido: 'Incontinencia'
[18:40:19] Puesto recibido: 'Técnico electrónico'
[18:40:19] Departamento normalizado: 'incontinencia'
[18:40:19] Puesto normalizado: 'tecnico electronico'
[18:40:19] Ruta Excel: C:\xampp\htdocs\Mes\KCMes\EPP\php/FO-OSHPS012-01_Identificación_y_selección_de_EPP.xlsx
[18:40:19] OK: archivo encontrado
[18:40:21] Hoja [0]: 'EPP'
[18:40:21] Hoja [1]: 'Tabla I.1'
[18:40:21] Hoja [2]: 'X supervisor'
[18:40:21] Hoja [3]: 'Para alta'
[18:40:21] Hoja activa: EPP
[18:40:21] Ultima fila con datos: 142
[18:40:21] Fila 6: dep='Contratistas' puesto='Soldador' | depOk=no puestoOk=no
[18:40:21] Fila 7: dep='Contratistas' puesto='Prevencionista' | depOk=no puestoOk=no
[18:40:21] Fila 8: dep='Contratistas' puesto='Ayudante general' | depOk=no puestoOk=no
[18:40:21] Fila 9: dep='Relaciones industriales' puesto='Ayudante general' | depOk=no puestoOk=no
[18:40:21] Fila 10: dep='Relaciones industriales' puesto='Guardia' | depOk=no puestoOk=no
[18:40:21] Fila 11: dep='Relaciones industriales' puesto='Ayudante general' | depOk=no puestoOk=no
[18:40:21] Fila 12: dep='Relaciones industriales' puesto='Personal de intentendencia' | depOk=no puestoOk=no
[18:40:21] Fila 13: dep='Servicios Auxiliares' puesto='Mecánico' | depOk=no puestoOk=no
[18:40:21] Fila 14: dep='Servicios Auxiliares' puesto='Mecánico' | depOk=no puestoOk=no
[18:40:21] Fila 15: dep='Servicios Auxiliares' puesto='Mecánico' | depOk=no puestoOk=no
[18:40:21] Fila 16: dep='Servicios Auxiliares' puesto='Mecánico' | depOk=no puestoOk=no
[18:40:21] Fila 17: dep='Servicios Auxiliares' puesto='Empacador' | depOk=no puestoOk=no
[18:40:21] Fila 18: dep='Telas NoTejidas' puesto='Superintendente mecatronico' | depOk=no puestoOk=no
[18:40:21] Fila 19: dep='Telas NoTejidas' puesto='Ing. Proceso' | depOk=no puestoOk=no
[18:40:21] Fila 20: dep='Telas NoTejidas' puesto='Conductor' | depOk=no puestoOk=no
[18:40:21] Fila 21: dep='Telas NoTejidas' puesto='Ayudante De Operador' | depOk=no puestoOk=no
[18:40:21] Fila 22: dep='Telas NoTejidas' puesto='Empacador' | depOk=no puestoOk=no
[18:40:21] Fila 23: dep='Telas NoTejidas' puesto='Líder de Operación' | depOk=no puestoOk=no
[18:40:21] Fila 24: dep='Telas NoTejidas' puesto='Tecnico Electronico' | depOk=no puestoOk=SI
[18:40:21] Fila 25: dep='Telas NoTejidas' puesto='Mecanico D' | depOk=no puestoOk=no
[18:40:21] Fila 26: dep='Telas NoTejidas' puesto='Mecanico B' | depOk=no puestoOk=no
[18:40:21] Fila 27: dep='Telas NoTejidas' puesto='Electrico D' | depOk=no puestoOk=no
[18:40:21] Fila 28: dep='Telas NoTejidas' puesto='Auxiliar Administrativo' | depOk=no puestoOk=no
[18:40:21] Fila 29: dep='Telas NoTejidas' puesto='Maestro en cardas' | depOk=no puestoOk=no
[18:40:21] Fila 30: dep='Almacén Materia Prima' puesto='Montacarguista' | depOk=no puestoOk=no
[18:40:21] Fila 31: dep='Almacén Materia Prima' puesto='Auxiliar Administrativo' | depOk=no puestoOk=no
[18:40:21] Fila 32: dep='Almacén Materia Prima' puesto='Supervisor' | depOk=no puestoOk=no
[18:40:21] Fila 33: dep='Almacén Materia Prima' puesto='Planeador' | depOk=no puestoOk=no
[18:40:21] Fila 34: dep='Almacén Materia Prima' puesto='Superintendente' | depOk=no puestoOk=no
[18:40:21] Fila 35: dep='Pañal' puesto='sellador' | depOk=no puestoOk=no
[18:40:21] Fila 36: dep='Pañal' puesto='Ing. Proceso' | depOk=no puestoOk=no
[18:40:21] Fila 37: dep='Pañal' puesto='Electrico' | depOk=no puestoOk=no
[18:40:21] Fila 38: dep='Pañal' puesto='Jefe de mantenimiento' | depOk=no puestoOk=no
[18:40:21] Fila 39: dep='Pañal' puesto='Planeador' | depOk=no puestoOk=no
[18:40:21] Fila 40: dep='Pañal' puesto='Electronico' | depOk=no puestoOk=SI
[18:40:21] Fila 41: dep='Pañal' puesto='Supervisor' | depOk=no puestoOk=no
[18:40:21] Fila 42: dep='Pañal' puesto='Super intendente' | depOk=no puestoOk=no
[18:40:21] Fila 43: dep='Pañal' puesto='Conductor' | depOk=no puestoOk=no
[18:40:21] Fila 44: dep='Pañal' puesto='Mecanico' | depOk=no puestoOk=no
[18:40:21] Fila 45: dep='Pañal' puesto='Empacador' | depOk=no puestoOk=no
[18:40:21] Fila 46: dep='Pañal' puesto='Gerente' | depOk=no puestoOk=no
[18:40:21] Fila 47: dep='Pañal' puesto='TSP' | depOk=no puestoOk=no
[18:40:21] Fila 48: dep='Pañal' puesto='Ayudannte' | depOk=no puestoOk=no
[18:40:21] Fila 49: dep='Protección femenina' puesto='Eléctrico' | depOk=no puestoOk=no
[18:40:21] Fila 50: dep='Protección femenina' puesto='Electrónico' | depOk=no puestoOk=SI
[18:40:21] Fila 51: dep='Protección femenina' puesto='Mecánico' | depOk=no puestoOk=no
[18:40:21] Fila 52: dep='Protección femenina' puesto='Ayudante' | depOk=no puestoOk=no
[18:40:21] Fila 53: dep='Protección femenina' puesto='Conductor' | depOk=no puestoOk=no
[18:40:21] Fila 54: dep='Protección femenina' puesto='Empacador' | depOk=no puestoOk=no
[18:40:21] Fila 55: dep='Protección femenina' puesto='Sellador de Linea' | depOk=no puestoOk=no
[18:40:21] Fila 56: dep='Protección femenina' puesto='TCP' | depOk=no puestoOk=no
[18:40:21] Fila 57: dep='Incontinencia' puesto='Gerente de Incontinencia' | depOk=SI puestoOk=no
[18:40:21] Fila 58: dep='Incontinencia' puesto='Superintendente  mantenimiento mecánico' | depOk=SI puestoOk=no
[18:40:21] Fila 59: dep='Incontinencia' puesto='Superintendente mantenimiento electrico' | depOk=SI puestoOk=no
[18:40:21] Fila 60: dep='Incontinencia' puesto='Superintendente de proceso' | depOk=SI puestoOk=no
[18:40:21] Fila 61: dep='Incontinencia' puesto='Supervisor produción' | depOk=SI puestoOk=no
[18:40:21] Fila 62: dep='Incontinencia' puesto='Supervisor Mecánico' | depOk=SI puestoOk=no
[18:40:21] Fila 63: dep='Incontinencia' puesto='Ing. de proceso' | depOk=SI puestoOk=no
[18:40:21] Fila 64: dep='Incontinencia' puesto='Planeador' | depOk=SI puestoOk=no
[18:40:21] Fila 65: dep='Incontinencia' puesto='Electronico' | depOk=SI puestoOk=SI
[18:40:21]    >>> MATCH en fila 65
[18:40:21]       + [Cabeza] B)        Casco dieléctrico
[18:40:21]       + [Ojos y cara] C)        Protector facial
[18:40:21]       + [Oídos] A)        Tapones auditivos
[18:40:21]       + [Aparato respiratorio] A)        Respirador contra partículas
[18:40:21]       + [Extremidades superiores] B)        Guantes dieléctricos
[18:40:21]       + [Tronco] F)      Ropa de alta visibilidad
[18:40:21]       + [Extremidades inferiores] C)        Calzado dieléctrico
[18:40:21]       + [Otros] A)        Equipo de protección contra caídas de altura
[18:40:21] Fila 66: dep='Incontinencia' puesto='Conductor de Maquina' | depOk=SI puestoOk=no
[18:40:21] Fila 67: dep='Incontinencia' puesto='Mecánico categorias A,B,C,D' | depOk=SI puestoOk=no
[18:40:21] Fila 68: dep='Incontinencia' puesto='Electrico categorias A,B,C,D' | depOk=SI puestoOk=no
[18:40:21] Fila 69: dep='Incontinencia' puesto='Ayudannte' | depOk=SI puestoOk=no
[18:40:21] Fila 70: dep='Incontinencia' puesto='sellador' | depOk=SI puestoOk=no
[18:40:21] Fila 71: dep='Incontinencia' puesto='Empacador' | depOk=SI puestoOk=no
[18:40:21] Fila 72: dep='Incontinencia' puesto='Mecánico especialista adhesivos' | depOk=SI puestoOk=no
[18:40:21] Fila 73: dep='Incontinencia' puesto='Mecánico con perfil maquinas herramientas' | depOk=SI puestoOk=no
[18:40:21] Fila 74: sin puesto (depActual='Incontinencia') -> SALTA
[18:40:21] Fila 75: sin puesto (depActual='Incontinencia') -> SALTA
[18:40:21] Fila 76: sin puesto (depActual='Incontinencia') -> SALTA
[18:40:21] Fila 77: sin puesto (depActual='Incontinencia') -> SALTA
[18:40:21] Fila 78: sin puesto (depActual='Incontinencia') -> SALTA
[18:40:21] Fila 79: sin puesto (depActual='Incontinencia') -> SALTA
[18:40:21] Fila 80: sin puesto (depActual='Incontinencia') -> SALTA
[18:40:21] Fila 81: sin puesto (depActual='Incontinencia') -> SALTA
[18:40:21] Fila 82: sin puesto (depActual='Incontinencia') -> SALTA
[18:40:21] Fila 83: sin puesto (depActual='Incontinencia') -> SALTA
[18:40:21] Fila 84: sin puesto (depActual='Incontinencia') -> SALTA
[18:40:21] Fila 85: sin puesto (depActual='Incontinencia') -> SALTA
[18:40:21] Fila 86: sin puesto (depActual='Incontinencia') -> SALTA
[18:40:21] Fila 87: sin puesto (depActual='Incontinencia') -> SALTA
[18:40:21] Fila 88: sin puesto (depActual='Incontinencia') -> SALTA
[18:40:21] Fila 89: sin puesto (depActual='Incontinencia') -> SALTA
[18:40:21] Fila 90: sin puesto (depActual='Incontinencia') -> SALTA
[18:40:21] Fila 91: sin puesto (depActual='Incontinencia') -> SALTA
[18:40:21] Fila 92: sin puesto (depActual='Incontinencia') -> SALTA
[18:40:21] Fila 93: sin puesto (depActual='Incontinencia') -> SALTA
[18:40:21] Fila 94: sin puesto (depActual='Incontinencia') -> SALTA
[18:40:21] Fila 95: sin puesto (depActual='Incontinencia') -> SALTA
[18:40:21] Fila 96: sin puesto (depActual='Incontinencia') -> SALTA
[18:40:21] Fila 97: sin puesto (depActual='Incontinencia') -> SALTA
[18:40:21] Fila 98: sin puesto (depActual='Incontinencia') -> SALTA
[18:40:21] Fila 99: sin puesto (depActual='Incontinencia') -> SALTA
[18:40:21] Fila 100: sin puesto (depActual='Incontinencia') -> SALTA
[18:40:21] Fila 101: sin puesto (depActual='Incontinencia') -> SALTA
[18:40:21] Fila 102: sin puesto (depActual='Incontinencia') -> SALTA
[18:40:21] Fila 103: sin puesto (depActual='Incontinencia') -> SALTA
[18:40:21] Fila 104: sin puesto (depActual='Incontinencia') -> SALTA
[18:40:21] Fila 105: sin puesto (depActual='Incontinencia') -> SALTA
[18:40:21] Fila 106: sin puesto (depActual='Incontinencia') -> SALTA
[18:40:21] Fila 107: sin puesto (depActual='Incontinencia') -> SALTA
[18:40:21] Fila 108: sin puesto (depActual='Incontinencia') -> SALTA
[18:40:21] Fila 109: sin puesto (depActual='Incontinencia') -> SALTA
[18:40:21] Fila 110: sin puesto (depActual='Incontinencia') -> SALTA
[18:40:21] Fila 111: sin puesto (depActual='Incontinencia') -> SALTA
[18:40:21] Fila 112: sin puesto (depActual='Incontinencia') -> SALTA
[18:40:21] Fila 113: sin puesto (depActual='Incontinencia') -> SALTA
[18:40:21] Fila 114: sin puesto (depActual='Incontinencia') -> SALTA
[18:40:21] Fila 115: sin puesto (depActual='Incontinencia') -> SALTA
[18:40:21] Fila 116: sin puesto (depActual='Incontinencia') -> SALTA
[18:40:21] Fila 117: sin puesto (depActual='Incontinencia') -> SALTA
[18:40:21] Fila 118: sin puesto (depActual='Incontinencia') -> SALTA
[18:40:21] Fila 119: sin puesto (depActual='Incontinencia') -> SALTA
[18:40:21] Fila 120: sin puesto (depActual='Incontinencia') -> SALTA
[18:40:21] Fila 121: sin puesto (depActual='Incontinencia') -> SALTA
[18:40:21] Fila 122: sin puesto (depActual='Incontinencia') -> SALTA
[18:40:21] Fila 123: sin puesto (depActual='Incontinencia') -> SALTA
[18:40:21] Fila 124: sin puesto (depActual='Incontinencia') -> SALTA
[18:40:21] Fila 125: sin puesto (depActual='Incontinencia') -> SALTA
[18:40:21] Fila 126: sin puesto (depActual='Incontinencia') -> SALTA
[18:40:21] Fila 127: sin puesto (depActual='Incontinencia') -> SALTA
[18:40:21] Fila 128: sin puesto (depActual='Incontinencia') -> SALTA
[18:40:21] Fila 129: sin puesto (depActual='Incontinencia') -> SALTA
[18:40:21] Fila 130: sin puesto (depActual='Incontinencia') -> SALTA
[18:40:21] Fila 131: sin puesto (depActual='Incontinencia') -> SALTA
[18:40:21] Fila 132: sin puesto (depActual='Incontinencia') -> SALTA
[18:40:21] Fila 133: sin puesto (depActual='Incontinencia') -> SALTA
[18:40:21] Fila 134: sin puesto (depActual='Incontinencia') -> SALTA
[18:40:21] Fila 135: sin puesto (depActual='Incontinencia') -> SALTA
[18:40:21] Fila 136: sin puesto (depActual='Incontinencia') -> SALTA
[18:40:21] Fila 137: sin puesto (depActual='Incontinencia') -> SALTA
[18:40:21] Fila 138: sin puesto (depActual='Incontinencia') -> SALTA
[18:40:21] Fila 139: sin puesto (depActual='Incontinencia') -> SALTA
[18:40:21] Fila 140: sin puesto (depActual='Incontinencia') -> SALTA
[18:40:21] Fila 141: sin puesto (depActual='Incontinencia') -> SALTA
[18:40:21] Fila 142: sin puesto (depActual='Incontinencia') -> SALTA
[18:40:21] Total de equipos encontrados: 8
[18:40:21] ========================================================
[18:41:43] ==================== NUEVA PETICION ====================
[18:41:43] Departamento recibido: 'Incontinencia'
[18:41:43] Puesto recibido: 'Técnico electrónico'
[18:41:43] Departamento normalizado: 'incontinencia'
[18:41:43] Puesto normalizado: 'tecnico electronico'
[18:41:43] Ruta Excel: C:\xampp\htdocs\Mes\KCMes\EPP\php/FO-OSHPS012-01_Identificación_y_selección_de_EPP.xlsx
[18:41:43] OK: archivo encontrado
[18:41:44] Hoja [0]: 'EPP'
[18:41:44] Hoja [1]: 'Tabla I.1'
[18:41:44] Hoja [2]: 'X supervisor'
[18:41:44] Hoja [3]: 'Para alta'
[18:41:44] Hoja activa: EPP
[18:41:44] Ultima fila con datos: 142
[18:41:44] Fila 6: dep='Contratistas' puesto='Soldador' | depOk=no puestoOk=no
[18:41:44] Fila 7: dep='Contratistas' puesto='Prevencionista' | depOk=no puestoOk=no
[18:41:44] Fila 8: dep='Contratistas' puesto='Ayudante general' | depOk=no puestoOk=no
[18:41:44] Fila 9: dep='Relaciones industriales' puesto='Ayudante general' | depOk=no puestoOk=no
[18:41:44] Fila 10: dep='Relaciones industriales' puesto='Guardia' | depOk=no puestoOk=no
[18:41:44] Fila 11: dep='Relaciones industriales' puesto='Ayudante general' | depOk=no puestoOk=no
[18:41:44] Fila 12: dep='Relaciones industriales' puesto='Personal de intentendencia' | depOk=no puestoOk=no
[18:41:44] Fila 13: dep='Servicios Auxiliares' puesto='Mecánico' | depOk=no puestoOk=no
[18:41:44] Fila 14: dep='Servicios Auxiliares' puesto='Mecánico' | depOk=no puestoOk=no
[18:41:44] Fila 15: dep='Servicios Auxiliares' puesto='Mecánico' | depOk=no puestoOk=no
[18:41:44] Fila 16: dep='Servicios Auxiliares' puesto='Mecánico' | depOk=no puestoOk=no
[18:41:44] Fila 17: dep='Servicios Auxiliares' puesto='Empacador' | depOk=no puestoOk=no
[18:41:44] Fila 18: dep='Telas NoTejidas' puesto='Superintendente mecatronico' | depOk=no puestoOk=no
[18:41:44] Fila 19: dep='Telas NoTejidas' puesto='Ing. Proceso' | depOk=no puestoOk=no
[18:41:44] Fila 20: dep='Telas NoTejidas' puesto='Conductor' | depOk=no puestoOk=no
[18:41:44] Fila 21: dep='Telas NoTejidas' puesto='Ayudante De Operador' | depOk=no puestoOk=no
[18:41:44] Fila 22: dep='Telas NoTejidas' puesto='Empacador' | depOk=no puestoOk=no
[18:41:44] Fila 23: dep='Telas NoTejidas' puesto='Líder de Operación' | depOk=no puestoOk=no
[18:41:44] Fila 24: dep='Telas NoTejidas' puesto='Tecnico Electronico' | depOk=no puestoOk=SI
[18:41:44] Fila 25: dep='Telas NoTejidas' puesto='Mecanico D' | depOk=no puestoOk=no
[18:41:44] Fila 26: dep='Telas NoTejidas' puesto='Mecanico B' | depOk=no puestoOk=no
[18:41:44] Fila 27: dep='Telas NoTejidas' puesto='Electrico D' | depOk=no puestoOk=no
[18:41:44] Fila 28: dep='Telas NoTejidas' puesto='Auxiliar Administrativo' | depOk=no puestoOk=no
[18:41:44] Fila 29: dep='Telas NoTejidas' puesto='Maestro en cardas' | depOk=no puestoOk=no
[18:41:44] Fila 30: dep='Almacén Materia Prima' puesto='Montacarguista' | depOk=no puestoOk=no
[18:41:44] Fila 31: dep='Almacén Materia Prima' puesto='Auxiliar Administrativo' | depOk=no puestoOk=no
[18:41:44] Fila 32: dep='Almacén Materia Prima' puesto='Supervisor' | depOk=no puestoOk=no
[18:41:44] Fila 33: dep='Almacén Materia Prima' puesto='Planeador' | depOk=no puestoOk=no
[18:41:44] Fila 34: dep='Almacén Materia Prima' puesto='Superintendente' | depOk=no puestoOk=no
[18:41:44] Fila 35: dep='Pañal' puesto='sellador' | depOk=no puestoOk=no
[18:41:44] Fila 36: dep='Pañal' puesto='Ing. Proceso' | depOk=no puestoOk=no
[18:41:44] Fila 37: dep='Pañal' puesto='Electrico' | depOk=no puestoOk=no
[18:41:44] Fila 38: dep='Pañal' puesto='Jefe de mantenimiento' | depOk=no puestoOk=no
[18:41:44] Fila 39: dep='Pañal' puesto='Planeador' | depOk=no puestoOk=no
[18:41:44] Fila 40: dep='Pañal' puesto='Electronico' | depOk=no puestoOk=SI
[18:41:44] Fila 41: dep='Pañal' puesto='Supervisor' | depOk=no puestoOk=no
[18:41:44] Fila 42: dep='Pañal' puesto='Super intendente' | depOk=no puestoOk=no
[18:41:44] Fila 43: dep='Pañal' puesto='Conductor' | depOk=no puestoOk=no
[18:41:44] Fila 44: dep='Pañal' puesto='Mecanico' | depOk=no puestoOk=no
[18:41:44] Fila 45: dep='Pañal' puesto='Empacador' | depOk=no puestoOk=no
[18:41:44] Fila 46: dep='Pañal' puesto='Gerente' | depOk=no puestoOk=no
[18:41:44] Fila 47: dep='Pañal' puesto='TSP' | depOk=no puestoOk=no
[18:41:44] Fila 48: dep='Pañal' puesto='Ayudannte' | depOk=no puestoOk=no
[18:41:44] Fila 49: dep='Protección femenina' puesto='Eléctrico' | depOk=no puestoOk=no
[18:41:44] Fila 50: dep='Protección femenina' puesto='Electrónico' | depOk=no puestoOk=SI
[18:41:44] Fila 51: dep='Protección femenina' puesto='Mecánico' | depOk=no puestoOk=no
[18:41:44] Fila 52: dep='Protección femenina' puesto='Ayudante' | depOk=no puestoOk=no
[18:41:44] Fila 53: dep='Protección femenina' puesto='Conductor' | depOk=no puestoOk=no
[18:41:44] Fila 54: dep='Protección femenina' puesto='Empacador' | depOk=no puestoOk=no
[18:41:44] Fila 55: dep='Protección femenina' puesto='Sellador de Linea' | depOk=no puestoOk=no
[18:41:44] Fila 56: dep='Protección femenina' puesto='TCP' | depOk=no puestoOk=no
[18:41:44] Fila 57: dep='Incontinencia' puesto='Gerente de Incontinencia' | depOk=SI puestoOk=no
[18:41:44] Fila 58: dep='Incontinencia' puesto='Superintendente  mantenimiento mecánico' | depOk=SI puestoOk=no
[18:41:44] Fila 59: dep='Incontinencia' puesto='Superintendente mantenimiento electrico' | depOk=SI puestoOk=no
[18:41:44] Fila 60: dep='Incontinencia' puesto='Superintendente de proceso' | depOk=SI puestoOk=no
[18:41:44] Fila 61: dep='Incontinencia' puesto='Supervisor produción' | depOk=SI puestoOk=no
[18:41:44] Fila 62: dep='Incontinencia' puesto='Supervisor Mecánico' | depOk=SI puestoOk=no
[18:41:44] Fila 63: dep='Incontinencia' puesto='Ing. de proceso' | depOk=SI puestoOk=no
[18:41:44] Fila 64: dep='Incontinencia' puesto='Planeador' | depOk=SI puestoOk=no
[18:41:44] Fila 65: dep='Incontinencia' puesto='Electronico' | depOk=SI puestoOk=SI
[18:41:44]    >>> MATCH en fila 65
[18:41:44]       + [Cabeza] B)        Casco dieléctrico
[18:41:44]       + [Ojos y cara] C)        Protector facial
[18:41:44]       + [Oídos] A)        Tapones auditivos
[18:41:44]       + [Aparato respiratorio] A)        Respirador contra partículas
[18:41:44]       + [Extremidades superiores] B)        Guantes dieléctricos
[18:41:44]       + [Tronco] F)      Ropa de alta visibilidad
[18:41:44]       + [Extremidades inferiores] C)        Calzado dieléctrico
[18:41:44]       + [Otros] A)        Equipo de protección contra caídas de altura
[18:41:44] Fila 66: dep='Incontinencia' puesto='Conductor de Maquina' | depOk=SI puestoOk=no
[18:41:44] Fila 67: dep='Incontinencia' puesto='Mecánico categorias A,B,C,D' | depOk=SI puestoOk=no
[18:41:44] Fila 68: dep='Incontinencia' puesto='Electrico categorias A,B,C,D' | depOk=SI puestoOk=no
[18:41:44] Fila 69: dep='Incontinencia' puesto='Ayudannte' | depOk=SI puestoOk=no
[18:41:44] Fila 70: dep='Incontinencia' puesto='sellador' | depOk=SI puestoOk=no
[18:41:44] Fila 71: dep='Incontinencia' puesto='Empacador' | depOk=SI puestoOk=no
[18:41:44] Fila 72: dep='Incontinencia' puesto='Mecánico especialista adhesivos' | depOk=SI puestoOk=no
[18:41:44] Fila 73: dep='Incontinencia' puesto='Mecánico con perfil maquinas herramientas' | depOk=SI puestoOk=no
[18:41:44] Fila 74: sin puesto (depActual='Incontinencia') -> SALTA
[18:41:44] Fila 75: sin puesto (depActual='Incontinencia') -> SALTA
[18:41:44] Fila 76: sin puesto (depActual='Incontinencia') -> SALTA
[18:41:44] Fila 77: sin puesto (depActual='Incontinencia') -> SALTA
[18:41:44] Fila 78: sin puesto (depActual='Incontinencia') -> SALTA
[18:41:44] Fila 79: sin puesto (depActual='Incontinencia') -> SALTA
[18:41:44] Fila 80: sin puesto (depActual='Incontinencia') -> SALTA
[18:41:44] Fila 81: sin puesto (depActual='Incontinencia') -> SALTA
[18:41:44] Fila 82: sin puesto (depActual='Incontinencia') -> SALTA
[18:41:44] Fila 83: sin puesto (depActual='Incontinencia') -> SALTA
[18:41:44] Fila 84: sin puesto (depActual='Incontinencia') -> SALTA
[18:41:44] Fila 85: sin puesto (depActual='Incontinencia') -> SALTA
[18:41:44] Fila 86: sin puesto (depActual='Incontinencia') -> SALTA
[18:41:44] Fila 87: sin puesto (depActual='Incontinencia') -> SALTA
[18:41:44] Fila 88: sin puesto (depActual='Incontinencia') -> SALTA
[18:41:44] Fila 89: sin puesto (depActual='Incontinencia') -> SALTA
[18:41:44] Fila 90: sin puesto (depActual='Incontinencia') -> SALTA
[18:41:44] Fila 91: sin puesto (depActual='Incontinencia') -> SALTA
[18:41:44] Fila 92: sin puesto (depActual='Incontinencia') -> SALTA
[18:41:44] Fila 93: sin puesto (depActual='Incontinencia') -> SALTA
[18:41:44] Fila 94: sin puesto (depActual='Incontinencia') -> SALTA
[18:41:44] Fila 95: sin puesto (depActual='Incontinencia') -> SALTA
[18:41:44] Fila 96: sin puesto (depActual='Incontinencia') -> SALTA
[18:41:44] Fila 97: sin puesto (depActual='Incontinencia') -> SALTA
[18:41:44] Fila 98: sin puesto (depActual='Incontinencia') -> SALTA
[18:41:44] Fila 99: sin puesto (depActual='Incontinencia') -> SALTA
[18:41:44] Fila 100: sin puesto (depActual='Incontinencia') -> SALTA
[18:41:44] Fila 101: sin puesto (depActual='Incontinencia') -> SALTA
[18:41:44] Fila 102: sin puesto (depActual='Incontinencia') -> SALTA
[18:41:44] Fila 103: sin puesto (depActual='Incontinencia') -> SALTA
[18:41:44] Fila 104: sin puesto (depActual='Incontinencia') -> SALTA
[18:41:44] Fila 105: sin puesto (depActual='Incontinencia') -> SALTA
[18:41:44] Fila 106: sin puesto (depActual='Incontinencia') -> SALTA
[18:41:44] Fila 107: sin puesto (depActual='Incontinencia') -> SALTA
[18:41:44] Fila 108: sin puesto (depActual='Incontinencia') -> SALTA
[18:41:44] Fila 109: sin puesto (depActual='Incontinencia') -> SALTA
[18:41:44] Fila 110: sin puesto (depActual='Incontinencia') -> SALTA
[18:41:44] Fila 111: sin puesto (depActual='Incontinencia') -> SALTA
[18:41:44] Fila 112: sin puesto (depActual='Incontinencia') -> SALTA
[18:41:44] Fila 113: sin puesto (depActual='Incontinencia') -> SALTA
[18:41:44] Fila 114: sin puesto (depActual='Incontinencia') -> SALTA
[18:41:44] Fila 115: sin puesto (depActual='Incontinencia') -> SALTA
[18:41:44] Fila 116: sin puesto (depActual='Incontinencia') -> SALTA
[18:41:44] Fila 117: sin puesto (depActual='Incontinencia') -> SALTA
[18:41:44] Fila 118: sin puesto (depActual='Incontinencia') -> SALTA
[18:41:44] Fila 119: sin puesto (depActual='Incontinencia') -> SALTA
[18:41:44] Fila 120: sin puesto (depActual='Incontinencia') -> SALTA
[18:41:44] Fila 121: sin puesto (depActual='Incontinencia') -> SALTA
[18:41:44] Fila 122: sin puesto (depActual='Incontinencia') -> SALTA
[18:41:44] Fila 123: sin puesto (depActual='Incontinencia') -> SALTA
[18:41:44] Fila 124: sin puesto (depActual='Incontinencia') -> SALTA
[18:41:44] Fila 125: sin puesto (depActual='Incontinencia') -> SALTA
[18:41:44] Fila 126: sin puesto (depActual='Incontinencia') -> SALTA
[18:41:44] Fila 127: sin puesto (depActual='Incontinencia') -> SALTA
[18:41:44] Fila 128: sin puesto (depActual='Incontinencia') -> SALTA
[18:41:44] Fila 129: sin puesto (depActual='Incontinencia') -> SALTA
[18:41:44] Fila 130: sin puesto (depActual='Incontinencia') -> SALTA
[18:41:44] Fila 131: sin puesto (depActual='Incontinencia') -> SALTA
[18:41:44] Fila 132: sin puesto (depActual='Incontinencia') -> SALTA
[18:41:44] Fila 133: sin puesto (depActual='Incontinencia') -> SALTA
[18:41:44] Fila 134: sin puesto (depActual='Incontinencia') -> SALTA
[18:41:44] Fila 135: sin puesto (depActual='Incontinencia') -> SALTA
[18:41:44] Fila 136: sin puesto (depActual='Incontinencia') -> SALTA
[18:41:44] Fila 137: sin puesto (depActual='Incontinencia') -> SALTA
[18:41:44] Fila 138: sin puesto (depActual='Incontinencia') -> SALTA
[18:41:44] Fila 139: sin puesto (depActual='Incontinencia') -> SALTA
[18:41:44] Fila 140: sin puesto (depActual='Incontinencia') -> SALTA
[18:41:44] Fila 141: sin puesto (depActual='Incontinencia') -> SALTA
[18:41:44] Fila 142: sin puesto (depActual='Incontinencia') -> SALTA
[18:41:44] Total de equipos encontrados: 8
[18:41:44] ========================================================
[18:42:10] ==================== NUEVA PETICION ====================
[18:42:10] Departamento recibido: 'Incontinencia'
[18:42:10] Puesto recibido: 'Técnico electrónico'
[18:42:10] Departamento normalizado: 'incontinencia'
[18:42:10] Puesto normalizado: 'tecnico electronico'
[18:42:10] Ruta Excel: C:\xampp\htdocs\Mes\KCMes\EPP\php/FO-OSHPS012-01_Identificación_y_selección_de_EPP.xlsx
[18:42:10] OK: archivo encontrado
[18:42:10] Hoja [0]: 'EPP'
[18:42:10] Hoja [1]: 'Tabla I.1'
[18:42:10] Hoja [2]: 'X supervisor'
[18:42:10] Hoja [3]: 'Para alta'
[18:42:10] Hoja activa: EPP
[18:42:10] Ultima fila con datos: 142
[18:42:11] Fila 6: dep='Contratistas' puesto='Soldador' | depOk=no puestoOk=no
[18:42:11] Fila 7: dep='Contratistas' puesto='Prevencionista' | depOk=no puestoOk=no
[18:42:11] Fila 8: dep='Contratistas' puesto='Ayudante general' | depOk=no puestoOk=no
[18:42:11] Fila 9: dep='Relaciones industriales' puesto='Ayudante general' | depOk=no puestoOk=no
[18:42:11] Fila 10: dep='Relaciones industriales' puesto='Guardia' | depOk=no puestoOk=no
[18:42:11] Fila 11: dep='Relaciones industriales' puesto='Ayudante general' | depOk=no puestoOk=no
[18:42:11] Fila 12: dep='Relaciones industriales' puesto='Personal de intentendencia' | depOk=no puestoOk=no
[18:42:11] Fila 13: dep='Servicios Auxiliares' puesto='Mecánico' | depOk=no puestoOk=no
[18:42:11] Fila 14: dep='Servicios Auxiliares' puesto='Mecánico' | depOk=no puestoOk=no
[18:42:11] Fila 15: dep='Servicios Auxiliares' puesto='Mecánico' | depOk=no puestoOk=no
[18:42:11] Fila 16: dep='Servicios Auxiliares' puesto='Mecánico' | depOk=no puestoOk=no
[18:42:11] Fila 17: dep='Servicios Auxiliares' puesto='Empacador' | depOk=no puestoOk=no
[18:42:11] Fila 18: dep='Telas NoTejidas' puesto='Superintendente mecatronico' | depOk=no puestoOk=no
[18:42:11] Fila 19: dep='Telas NoTejidas' puesto='Ing. Proceso' | depOk=no puestoOk=no
[18:42:11] Fila 20: dep='Telas NoTejidas' puesto='Conductor' | depOk=no puestoOk=no
[18:42:11] Fila 21: dep='Telas NoTejidas' puesto='Ayudante De Operador' | depOk=no puestoOk=no
[18:42:11] Fila 22: dep='Telas NoTejidas' puesto='Empacador' | depOk=no puestoOk=no
[18:42:11] Fila 23: dep='Telas NoTejidas' puesto='Líder de Operación' | depOk=no puestoOk=no
[18:42:11] Fila 24: dep='Telas NoTejidas' puesto='Tecnico Electronico' | depOk=no puestoOk=SI
[18:42:11] Fila 25: dep='Telas NoTejidas' puesto='Mecanico D' | depOk=no puestoOk=no
[18:42:11] Fila 26: dep='Telas NoTejidas' puesto='Mecanico B' | depOk=no puestoOk=no
[18:42:11] Fila 27: dep='Telas NoTejidas' puesto='Electrico D' | depOk=no puestoOk=no
[18:42:11] Fila 28: dep='Telas NoTejidas' puesto='Auxiliar Administrativo' | depOk=no puestoOk=no
[18:42:11] Fila 29: dep='Telas NoTejidas' puesto='Maestro en cardas' | depOk=no puestoOk=no
[18:42:11] Fila 30: dep='Almacén Materia Prima' puesto='Montacarguista' | depOk=no puestoOk=no
[18:42:11] Fila 31: dep='Almacén Materia Prima' puesto='Auxiliar Administrativo' | depOk=no puestoOk=no
[18:42:11] Fila 32: dep='Almacén Materia Prima' puesto='Supervisor' | depOk=no puestoOk=no
[18:42:11] Fila 33: dep='Almacén Materia Prima' puesto='Planeador' | depOk=no puestoOk=no
[18:42:11] Fila 34: dep='Almacén Materia Prima' puesto='Superintendente' | depOk=no puestoOk=no
[18:42:11] Fila 35: dep='Pañal' puesto='sellador' | depOk=no puestoOk=no
[18:42:11] Fila 36: dep='Pañal' puesto='Ing. Proceso' | depOk=no puestoOk=no
[18:42:11] Fila 37: dep='Pañal' puesto='Electrico' | depOk=no puestoOk=no
[18:42:11] Fila 38: dep='Pañal' puesto='Jefe de mantenimiento' | depOk=no puestoOk=no
[18:42:11] Fila 39: dep='Pañal' puesto='Planeador' | depOk=no puestoOk=no
[18:42:11] Fila 40: dep='Pañal' puesto='Electronico' | depOk=no puestoOk=SI
[18:42:11] Fila 41: dep='Pañal' puesto='Supervisor' | depOk=no puestoOk=no
[18:42:11] Fila 42: dep='Pañal' puesto='Super intendente' | depOk=no puestoOk=no
[18:42:11] Fila 43: dep='Pañal' puesto='Conductor' | depOk=no puestoOk=no
[18:42:11] Fila 44: dep='Pañal' puesto='Mecanico' | depOk=no puestoOk=no
[18:42:11] Fila 45: dep='Pañal' puesto='Empacador' | depOk=no puestoOk=no
[18:42:11] Fila 46: dep='Pañal' puesto='Gerente' | depOk=no puestoOk=no
[18:42:11] Fila 47: dep='Pañal' puesto='TSP' | depOk=no puestoOk=no
[18:42:11] Fila 48: dep='Pañal' puesto='Ayudannte' | depOk=no puestoOk=no
[18:42:11] Fila 49: dep='Protección femenina' puesto='Eléctrico' | depOk=no puestoOk=no
[18:42:11] Fila 50: dep='Protección femenina' puesto='Electrónico' | depOk=no puestoOk=SI
[18:42:11] Fila 51: dep='Protección femenina' puesto='Mecánico' | depOk=no puestoOk=no
[18:42:11] Fila 52: dep='Protección femenina' puesto='Ayudante' | depOk=no puestoOk=no
[18:42:11] Fila 53: dep='Protección femenina' puesto='Conductor' | depOk=no puestoOk=no
[18:42:11] Fila 54: dep='Protección femenina' puesto='Empacador' | depOk=no puestoOk=no
[18:42:11] Fila 55: dep='Protección femenina' puesto='Sellador de Linea' | depOk=no puestoOk=no
[18:42:11] Fila 56: dep='Protección femenina' puesto='TCP' | depOk=no puestoOk=no
[18:42:11] Fila 57: dep='Incontinencia' puesto='Gerente de Incontinencia' | depOk=SI puestoOk=no
[18:42:11] Fila 58: dep='Incontinencia' puesto='Superintendente  mantenimiento mecánico' | depOk=SI puestoOk=no
[18:42:11] Fila 59: dep='Incontinencia' puesto='Superintendente mantenimiento electrico' | depOk=SI puestoOk=no
[18:42:11] Fila 60: dep='Incontinencia' puesto='Superintendente de proceso' | depOk=SI puestoOk=no
[18:42:11] Fila 61: dep='Incontinencia' puesto='Supervisor produción' | depOk=SI puestoOk=no
[18:42:11] Fila 62: dep='Incontinencia' puesto='Supervisor Mecánico' | depOk=SI puestoOk=no
[18:42:11] Fila 63: dep='Incontinencia' puesto='Ing. de proceso' | depOk=SI puestoOk=no
[18:42:11] Fila 64: dep='Incontinencia' puesto='Planeador' | depOk=SI puestoOk=no
[18:42:11] Fila 65: dep='Incontinencia' puesto='Electronico' | depOk=SI puestoOk=SI
[18:42:11]    >>> MATCH en fila 65
[18:42:11]       + [Cabeza] B)        Casco dieléctrico
[18:42:11]       + [Ojos y cara] C)        Protector facial
[18:42:11]       + [Oídos] A)        Tapones auditivos
[18:42:11]       + [Aparato respiratorio] A)        Respirador contra partículas
[18:42:11]       + [Extremidades superiores] B)        Guantes dieléctricos
[18:42:11]       + [Tronco] F)      Ropa de alta visibilidad
[18:42:11]       + [Extremidades inferiores] C)        Calzado dieléctrico
[18:42:11]       + [Otros] A)        Equipo de protección contra caídas de altura
[18:42:11] Fila 66: dep='Incontinencia' puesto='Conductor de Maquina' | depOk=SI puestoOk=no
[18:42:11] Fila 67: dep='Incontinencia' puesto='Mecánico categorias A,B,C,D' | depOk=SI puestoOk=no
[18:42:11] Fila 68: dep='Incontinencia' puesto='Electrico categorias A,B,C,D' | depOk=SI puestoOk=no
[18:42:11] Fila 69: dep='Incontinencia' puesto='Ayudannte' | depOk=SI puestoOk=no
[18:42:11] Fila 70: dep='Incontinencia' puesto='sellador' | depOk=SI puestoOk=no
[18:42:11] Fila 71: dep='Incontinencia' puesto='Empacador' | depOk=SI puestoOk=no
[18:42:11] Fila 72: dep='Incontinencia' puesto='Mecánico especialista adhesivos' | depOk=SI puestoOk=no
[18:42:11] Fila 73: dep='Incontinencia' puesto='Mecánico con perfil maquinas herramientas' | depOk=SI puestoOk=no
[18:42:11] Fila 74: sin puesto (depActual='Incontinencia') -> SALTA
[18:42:11] Fila 75: sin puesto (depActual='Incontinencia') -> SALTA
[18:42:11] Fila 76: sin puesto (depActual='Incontinencia') -> SALTA
[18:42:11] Fila 77: sin puesto (depActual='Incontinencia') -> SALTA
[18:42:11] Fila 78: sin puesto (depActual='Incontinencia') -> SALTA
[18:42:11] Fila 79: sin puesto (depActual='Incontinencia') -> SALTA
[18:42:11] Fila 80: sin puesto (depActual='Incontinencia') -> SALTA
[18:42:11] Fila 81: sin puesto (depActual='Incontinencia') -> SALTA
[18:42:11] Fila 82: sin puesto (depActual='Incontinencia') -> SALTA
[18:42:11] Fila 83: sin puesto (depActual='Incontinencia') -> SALTA
[18:42:11] Fila 84: sin puesto (depActual='Incontinencia') -> SALTA
[18:42:11] Fila 85: sin puesto (depActual='Incontinencia') -> SALTA
[18:42:11] Fila 86: sin puesto (depActual='Incontinencia') -> SALTA
[18:42:11] Fila 87: sin puesto (depActual='Incontinencia') -> SALTA
[18:42:11] Fila 88: sin puesto (depActual='Incontinencia') -> SALTA
[18:42:11] Fila 89: sin puesto (depActual='Incontinencia') -> SALTA
[18:42:11] Fila 90: sin puesto (depActual='Incontinencia') -> SALTA
[18:42:11] Fila 91: sin puesto (depActual='Incontinencia') -> SALTA
[18:42:11] Fila 92: sin puesto (depActual='Incontinencia') -> SALTA
[18:42:11] Fila 93: sin puesto (depActual='Incontinencia') -> SALTA
[18:42:11] Fila 94: sin puesto (depActual='Incontinencia') -> SALTA
[18:42:11] Fila 95: sin puesto (depActual='Incontinencia') -> SALTA
[18:42:11] Fila 96: sin puesto (depActual='Incontinencia') -> SALTA
[18:42:11] Fila 97: sin puesto (depActual='Incontinencia') -> SALTA
[18:42:11] Fila 98: sin puesto (depActual='Incontinencia') -> SALTA
[18:42:11] Fila 99: sin puesto (depActual='Incontinencia') -> SALTA
[18:42:11] Fila 100: sin puesto (depActual='Incontinencia') -> SALTA
[18:42:11] Fila 101: sin puesto (depActual='Incontinencia') -> SALTA
[18:42:11] Fila 102: sin puesto (depActual='Incontinencia') -> SALTA
[18:42:11] Fila 103: sin puesto (depActual='Incontinencia') -> SALTA
[18:42:11] Fila 104: sin puesto (depActual='Incontinencia') -> SALTA
[18:42:11] Fila 105: sin puesto (depActual='Incontinencia') -> SALTA
[18:42:11] Fila 106: sin puesto (depActual='Incontinencia') -> SALTA
[18:42:11] Fila 107: sin puesto (depActual='Incontinencia') -> SALTA
[18:42:11] Fila 108: sin puesto (depActual='Incontinencia') -> SALTA
[18:42:11] Fila 109: sin puesto (depActual='Incontinencia') -> SALTA
[18:42:11] Fila 110: sin puesto (depActual='Incontinencia') -> SALTA
[18:42:11] Fila 111: sin puesto (depActual='Incontinencia') -> SALTA
[18:42:11] Fila 112: sin puesto (depActual='Incontinencia') -> SALTA
[18:42:11] Fila 113: sin puesto (depActual='Incontinencia') -> SALTA
[18:42:11] Fila 114: sin puesto (depActual='Incontinencia') -> SALTA
[18:42:11] Fila 115: sin puesto (depActual='Incontinencia') -> SALTA
[18:42:11] Fila 116: sin puesto (depActual='Incontinencia') -> SALTA
[18:42:11] Fila 117: sin puesto (depActual='Incontinencia') -> SALTA
[18:42:11] Fila 118: sin puesto (depActual='Incontinencia') -> SALTA
[18:42:11] Fila 119: sin puesto (depActual='Incontinencia') -> SALTA
[18:42:11] Fila 120: sin puesto (depActual='Incontinencia') -> SALTA
[18:42:11] Fila 121: sin puesto (depActual='Incontinencia') -> SALTA
[18:42:11] Fila 122: sin puesto (depActual='Incontinencia') -> SALTA
[18:42:11] Fila 123: sin puesto (depActual='Incontinencia') -> SALTA
[18:42:11] Fila 124: sin puesto (depActual='Incontinencia') -> SALTA
[18:42:11] Fila 125: sin puesto (depActual='Incontinencia') -> SALTA
[18:42:11] Fila 126: sin puesto (depActual='Incontinencia') -> SALTA
[18:42:11] Fila 127: sin puesto (depActual='Incontinencia') -> SALTA
[18:42:11] Fila 128: sin puesto (depActual='Incontinencia') -> SALTA
[18:42:11] Fila 129: sin puesto (depActual='Incontinencia') -> SALTA
[18:42:11] Fila 130: sin puesto (depActual='Incontinencia') -> SALTA
[18:42:11] Fila 131: sin puesto (depActual='Incontinencia') -> SALTA
[18:42:11] Fila 132: sin puesto (depActual='Incontinencia') -> SALTA
[18:42:11] Fila 133: sin puesto (depActual='Incontinencia') -> SALTA
[18:42:11] Fila 134: sin puesto (depActual='Incontinencia') -> SALTA
[18:42:11] Fila 135: sin puesto (depActual='Incontinencia') -> SALTA
[18:42:11] Fila 136: sin puesto (depActual='Incontinencia') -> SALTA
[18:42:11] Fila 137: sin puesto (depActual='Incontinencia') -> SALTA
[18:42:11] Fila 138: sin puesto (depActual='Incontinencia') -> SALTA
[18:42:11] Fila 139: sin puesto (depActual='Incontinencia') -> SALTA
[18:42:11] Fila 140: sin puesto (depActual='Incontinencia') -> SALTA
[18:42:11] Fila 141: sin puesto (depActual='Incontinencia') -> SALTA
[18:42:11] Fila 142: sin puesto (depActual='Incontinencia') -> SALTA
[18:42:11] Total de equipos encontrados: 8
[18:42:11] ========================================================
[18:42:20] ==================== NUEVA PETICION ====================
[18:42:20] Departamento recibido: 'Incontinencia'
[18:42:20] Puesto recibido: 'Técnico electrónico'
[18:42:20] Departamento normalizado: 'incontinencia'
[18:42:20] Puesto normalizado: 'tecnico electronico'
[18:42:20] Ruta Excel: C:\xampp\htdocs\Mes\KCMes\EPP\php/FO-OSHPS012-01_Identificación_y_selección_de_EPP.xlsx
[18:42:20] OK: archivo encontrado
[18:42:20] Hoja [0]: 'EPP'
[18:42:20] Hoja [1]: 'Tabla I.1'
[18:42:20] Hoja [2]: 'X supervisor'
[18:42:20] Hoja [3]: 'Para alta'
[18:42:20] Hoja activa: EPP
[18:42:20] Ultima fila con datos: 142
[18:42:20] Fila 6: dep='Contratistas' puesto='Soldador' | depOk=no puestoOk=no
[18:42:20] Fila 7: dep='Contratistas' puesto='Prevencionista' | depOk=no puestoOk=no
[18:42:20] Fila 8: dep='Contratistas' puesto='Ayudante general' | depOk=no puestoOk=no
[18:42:20] Fila 9: dep='Relaciones industriales' puesto='Ayudante general' | depOk=no puestoOk=no
[18:42:20] Fila 10: dep='Relaciones industriales' puesto='Guardia' | depOk=no puestoOk=no
[18:42:20] Fila 11: dep='Relaciones industriales' puesto='Ayudante general' | depOk=no puestoOk=no
[18:42:20] Fila 12: dep='Relaciones industriales' puesto='Personal de intentendencia' | depOk=no puestoOk=no
[18:42:20] Fila 13: dep='Servicios Auxiliares' puesto='Mecánico' | depOk=no puestoOk=no
[18:42:20] Fila 14: dep='Servicios Auxiliares' puesto='Mecánico' | depOk=no puestoOk=no
[18:42:20] Fila 15: dep='Servicios Auxiliares' puesto='Mecánico' | depOk=no puestoOk=no
[18:42:20] Fila 16: dep='Servicios Auxiliares' puesto='Mecánico' | depOk=no puestoOk=no
[18:42:20] Fila 17: dep='Servicios Auxiliares' puesto='Empacador' | depOk=no puestoOk=no
[18:42:20] Fila 18: dep='Telas NoTejidas' puesto='Superintendente mecatronico' | depOk=no puestoOk=no
[18:42:20] Fila 19: dep='Telas NoTejidas' puesto='Ing. Proceso' | depOk=no puestoOk=no
[18:42:20] Fila 20: dep='Telas NoTejidas' puesto='Conductor' | depOk=no puestoOk=no
[18:42:20] Fila 21: dep='Telas NoTejidas' puesto='Ayudante De Operador' | depOk=no puestoOk=no
[18:42:20] Fila 22: dep='Telas NoTejidas' puesto='Empacador' | depOk=no puestoOk=no
[18:42:20] Fila 23: dep='Telas NoTejidas' puesto='Líder de Operación' | depOk=no puestoOk=no
[18:42:20] Fila 24: dep='Telas NoTejidas' puesto='Tecnico Electronico' | depOk=no puestoOk=SI
[18:42:20] Fila 25: dep='Telas NoTejidas' puesto='Mecanico D' | depOk=no puestoOk=no
[18:42:20] Fila 26: dep='Telas NoTejidas' puesto='Mecanico B' | depOk=no puestoOk=no
[18:42:20] Fila 27: dep='Telas NoTejidas' puesto='Electrico D' | depOk=no puestoOk=no
[18:42:20] Fila 28: dep='Telas NoTejidas' puesto='Auxiliar Administrativo' | depOk=no puestoOk=no
[18:42:20] Fila 29: dep='Telas NoTejidas' puesto='Maestro en cardas' | depOk=no puestoOk=no
[18:42:20] Fila 30: dep='Almacén Materia Prima' puesto='Montacarguista' | depOk=no puestoOk=no
[18:42:20] Fila 31: dep='Almacén Materia Prima' puesto='Auxiliar Administrativo' | depOk=no puestoOk=no
[18:42:20] Fila 32: dep='Almacén Materia Prima' puesto='Supervisor' | depOk=no puestoOk=no
[18:42:20] Fila 33: dep='Almacén Materia Prima' puesto='Planeador' | depOk=no puestoOk=no
[18:42:20] Fila 34: dep='Almacén Materia Prima' puesto='Superintendente' | depOk=no puestoOk=no
[18:42:20] Fila 35: dep='Pañal' puesto='sellador' | depOk=no puestoOk=no
[18:42:20] Fila 36: dep='Pañal' puesto='Ing. Proceso' | depOk=no puestoOk=no
[18:42:20] Fila 37: dep='Pañal' puesto='Electrico' | depOk=no puestoOk=no
[18:42:20] Fila 38: dep='Pañal' puesto='Jefe de mantenimiento' | depOk=no puestoOk=no
[18:42:20] Fila 39: dep='Pañal' puesto='Planeador' | depOk=no puestoOk=no
[18:42:20] Fila 40: dep='Pañal' puesto='Electronico' | depOk=no puestoOk=SI
[18:42:20] Fila 41: dep='Pañal' puesto='Supervisor' | depOk=no puestoOk=no
[18:42:20] Fila 42: dep='Pañal' puesto='Super intendente' | depOk=no puestoOk=no
[18:42:20] Fila 43: dep='Pañal' puesto='Conductor' | depOk=no puestoOk=no
[18:42:20] Fila 44: dep='Pañal' puesto='Mecanico' | depOk=no puestoOk=no
[18:42:20] Fila 45: dep='Pañal' puesto='Empacador' | depOk=no puestoOk=no
[18:42:20] Fila 46: dep='Pañal' puesto='Gerente' | depOk=no puestoOk=no
[18:42:20] Fila 47: dep='Pañal' puesto='TSP' | depOk=no puestoOk=no
[18:42:20] Fila 48: dep='Pañal' puesto='Ayudannte' | depOk=no puestoOk=no
[18:42:20] Fila 49: dep='Protección femenina' puesto='Eléctrico' | depOk=no puestoOk=no
[18:42:20] Fila 50: dep='Protección femenina' puesto='Electrónico' | depOk=no puestoOk=SI
[18:42:20] Fila 51: dep='Protección femenina' puesto='Mecánico' | depOk=no puestoOk=no
[18:42:20] Fila 52: dep='Protección femenina' puesto='Ayudante' | depOk=no puestoOk=no
[18:42:20] Fila 53: dep='Protección femenina' puesto='Conductor' | depOk=no puestoOk=no
[18:42:20] Fila 54: dep='Protección femenina' puesto='Empacador' | depOk=no puestoOk=no
[18:42:20] Fila 55: dep='Protección femenina' puesto='Sellador de Linea' | depOk=no puestoOk=no
[18:42:20] Fila 56: dep='Protección femenina' puesto='TCP' | depOk=no puestoOk=no
[18:42:20] Fila 57: dep='Incontinencia' puesto='Gerente de Incontinencia' | depOk=SI puestoOk=no
[18:42:20] Fila 58: dep='Incontinencia' puesto='Superintendente  mantenimiento mecánico' | depOk=SI puestoOk=no
[18:42:20] Fila 59: dep='Incontinencia' puesto='Superintendente mantenimiento electrico' | depOk=SI puestoOk=no
[18:42:20] Fila 60: dep='Incontinencia' puesto='Superintendente de proceso' | depOk=SI puestoOk=no
[18:42:20] Fila 61: dep='Incontinencia' puesto='Supervisor produción' | depOk=SI puestoOk=no
[18:42:20] Fila 62: dep='Incontinencia' puesto='Supervisor Mecánico' | depOk=SI puestoOk=no
[18:42:20] Fila 63: dep='Incontinencia' puesto='Ing. de proceso' | depOk=SI puestoOk=no
[18:42:20] Fila 64: dep='Incontinencia' puesto='Planeador' | depOk=SI puestoOk=no
[18:42:20] Fila 65: dep='Incontinencia' puesto='Electronico' | depOk=SI puestoOk=SI
[18:42:20]    >>> MATCH en fila 65
[18:42:20]       + [Cabeza] B)        Casco dieléctrico
[18:42:20]       + [Ojos y cara] C)        Protector facial
[18:42:20]       + [Oídos] A)        Tapones auditivos
[18:42:20]       + [Aparato respiratorio] A)        Respirador contra partículas
[18:42:20]       + [Extremidades superiores] B)        Guantes dieléctricos
[18:42:20]       + [Tronco] F)      Ropa de alta visibilidad
[18:42:20]       + [Extremidades inferiores] C)        Calzado dieléctrico
[18:42:20]       + [Otros] A)        Equipo de protección contra caídas de altura
[18:42:20] Fila 66: dep='Incontinencia' puesto='Conductor de Maquina' | depOk=SI puestoOk=no
[18:42:20] Fila 67: dep='Incontinencia' puesto='Mecánico categorias A,B,C,D' | depOk=SI puestoOk=no
[18:42:20] Fila 68: dep='Incontinencia' puesto='Electrico categorias A,B,C,D' | depOk=SI puestoOk=no
[18:42:20] Fila 69: dep='Incontinencia' puesto='Ayudannte' | depOk=SI puestoOk=no
[18:42:20] Fila 70: dep='Incontinencia' puesto='sellador' | depOk=SI puestoOk=no
[18:42:20] Fila 71: dep='Incontinencia' puesto='Empacador' | depOk=SI puestoOk=no
[18:42:20] Fila 72: dep='Incontinencia' puesto='Mecánico especialista adhesivos' | depOk=SI puestoOk=no
[18:42:20] Fila 73: dep='Incontinencia' puesto='Mecánico con perfil maquinas herramientas' | depOk=SI puestoOk=no
[18:42:20] Fila 74: sin puesto (depActual='Incontinencia') -> SALTA
[18:42:20] Fila 75: sin puesto (depActual='Incontinencia') -> SALTA
[18:42:20] Fila 76: sin puesto (depActual='Incontinencia') -> SALTA
[18:42:20] Fila 77: sin puesto (depActual='Incontinencia') -> SALTA
[18:42:20] Fila 78: sin puesto (depActual='Incontinencia') -> SALTA
[18:42:20] Fila 79: sin puesto (depActual='Incontinencia') -> SALTA
[18:42:20] Fila 80: sin puesto (depActual='Incontinencia') -> SALTA
[18:42:20] Fila 81: sin puesto (depActual='Incontinencia') -> SALTA
[18:42:20] Fila 82: sin puesto (depActual='Incontinencia') -> SALTA
[18:42:20] Fila 83: sin puesto (depActual='Incontinencia') -> SALTA
[18:42:20] Fila 84: sin puesto (depActual='Incontinencia') -> SALTA
[18:42:20] Fila 85: sin puesto (depActual='Incontinencia') -> SALTA
[18:42:20] Fila 86: sin puesto (depActual='Incontinencia') -> SALTA
[18:42:20] Fila 87: sin puesto (depActual='Incontinencia') -> SALTA
[18:42:20] Fila 88: sin puesto (depActual='Incontinencia') -> SALTA
[18:42:20] Fila 89: sin puesto (depActual='Incontinencia') -> SALTA
[18:42:20] Fila 90: sin puesto (depActual='Incontinencia') -> SALTA
[18:42:20] Fila 91: sin puesto (depActual='Incontinencia') -> SALTA
[18:42:20] Fila 92: sin puesto (depActual='Incontinencia') -> SALTA
[18:42:20] Fila 93: sin puesto (depActual='Incontinencia') -> SALTA
[18:42:20] Fila 94: sin puesto (depActual='Incontinencia') -> SALTA
[18:42:20] Fila 95: sin puesto (depActual='Incontinencia') -> SALTA
[18:42:20] Fila 96: sin puesto (depActual='Incontinencia') -> SALTA
[18:42:20] Fila 97: sin puesto (depActual='Incontinencia') -> SALTA
[18:42:20] Fila 98: sin puesto (depActual='Incontinencia') -> SALTA
[18:42:20] Fila 99: sin puesto (depActual='Incontinencia') -> SALTA
[18:42:20] Fila 100: sin puesto (depActual='Incontinencia') -> SALTA
[18:42:20] Fila 101: sin puesto (depActual='Incontinencia') -> SALTA
[18:42:20] Fila 102: sin puesto (depActual='Incontinencia') -> SALTA
[18:42:20] Fila 103: sin puesto (depActual='Incontinencia') -> SALTA
[18:42:20] Fila 104: sin puesto (depActual='Incontinencia') -> SALTA
[18:42:20] Fila 105: sin puesto (depActual='Incontinencia') -> SALTA
[18:42:20] Fila 106: sin puesto (depActual='Incontinencia') -> SALTA
[18:42:20] Fila 107: sin puesto (depActual='Incontinencia') -> SALTA
[18:42:20] Fila 108: sin puesto (depActual='Incontinencia') -> SALTA
[18:42:20] Fila 109: sin puesto (depActual='Incontinencia') -> SALTA
[18:42:20] Fila 110: sin puesto (depActual='Incontinencia') -> SALTA
[18:42:20] Fila 111: sin puesto (depActual='Incontinencia') -> SALTA
[18:42:20] Fila 112: sin puesto (depActual='Incontinencia') -> SALTA
[18:42:20] Fila 113: sin puesto (depActual='Incontinencia') -> SALTA
[18:42:20] Fila 114: sin puesto (depActual='Incontinencia') -> SALTA
[18:42:20] Fila 115: sin puesto (depActual='Incontinencia') -> SALTA
[18:42:20] Fila 116: sin puesto (depActual='Incontinencia') -> SALTA
[18:42:20] Fila 117: sin puesto (depActual='Incontinencia') -> SALTA
[18:42:20] Fila 118: sin puesto (depActual='Incontinencia') -> SALTA
[18:42:20] Fila 119: sin puesto (depActual='Incontinencia') -> SALTA
[18:42:20] Fila 120: sin puesto (depActual='Incontinencia') -> SALTA
[18:42:20] Fila 121: sin puesto (depActual='Incontinencia') -> SALTA
[18:42:20] Fila 122: sin puesto (depActual='Incontinencia') -> SALTA
[18:42:20] Fila 123: sin puesto (depActual='Incontinencia') -> SALTA
[18:42:20] Fila 124: sin puesto (depActual='Incontinencia') -> SALTA
[18:42:20] Fila 125: sin puesto (depActual='Incontinencia') -> SALTA
[18:42:20] Fila 126: sin puesto (depActual='Incontinencia') -> SALTA
[18:42:20] Fila 127: sin puesto (depActual='Incontinencia') -> SALTA
[18:42:20] Fila 128: sin puesto (depActual='Incontinencia') -> SALTA
[18:42:20] Fila 129: sin puesto (depActual='Incontinencia') -> SALTA
[18:42:20] Fila 130: sin puesto (depActual='Incontinencia') -> SALTA
[18:42:20] Fila 131: sin puesto (depActual='Incontinencia') -> SALTA
[18:42:20] Fila 132: sin puesto (depActual='Incontinencia') -> SALTA
[18:42:20] Fila 133: sin puesto (depActual='Incontinencia') -> SALTA
[18:42:20] Fila 134: sin puesto (depActual='Incontinencia') -> SALTA
[18:42:20] Fila 135: sin puesto (depActual='Incontinencia') -> SALTA
[18:42:20] Fila 136: sin puesto (depActual='Incontinencia') -> SALTA
[18:42:20] Fila 137: sin puesto (depActual='Incontinencia') -> SALTA
[18:42:20] Fila 138: sin puesto (depActual='Incontinencia') -> SALTA
[18:42:20] Fila 139: sin puesto (depActual='Incontinencia') -> SALTA
[18:42:20] Fila 140: sin puesto (depActual='Incontinencia') -> SALTA
[18:42:20] Fila 141: sin puesto (depActual='Incontinencia') -> SALTA
[18:42:20] Fila 142: sin puesto (depActual='Incontinencia') -> SALTA
[18:42:20] Total de equipos encontrados: 8
[18:42:20] ========================================================
[18:44:08] ==================== NUEVA PETICION ====================
[18:44:08] Departamento recibido: 'Incontinencia'
[18:44:08] Puesto recibido: 'Técnico electrónico'
[18:44:08] Departamento normalizado: 'incontinencia'
[18:44:08] Puesto normalizado: 'tecnico electronico'
[18:44:08] Ruta Excel: C:\xampp\htdocs\Mes\KCMes\EPP\php/FO-OSHPS012-01_Identificación_y_selección_de_EPP.xlsx
[18:44:08] OK: archivo encontrado
[18:44:08] Hoja [0]: 'EPP'
[18:44:08] Hoja [1]: 'Tabla I.1'
[18:44:08] Hoja [2]: 'X supervisor'
[18:44:08] Hoja [3]: 'Para alta'
[18:44:08] Hoja activa: EPP
[18:44:08] Ultima fila con datos: 142
[18:44:08] Fila 6: dep='Contratistas' puesto='Soldador' | depOk=no puestoOk=no
[18:44:08] Fila 7: dep='Contratistas' puesto='Prevencionista' | depOk=no puestoOk=no
[18:44:08] Fila 8: dep='Contratistas' puesto='Ayudante general' | depOk=no puestoOk=no
[18:44:08] Fila 9: dep='Relaciones industriales' puesto='Ayudante general' | depOk=no puestoOk=no
[18:44:08] Fila 10: dep='Relaciones industriales' puesto='Guardia' | depOk=no puestoOk=no
[18:44:08] Fila 11: dep='Relaciones industriales' puesto='Ayudante general' | depOk=no puestoOk=no
[18:44:08] Fila 12: dep='Relaciones industriales' puesto='Personal de intentendencia' | depOk=no puestoOk=no
[18:44:08] Fila 13: dep='Servicios Auxiliares' puesto='Mecánico' | depOk=no puestoOk=no
[18:44:08] Fila 14: dep='Servicios Auxiliares' puesto='Mecánico' | depOk=no puestoOk=no
[18:44:08] Fila 15: dep='Servicios Auxiliares' puesto='Mecánico' | depOk=no puestoOk=no
[18:44:08] Fila 16: dep='Servicios Auxiliares' puesto='Mecánico' | depOk=no puestoOk=no
[18:44:08] Fila 17: dep='Servicios Auxiliares' puesto='Empacador' | depOk=no puestoOk=no
[18:44:08] Fila 18: dep='Telas NoTejidas' puesto='Superintendente mecatronico' | depOk=no puestoOk=no
[18:44:08] Fila 19: dep='Telas NoTejidas' puesto='Ing. Proceso' | depOk=no puestoOk=no
[18:44:08] Fila 20: dep='Telas NoTejidas' puesto='Conductor' | depOk=no puestoOk=no
[18:44:08] Fila 21: dep='Telas NoTejidas' puesto='Ayudante De Operador' | depOk=no puestoOk=no
[18:44:08] Fila 22: dep='Telas NoTejidas' puesto='Empacador' | depOk=no puestoOk=no
[18:44:08] Fila 23: dep='Telas NoTejidas' puesto='Líder de Operación' | depOk=no puestoOk=no
[18:44:08] Fila 24: dep='Telas NoTejidas' puesto='Tecnico Electronico' | depOk=no puestoOk=SI
[18:44:08] Fila 25: dep='Telas NoTejidas' puesto='Mecanico D' | depOk=no puestoOk=no
[18:44:08] Fila 26: dep='Telas NoTejidas' puesto='Mecanico B' | depOk=no puestoOk=no
[18:44:08] Fila 27: dep='Telas NoTejidas' puesto='Electrico D' | depOk=no puestoOk=no
[18:44:08] Fila 28: dep='Telas NoTejidas' puesto='Auxiliar Administrativo' | depOk=no puestoOk=no
[18:44:08] Fila 29: dep='Telas NoTejidas' puesto='Maestro en cardas' | depOk=no puestoOk=no
[18:44:08] Fila 30: dep='Almacén Materia Prima' puesto='Montacarguista' | depOk=no puestoOk=no
[18:44:08] Fila 31: dep='Almacén Materia Prima' puesto='Auxiliar Administrativo' | depOk=no puestoOk=no
[18:44:08] Fila 32: dep='Almacén Materia Prima' puesto='Supervisor' | depOk=no puestoOk=no
[18:44:08] Fila 33: dep='Almacén Materia Prima' puesto='Planeador' | depOk=no puestoOk=no
[18:44:08] Fila 34: dep='Almacén Materia Prima' puesto='Superintendente' | depOk=no puestoOk=no
[18:44:08] Fila 35: dep='Pañal' puesto='sellador' | depOk=no puestoOk=no
[18:44:08] Fila 36: dep='Pañal' puesto='Ing. Proceso' | depOk=no puestoOk=no
[18:44:08] Fila 37: dep='Pañal' puesto='Electrico' | depOk=no puestoOk=no
[18:44:08] Fila 38: dep='Pañal' puesto='Jefe de mantenimiento' | depOk=no puestoOk=no
[18:44:08] Fila 39: dep='Pañal' puesto='Planeador' | depOk=no puestoOk=no
[18:44:08] Fila 40: dep='Pañal' puesto='Electronico' | depOk=no puestoOk=SI
[18:44:08] Fila 41: dep='Pañal' puesto='Supervisor' | depOk=no puestoOk=no
[18:44:08] Fila 42: dep='Pañal' puesto='Super intendente' | depOk=no puestoOk=no
[18:44:08] Fila 43: dep='Pañal' puesto='Conductor' | depOk=no puestoOk=no
[18:44:08] Fila 44: dep='Pañal' puesto='Mecanico' | depOk=no puestoOk=no
[18:44:08] Fila 45: dep='Pañal' puesto='Empacador' | depOk=no puestoOk=no
[18:44:08] Fila 46: dep='Pañal' puesto='Gerente' | depOk=no puestoOk=no
[18:44:08] Fila 47: dep='Pañal' puesto='TSP' | depOk=no puestoOk=no
[18:44:08] Fila 48: dep='Pañal' puesto='Ayudannte' | depOk=no puestoOk=no
[18:44:08] Fila 49: dep='Protección femenina' puesto='Eléctrico' | depOk=no puestoOk=no
[18:44:08] Fila 50: dep='Protección femenina' puesto='Electrónico' | depOk=no puestoOk=SI
[18:44:08] Fila 51: dep='Protección femenina' puesto='Mecánico' | depOk=no puestoOk=no
[18:44:08] Fila 52: dep='Protección femenina' puesto='Ayudante' | depOk=no puestoOk=no
[18:44:08] Fila 53: dep='Protección femenina' puesto='Conductor' | depOk=no puestoOk=no
[18:44:08] Fila 54: dep='Protección femenina' puesto='Empacador' | depOk=no puestoOk=no
[18:44:08] Fila 55: dep='Protección femenina' puesto='Sellador de Linea' | depOk=no puestoOk=no
[18:44:08] Fila 56: dep='Protección femenina' puesto='TCP' | depOk=no puestoOk=no
[18:44:08] Fila 57: dep='Incontinencia' puesto='Gerente de Incontinencia' | depOk=SI puestoOk=no
[18:44:08] Fila 58: dep='Incontinencia' puesto='Superintendente  mantenimiento mecánico' | depOk=SI puestoOk=no
[18:44:08] Fila 59: dep='Incontinencia' puesto='Superintendente mantenimiento electrico' | depOk=SI puestoOk=no
[18:44:08] Fila 60: dep='Incontinencia' puesto='Superintendente de proceso' | depOk=SI puestoOk=no
[18:44:08] Fila 61: dep='Incontinencia' puesto='Supervisor produción' | depOk=SI puestoOk=no
[18:44:08] Fila 62: dep='Incontinencia' puesto='Supervisor Mecánico' | depOk=SI puestoOk=no
[18:44:08] Fila 63: dep='Incontinencia' puesto='Ing. de proceso' | depOk=SI puestoOk=no
[18:44:08] Fila 64: dep='Incontinencia' puesto='Planeador' | depOk=SI puestoOk=no
[18:44:08] Fila 65: dep='Incontinencia' puesto='Electronico' | depOk=SI puestoOk=SI
[18:44:08]    >>> MATCH en fila 65
[18:44:08]       + [Cabeza] B)        Casco dieléctrico
[18:44:08]       + [Ojos y cara] C)        Protector facial
[18:44:08]       + [Oídos] A)        Tapones auditivos
[18:44:08]       + [Aparato respiratorio] A)        Respirador contra partículas
[18:44:08]       + [Extremidades superiores] B)        Guantes dieléctricos
[18:44:08]       + [Tronco] F)      Ropa de alta visibilidad
[18:44:08]       + [Extremidades inferiores] C)        Calzado dieléctrico
[18:44:08]       + [Otros] A)        Equipo de protección contra caídas de altura
[18:44:08] Fila 66: dep='Incontinencia' puesto='Conductor de Maquina' | depOk=SI puestoOk=no
[18:44:08] Fila 67: dep='Incontinencia' puesto='Mecánico categorias A,B,C,D' | depOk=SI puestoOk=no
[18:44:08] Fila 68: dep='Incontinencia' puesto='Electrico categorias A,B,C,D' | depOk=SI puestoOk=no
[18:44:08] Fila 69: dep='Incontinencia' puesto='Ayudannte' | depOk=SI puestoOk=no
[18:44:08] Fila 70: dep='Incontinencia' puesto='sellador' | depOk=SI puestoOk=no
[18:44:08] Fila 71: dep='Incontinencia' puesto='Empacador' | depOk=SI puestoOk=no
[18:44:08] Fila 72: dep='Incontinencia' puesto='Mecánico especialista adhesivos' | depOk=SI puestoOk=no
[18:44:08] Fila 73: dep='Incontinencia' puesto='Mecánico con perfil maquinas herramientas' | depOk=SI puestoOk=no
[18:44:08] Fila 74: sin puesto (depActual='Incontinencia') -> SALTA
[18:44:08] Fila 75: sin puesto (depActual='Incontinencia') -> SALTA
[18:44:08] Fila 76: sin puesto (depActual='Incontinencia') -> SALTA
[18:44:08] Fila 77: sin puesto (depActual='Incontinencia') -> SALTA
[18:44:08] Fila 78: sin puesto (depActual='Incontinencia') -> SALTA
[18:44:08] Fila 79: sin puesto (depActual='Incontinencia') -> SALTA
[18:44:08] Fila 80: sin puesto (depActual='Incontinencia') -> SALTA
[18:44:08] Fila 81: sin puesto (depActual='Incontinencia') -> SALTA
[18:44:08] Fila 82: sin puesto (depActual='Incontinencia') -> SALTA
[18:44:08] Fila 83: sin puesto (depActual='Incontinencia') -> SALTA
[18:44:08] Fila 84: sin puesto (depActual='Incontinencia') -> SALTA
[18:44:08] Fila 85: sin puesto (depActual='Incontinencia') -> SALTA
[18:44:08] Fila 86: sin puesto (depActual='Incontinencia') -> SALTA
[18:44:08] Fila 87: sin puesto (depActual='Incontinencia') -> SALTA
[18:44:08] Fila 88: sin puesto (depActual='Incontinencia') -> SALTA
[18:44:08] Fila 89: sin puesto (depActual='Incontinencia') -> SALTA
[18:44:08] Fila 90: sin puesto (depActual='Incontinencia') -> SALTA
[18:44:08] Fila 91: sin puesto (depActual='Incontinencia') -> SALTA
[18:44:08] Fila 92: sin puesto (depActual='Incontinencia') -> SALTA
[18:44:08] Fila 93: sin puesto (depActual='Incontinencia') -> SALTA
[18:44:08] Fila 94: sin puesto (depActual='Incontinencia') -> SALTA
[18:44:08] Fila 95: sin puesto (depActual='Incontinencia') -> SALTA
[18:44:08] Fila 96: sin puesto (depActual='Incontinencia') -> SALTA
[18:44:08] Fila 97: sin puesto (depActual='Incontinencia') -> SALTA
[18:44:08] Fila 98: sin puesto (depActual='Incontinencia') -> SALTA
[18:44:08] Fila 99: sin puesto (depActual='Incontinencia') -> SALTA
[18:44:08] Fila 100: sin puesto (depActual='Incontinencia') -> SALTA
[18:44:08] Fila 101: sin puesto (depActual='Incontinencia') -> SALTA
[18:44:08] Fila 102: sin puesto (depActual='Incontinencia') -> SALTA
[18:44:08] Fila 103: sin puesto (depActual='Incontinencia') -> SALTA
[18:44:08] Fila 104: sin puesto (depActual='Incontinencia') -> SALTA
[18:44:08] Fila 105: sin puesto (depActual='Incontinencia') -> SALTA
[18:44:08] Fila 106: sin puesto (depActual='Incontinencia') -> SALTA
[18:44:08] Fila 107: sin puesto (depActual='Incontinencia') -> SALTA
[18:44:08] Fila 108: sin puesto (depActual='Incontinencia') -> SALTA
[18:44:08] Fila 109: sin puesto (depActual='Incontinencia') -> SALTA
[18:44:08] Fila 110: sin puesto (depActual='Incontinencia') -> SALTA
[18:44:08] Fila 111: sin puesto (depActual='Incontinencia') -> SALTA
[18:44:08] Fila 112: sin puesto (depActual='Incontinencia') -> SALTA
[18:44:08] Fila 113: sin puesto (depActual='Incontinencia') -> SALTA
[18:44:08] Fila 114: sin puesto (depActual='Incontinencia') -> SALTA
[18:44:08] Fila 115: sin puesto (depActual='Incontinencia') -> SALTA
[18:44:08] Fila 116: sin puesto (depActual='Incontinencia') -> SALTA
[18:44:08] Fila 117: sin puesto (depActual='Incontinencia') -> SALTA
[18:44:08] Fila 118: sin puesto (depActual='Incontinencia') -> SALTA
[18:44:08] Fila 119: sin puesto (depActual='Incontinencia') -> SALTA
[18:44:08] Fila 120: sin puesto (depActual='Incontinencia') -> SALTA
[18:44:08] Fila 121: sin puesto (depActual='Incontinencia') -> SALTA
[18:44:08] Fila 122: sin puesto (depActual='Incontinencia') -> SALTA
[18:44:08] Fila 123: sin puesto (depActual='Incontinencia') -> SALTA
[18:44:08] Fila 124: sin puesto (depActual='Incontinencia') -> SALTA
[18:44:08] Fila 125: sin puesto (depActual='Incontinencia') -> SALTA
[18:44:08] Fila 126: sin puesto (depActual='Incontinencia') -> SALTA
[18:44:08] Fila 127: sin puesto (depActual='Incontinencia') -> SALTA
[18:44:08] Fila 128: sin puesto (depActual='Incontinencia') -> SALTA
[18:44:08] Fila 129: sin puesto (depActual='Incontinencia') -> SALTA
[18:44:08] Fila 130: sin puesto (depActual='Incontinencia') -> SALTA
[18:44:08] Fila 131: sin puesto (depActual='Incontinencia') -> SALTA
[18:44:08] Fila 132: sin puesto (depActual='Incontinencia') -> SALTA
[18:44:08] Fila 133: sin puesto (depActual='Incontinencia') -> SALTA
[18:44:08] Fila 134: sin puesto (depActual='Incontinencia') -> SALTA
[18:44:08] Fila 135: sin puesto (depActual='Incontinencia') -> SALTA
[18:44:08] Fila 136: sin puesto (depActual='Incontinencia') -> SALTA
[18:44:08] Fila 137: sin puesto (depActual='Incontinencia') -> SALTA
[18:44:08] Fila 138: sin puesto (depActual='Incontinencia') -> SALTA
[18:44:08] Fila 139: sin puesto (depActual='Incontinencia') -> SALTA
[18:44:08] Fila 140: sin puesto (depActual='Incontinencia') -> SALTA
[18:44:08] Fila 141: sin puesto (depActual='Incontinencia') -> SALTA
[18:44:08] Fila 142: sin puesto (depActual='Incontinencia') -> SALTA
[18:44:08] Total de equipos encontrados: 8
[18:44:08] ========================================================
[18:44:40] ==================== NUEVA PETICION ====================
[18:44:40] Departamento recibido: 'Incontinencia'
[18:44:40] Puesto recibido: 'Técnico electrónico'
[18:44:40] Departamento normalizado: 'incontinencia'
[18:44:40] Puesto normalizado: 'tecnico electronico'
[18:44:40] Ruta Excel: C:\xampp\htdocs\Mes\KCMes\EPP\php/FO-OSHPS012-01_Identificación_y_selección_de_EPP.xlsx
[18:44:40] OK: archivo encontrado
[18:44:40] Hoja [0]: 'EPP'
[18:44:40] Hoja [1]: 'Tabla I.1'
[18:44:40] Hoja [2]: 'X supervisor'
[18:44:40] Hoja [3]: 'Para alta'
[18:44:40] Hoja activa: EPP
[18:44:40] Ultima fila con datos: 142
[18:44:40] Fila 6: dep='Contratistas' puesto='Soldador' | depOk=no puestoOk=no
[18:44:40] Fila 7: dep='Contratistas' puesto='Prevencionista' | depOk=no puestoOk=no
[18:44:40] Fila 8: dep='Contratistas' puesto='Ayudante general' | depOk=no puestoOk=no
[18:44:40] Fila 9: dep='Relaciones industriales' puesto='Ayudante general' | depOk=no puestoOk=no
[18:44:40] Fila 10: dep='Relaciones industriales' puesto='Guardia' | depOk=no puestoOk=no
[18:44:40] Fila 11: dep='Relaciones industriales' puesto='Ayudante general' | depOk=no puestoOk=no
[18:44:40] Fila 12: dep='Relaciones industriales' puesto='Personal de intentendencia' | depOk=no puestoOk=no
[18:44:40] Fila 13: dep='Servicios Auxiliares' puesto='Mecánico' | depOk=no puestoOk=no
[18:44:40] Fila 14: dep='Servicios Auxiliares' puesto='Mecánico' | depOk=no puestoOk=no
[18:44:40] Fila 15: dep='Servicios Auxiliares' puesto='Mecánico' | depOk=no puestoOk=no
[18:44:40] Fila 16: dep='Servicios Auxiliares' puesto='Mecánico' | depOk=no puestoOk=no
[18:44:40] Fila 17: dep='Servicios Auxiliares' puesto='Empacador' | depOk=no puestoOk=no
[18:44:40] Fila 18: dep='Telas NoTejidas' puesto='Superintendente mecatronico' | depOk=no puestoOk=no
[18:44:40] Fila 19: dep='Telas NoTejidas' puesto='Ing. Proceso' | depOk=no puestoOk=no
[18:44:40] Fila 20: dep='Telas NoTejidas' puesto='Conductor' | depOk=no puestoOk=no
[18:44:40] Fila 21: dep='Telas NoTejidas' puesto='Ayudante De Operador' | depOk=no puestoOk=no
[18:44:40] Fila 22: dep='Telas NoTejidas' puesto='Empacador' | depOk=no puestoOk=no
[18:44:40] Fila 23: dep='Telas NoTejidas' puesto='Líder de Operación' | depOk=no puestoOk=no
[18:44:40] Fila 24: dep='Telas NoTejidas' puesto='Tecnico Electronico' | depOk=no puestoOk=SI
[18:44:40] Fila 25: dep='Telas NoTejidas' puesto='Mecanico D' | depOk=no puestoOk=no
[18:44:40] Fila 26: dep='Telas NoTejidas' puesto='Mecanico B' | depOk=no puestoOk=no
[18:44:40] Fila 27: dep='Telas NoTejidas' puesto='Electrico D' | depOk=no puestoOk=no
[18:44:40] Fila 28: dep='Telas NoTejidas' puesto='Auxiliar Administrativo' | depOk=no puestoOk=no
[18:44:40] Fila 29: dep='Telas NoTejidas' puesto='Maestro en cardas' | depOk=no puestoOk=no
[18:44:40] Fila 30: dep='Almacén Materia Prima' puesto='Montacarguista' | depOk=no puestoOk=no
[18:44:40] Fila 31: dep='Almacén Materia Prima' puesto='Auxiliar Administrativo' | depOk=no puestoOk=no
[18:44:40] Fila 32: dep='Almacén Materia Prima' puesto='Supervisor' | depOk=no puestoOk=no
[18:44:40] Fila 33: dep='Almacén Materia Prima' puesto='Planeador' | depOk=no puestoOk=no
[18:44:40] Fila 34: dep='Almacén Materia Prima' puesto='Superintendente' | depOk=no puestoOk=no
[18:44:40] Fila 35: dep='Pañal' puesto='sellador' | depOk=no puestoOk=no
[18:44:40] Fila 36: dep='Pañal' puesto='Ing. Proceso' | depOk=no puestoOk=no
[18:44:40] Fila 37: dep='Pañal' puesto='Electrico' | depOk=no puestoOk=no
[18:44:40] Fila 38: dep='Pañal' puesto='Jefe de mantenimiento' | depOk=no puestoOk=no
[18:44:40] Fila 39: dep='Pañal' puesto='Planeador' | depOk=no puestoOk=no
[18:44:40] Fila 40: dep='Pañal' puesto='Electronico' | depOk=no puestoOk=SI
[18:44:40] Fila 41: dep='Pañal' puesto='Supervisor' | depOk=no puestoOk=no
[18:44:40] Fila 42: dep='Pañal' puesto='Super intendente' | depOk=no puestoOk=no
[18:44:40] Fila 43: dep='Pañal' puesto='Conductor' | depOk=no puestoOk=no
[18:44:40] Fila 44: dep='Pañal' puesto='Mecanico' | depOk=no puestoOk=no
[18:44:40] Fila 45: dep='Pañal' puesto='Empacador' | depOk=no puestoOk=no
[18:44:40] Fila 46: dep='Pañal' puesto='Gerente' | depOk=no puestoOk=no
[18:44:40] Fila 47: dep='Pañal' puesto='TSP' | depOk=no puestoOk=no
[18:44:40] Fila 48: dep='Pañal' puesto='Ayudannte' | depOk=no puestoOk=no
[18:44:40] Fila 49: dep='Protección femenina' puesto='Eléctrico' | depOk=no puestoOk=no
[18:44:40] Fila 50: dep='Protección femenina' puesto='Electrónico' | depOk=no puestoOk=SI
[18:44:40] Fila 51: dep='Protección femenina' puesto='Mecánico' | depOk=no puestoOk=no
[18:44:40] Fila 52: dep='Protección femenina' puesto='Ayudante' | depOk=no puestoOk=no
[18:44:40] Fila 53: dep='Protección femenina' puesto='Conductor' | depOk=no puestoOk=no
[18:44:40] Fila 54: dep='Protección femenina' puesto='Empacador' | depOk=no puestoOk=no
[18:44:40] Fila 55: dep='Protección femenina' puesto='Sellador de Linea' | depOk=no puestoOk=no
[18:44:40] Fila 56: dep='Protección femenina' puesto='TCP' | depOk=no puestoOk=no
[18:44:40] Fila 57: dep='Incontinencia' puesto='Gerente de Incontinencia' | depOk=SI puestoOk=no
[18:44:40] Fila 58: dep='Incontinencia' puesto='Superintendente  mantenimiento mecánico' | depOk=SI puestoOk=no
[18:44:40] Fila 59: dep='Incontinencia' puesto='Superintendente mantenimiento electrico' | depOk=SI puestoOk=no
[18:44:40] Fila 60: dep='Incontinencia' puesto='Superintendente de proceso' | depOk=SI puestoOk=no
[18:44:40] Fila 61: dep='Incontinencia' puesto='Supervisor produción' | depOk=SI puestoOk=no
[18:44:40] Fila 62: dep='Incontinencia' puesto='Supervisor Mecánico' | depOk=SI puestoOk=no
[18:44:40] Fila 63: dep='Incontinencia' puesto='Ing. de proceso' | depOk=SI puestoOk=no
[18:44:40] Fila 64: dep='Incontinencia' puesto='Planeador' | depOk=SI puestoOk=no
[18:44:40] Fila 65: dep='Incontinencia' puesto='Electronico' | depOk=SI puestoOk=SI
[18:44:40]    >>> MATCH en fila 65
[18:44:40]       + [Cabeza] B)        Casco dieléctrico
[18:44:40]       + [Ojos y cara] C)        Protector facial
[18:44:40]       + [Oídos] A)        Tapones auditivos
[18:44:40]       + [Aparato respiratorio] A)        Respirador contra partículas
[18:44:40]       + [Extremidades superiores] B)        Guantes dieléctricos
[18:44:40]       + [Tronco] F)      Ropa de alta visibilidad
[18:44:40]       + [Extremidades inferiores] C)        Calzado dieléctrico
[18:44:40]       + [Otros] A)        Equipo de protección contra caídas de altura
[18:44:40] Fila 66: dep='Incontinencia' puesto='Conductor de Maquina' | depOk=SI puestoOk=no
[18:44:40] Fila 67: dep='Incontinencia' puesto='Mecánico categorias A,B,C,D' | depOk=SI puestoOk=no
[18:44:40] Fila 68: dep='Incontinencia' puesto='Electrico categorias A,B,C,D' | depOk=SI puestoOk=no
[18:44:40] Fila 69: dep='Incontinencia' puesto='Ayudannte' | depOk=SI puestoOk=no
[18:44:40] Fila 70: dep='Incontinencia' puesto='sellador' | depOk=SI puestoOk=no
[18:44:40] Fila 71: dep='Incontinencia' puesto='Empacador' | depOk=SI puestoOk=no
[18:44:40] Fila 72: dep='Incontinencia' puesto='Mecánico especialista adhesivos' | depOk=SI puestoOk=no
[18:44:40] Fila 73: dep='Incontinencia' puesto='Mecánico con perfil maquinas herramientas' | depOk=SI puestoOk=no
[18:44:40] Fila 74: sin puesto (depActual='Incontinencia') -> SALTA
[18:44:40] Fila 75: sin puesto (depActual='Incontinencia') -> SALTA
[18:44:40] Fila 76: sin puesto (depActual='Incontinencia') -> SALTA
[18:44:40] Fila 77: sin puesto (depActual='Incontinencia') -> SALTA
[18:44:40] Fila 78: sin puesto (depActual='Incontinencia') -> SALTA
[18:44:40] Fila 79: sin puesto (depActual='Incontinencia') -> SALTA
[18:44:40] Fila 80: sin puesto (depActual='Incontinencia') -> SALTA
[18:44:40] Fila 81: sin puesto (depActual='Incontinencia') -> SALTA
[18:44:40] Fila 82: sin puesto (depActual='Incontinencia') -> SALTA
[18:44:40] Fila 83: sin puesto (depActual='Incontinencia') -> SALTA
[18:44:40] Fila 84: sin puesto (depActual='Incontinencia') -> SALTA
[18:44:40] Fila 85: sin puesto (depActual='Incontinencia') -> SALTA
[18:44:40] Fila 86: sin puesto (depActual='Incontinencia') -> SALTA
[18:44:40] Fila 87: sin puesto (depActual='Incontinencia') -> SALTA
[18:44:40] Fila 88: sin puesto (depActual='Incontinencia') -> SALTA
[18:44:40] Fila 89: sin puesto (depActual='Incontinencia') -> SALTA
[18:44:40] Fila 90: sin puesto (depActual='Incontinencia') -> SALTA
[18:44:40] Fila 91: sin puesto (depActual='Incontinencia') -> SALTA
[18:44:40] Fila 92: sin puesto (depActual='Incontinencia') -> SALTA
[18:44:40] Fila 93: sin puesto (depActual='Incontinencia') -> SALTA
[18:44:40] Fila 94: sin puesto (depActual='Incontinencia') -> SALTA
[18:44:40] Fila 95: sin puesto (depActual='Incontinencia') -> SALTA
[18:44:40] Fila 96: sin puesto (depActual='Incontinencia') -> SALTA
[18:44:40] Fila 97: sin puesto (depActual='Incontinencia') -> SALTA
[18:44:40] Fila 98: sin puesto (depActual='Incontinencia') -> SALTA
[18:44:40] Fila 99: sin puesto (depActual='Incontinencia') -> SALTA
[18:44:40] Fila 100: sin puesto (depActual='Incontinencia') -> SALTA
[18:44:40] Fila 101: sin puesto (depActual='Incontinencia') -> SALTA
[18:44:40] Fila 102: sin puesto (depActual='Incontinencia') -> SALTA
[18:44:40] Fila 103: sin puesto (depActual='Incontinencia') -> SALTA
[18:44:40] Fila 104: sin puesto (depActual='Incontinencia') -> SALTA
[18:44:40] Fila 105: sin puesto (depActual='Incontinencia') -> SALTA
[18:44:40] Fila 106: sin puesto (depActual='Incontinencia') -> SALTA
[18:44:40] Fila 107: sin puesto (depActual='Incontinencia') -> SALTA
[18:44:40] Fila 108: sin puesto (depActual='Incontinencia') -> SALTA
[18:44:40] Fila 109: sin puesto (depActual='Incontinencia') -> SALTA
[18:44:40] Fila 110: sin puesto (depActual='Incontinencia') -> SALTA
[18:44:40] Fila 111: sin puesto (depActual='Incontinencia') -> SALTA
[18:44:40] Fila 112: sin puesto (depActual='Incontinencia') -> SALTA
[18:44:40] Fila 113: sin puesto (depActual='Incontinencia') -> SALTA
[18:44:40] Fila 114: sin puesto (depActual='Incontinencia') -> SALTA
[18:44:40] Fila 115: sin puesto (depActual='Incontinencia') -> SALTA
[18:44:40] Fila 116: sin puesto (depActual='Incontinencia') -> SALTA
[18:44:40] Fila 117: sin puesto (depActual='Incontinencia') -> SALTA
[18:44:40] Fila 118: sin puesto (depActual='Incontinencia') -> SALTA
[18:44:40] Fila 119: sin puesto (depActual='Incontinencia') -> SALTA
[18:44:40] Fila 120: sin puesto (depActual='Incontinencia') -> SALTA
[18:44:40] Fila 121: sin puesto (depActual='Incontinencia') -> SALTA
[18:44:40] Fila 122: sin puesto (depActual='Incontinencia') -> SALTA
[18:44:40] Fila 123: sin puesto (depActual='Incontinencia') -> SALTA
[18:44:40] Fila 124: sin puesto (depActual='Incontinencia') -> SALTA
[18:44:40] Fila 125: sin puesto (depActual='Incontinencia') -> SALTA
[18:44:40] Fila 126: sin puesto (depActual='Incontinencia') -> SALTA
[18:44:40] Fila 127: sin puesto (depActual='Incontinencia') -> SALTA
[18:44:40] Fila 128: sin puesto (depActual='Incontinencia') -> SALTA
[18:44:40] Fila 129: sin puesto (depActual='Incontinencia') -> SALTA
[18:44:40] Fila 130: sin puesto (depActual='Incontinencia') -> SALTA
[18:44:40] Fila 131: sin puesto (depActual='Incontinencia') -> SALTA
[18:44:40] Fila 132: sin puesto (depActual='Incontinencia') -> SALTA
[18:44:40] Fila 133: sin puesto (depActual='Incontinencia') -> SALTA
[18:44:40] Fila 134: sin puesto (depActual='Incontinencia') -> SALTA
[18:44:40] Fila 135: sin puesto (depActual='Incontinencia') -> SALTA
[18:44:40] Fila 136: sin puesto (depActual='Incontinencia') -> SALTA
[18:44:40] Fila 137: sin puesto (depActual='Incontinencia') -> SALTA
[18:44:40] Fila 138: sin puesto (depActual='Incontinencia') -> SALTA
[18:44:40] Fila 139: sin puesto (depActual='Incontinencia') -> SALTA
[18:44:40] Fila 140: sin puesto (depActual='Incontinencia') -> SALTA
[18:44:40] Fila 141: sin puesto (depActual='Incontinencia') -> SALTA
[18:44:40] Fila 142: sin puesto (depActual='Incontinencia') -> SALTA
[18:44:40] Total de equipos encontrados: 8
[18:44:40] ========================================================
[18:44:56] ==================== NUEVA PETICION ====================
[18:44:56] Departamento recibido: 'Incontinencia'
[18:44:56] Puesto recibido: 'Técnico electrónico'
[18:44:56] Departamento normalizado: 'incontinencia'
[18:44:56] Puesto normalizado: 'tecnico electronico'
[18:44:56] Ruta Excel: C:\xampp\htdocs\Mes\KCMes\EPP\php/FO-OSHPS012-01_Identificación_y_selección_de_EPP.xlsx
[18:44:56] OK: archivo encontrado
[18:44:57] Hoja [0]: 'EPP'
[18:44:57] Hoja [1]: 'Tabla I.1'
[18:44:57] Hoja [2]: 'X supervisor'
[18:44:57] Hoja [3]: 'Para alta'
[18:44:57] Hoja activa: EPP
[18:44:57] Ultima fila con datos: 142
[18:44:57] Fila 6: dep='Contratistas' puesto='Soldador' | depOk=no puestoOk=no
[18:44:57] Fila 7: dep='Contratistas' puesto='Prevencionista' | depOk=no puestoOk=no
[18:44:57] Fila 8: dep='Contratistas' puesto='Ayudante general' | depOk=no puestoOk=no
[18:44:57] Fila 9: dep='Relaciones industriales' puesto='Ayudante general' | depOk=no puestoOk=no
[18:44:57] Fila 10: dep='Relaciones industriales' puesto='Guardia' | depOk=no puestoOk=no
[18:44:57] Fila 11: dep='Relaciones industriales' puesto='Ayudante general' | depOk=no puestoOk=no
[18:44:57] Fila 12: dep='Relaciones industriales' puesto='Personal de intentendencia' | depOk=no puestoOk=no
[18:44:57] Fila 13: dep='Servicios Auxiliares' puesto='Mecánico' | depOk=no puestoOk=no
[18:44:57] Fila 14: dep='Servicios Auxiliares' puesto='Mecánico' | depOk=no puestoOk=no
[18:44:57] Fila 15: dep='Servicios Auxiliares' puesto='Mecánico' | depOk=no puestoOk=no
[18:44:57] Fila 16: dep='Servicios Auxiliares' puesto='Mecánico' | depOk=no puestoOk=no
[18:44:57] Fila 17: dep='Servicios Auxiliares' puesto='Empacador' | depOk=no puestoOk=no
[18:44:57] Fila 18: dep='Telas NoTejidas' puesto='Superintendente mecatronico' | depOk=no puestoOk=no
[18:44:57] Fila 19: dep='Telas NoTejidas' puesto='Ing. Proceso' | depOk=no puestoOk=no
[18:44:57] Fila 20: dep='Telas NoTejidas' puesto='Conductor' | depOk=no puestoOk=no
[18:44:57] Fila 21: dep='Telas NoTejidas' puesto='Ayudante De Operador' | depOk=no puestoOk=no
[18:44:57] Fila 22: dep='Telas NoTejidas' puesto='Empacador' | depOk=no puestoOk=no
[18:44:57] Fila 23: dep='Telas NoTejidas' puesto='Líder de Operación' | depOk=no puestoOk=no
[18:44:57] Fila 24: dep='Telas NoTejidas' puesto='Tecnico Electronico' | depOk=no puestoOk=SI
[18:44:57] Fila 25: dep='Telas NoTejidas' puesto='Mecanico D' | depOk=no puestoOk=no
[18:44:57] Fila 26: dep='Telas NoTejidas' puesto='Mecanico B' | depOk=no puestoOk=no
[18:44:57] Fila 27: dep='Telas NoTejidas' puesto='Electrico D' | depOk=no puestoOk=no
[18:44:57] Fila 28: dep='Telas NoTejidas' puesto='Auxiliar Administrativo' | depOk=no puestoOk=no
[18:44:57] Fila 29: dep='Telas NoTejidas' puesto='Maestro en cardas' | depOk=no puestoOk=no
[18:44:57] Fila 30: dep='Almacén Materia Prima' puesto='Montacarguista' | depOk=no puestoOk=no
[18:44:57] Fila 31: dep='Almacén Materia Prima' puesto='Auxiliar Administrativo' | depOk=no puestoOk=no
[18:44:57] Fila 32: dep='Almacén Materia Prima' puesto='Supervisor' | depOk=no puestoOk=no
[18:44:57] Fila 33: dep='Almacén Materia Prima' puesto='Planeador' | depOk=no puestoOk=no
[18:44:57] Fila 34: dep='Almacén Materia Prima' puesto='Superintendente' | depOk=no puestoOk=no
[18:44:57] Fila 35: dep='Pañal' puesto='sellador' | depOk=no puestoOk=no
[18:44:57] Fila 36: dep='Pañal' puesto='Ing. Proceso' | depOk=no puestoOk=no
[18:44:57] Fila 37: dep='Pañal' puesto='Electrico' | depOk=no puestoOk=no
[18:44:57] Fila 38: dep='Pañal' puesto='Jefe de mantenimiento' | depOk=no puestoOk=no
[18:44:57] Fila 39: dep='Pañal' puesto='Planeador' | depOk=no puestoOk=no
[18:44:57] Fila 40: dep='Pañal' puesto='Electronico' | depOk=no puestoOk=SI
[18:44:57] Fila 41: dep='Pañal' puesto='Supervisor' | depOk=no puestoOk=no
[18:44:57] Fila 42: dep='Pañal' puesto='Super intendente' | depOk=no puestoOk=no
[18:44:57] Fila 43: dep='Pañal' puesto='Conductor' | depOk=no puestoOk=no
[18:44:57] Fila 44: dep='Pañal' puesto='Mecanico' | depOk=no puestoOk=no
[18:44:57] Fila 45: dep='Pañal' puesto='Empacador' | depOk=no puestoOk=no
[18:44:57] Fila 46: dep='Pañal' puesto='Gerente' | depOk=no puestoOk=no
[18:44:57] Fila 47: dep='Pañal' puesto='TSP' | depOk=no puestoOk=no
[18:44:57] Fila 48: dep='Pañal' puesto='Ayudannte' | depOk=no puestoOk=no
[18:44:57] Fila 49: dep='Protección femenina' puesto='Eléctrico' | depOk=no puestoOk=no
[18:44:57] Fila 50: dep='Protección femenina' puesto='Electrónico' | depOk=no puestoOk=SI
[18:44:57] Fila 51: dep='Protección femenina' puesto='Mecánico' | depOk=no puestoOk=no
[18:44:57] Fila 52: dep='Protección femenina' puesto='Ayudante' | depOk=no puestoOk=no
[18:44:57] Fila 53: dep='Protección femenina' puesto='Conductor' | depOk=no puestoOk=no
[18:44:57] Fila 54: dep='Protección femenina' puesto='Empacador' | depOk=no puestoOk=no
[18:44:57] Fila 55: dep='Protección femenina' puesto='Sellador de Linea' | depOk=no puestoOk=no
[18:44:57] Fila 56: dep='Protección femenina' puesto='TCP' | depOk=no puestoOk=no
[18:44:57] Fila 57: dep='Incontinencia' puesto='Gerente de Incontinencia' | depOk=SI puestoOk=no
[18:44:57] Fila 58: dep='Incontinencia' puesto='Superintendente  mantenimiento mecánico' | depOk=SI puestoOk=no
[18:44:57] Fila 59: dep='Incontinencia' puesto='Superintendente mantenimiento electrico' | depOk=SI puestoOk=no
[18:44:57] Fila 60: dep='Incontinencia' puesto='Superintendente de proceso' | depOk=SI puestoOk=no
[18:44:57] Fila 61: dep='Incontinencia' puesto='Supervisor produción' | depOk=SI puestoOk=no
[18:44:57] Fila 62: dep='Incontinencia' puesto='Supervisor Mecánico' | depOk=SI puestoOk=no
[18:44:57] Fila 63: dep='Incontinencia' puesto='Ing. de proceso' | depOk=SI puestoOk=no
[18:44:57] Fila 64: dep='Incontinencia' puesto='Planeador' | depOk=SI puestoOk=no
[18:44:57] Fila 65: dep='Incontinencia' puesto='Electronico' | depOk=SI puestoOk=SI
[18:44:57]    >>> MATCH en fila 65
[18:44:57]       + [Cabeza] B)        Casco dieléctrico
[18:44:57]       + [Ojos y cara] C)        Protector facial
[18:44:57]       + [Oídos] A)        Tapones auditivos
[18:44:57]       + [Aparato respiratorio] A)        Respirador contra partículas
[18:44:57]       + [Extremidades superiores] B)        Guantes dieléctricos
[18:44:57]       + [Tronco] F)      Ropa de alta visibilidad
[18:44:57]       + [Extremidades inferiores] C)        Calzado dieléctrico
[18:44:57]       + [Otros] A)        Equipo de protección contra caídas de altura
[18:44:57] Fila 66: dep='Incontinencia' puesto='Conductor de Maquina' | depOk=SI puestoOk=no
[18:44:57] Fila 67: dep='Incontinencia' puesto='Mecánico categorias A,B,C,D' | depOk=SI puestoOk=no
[18:44:57] Fila 68: dep='Incontinencia' puesto='Electrico categorias A,B,C,D' | depOk=SI puestoOk=no
[18:44:57] Fila 69: dep='Incontinencia' puesto='Ayudannte' | depOk=SI puestoOk=no
[18:44:57] Fila 70: dep='Incontinencia' puesto='sellador' | depOk=SI puestoOk=no
[18:44:57] Fila 71: dep='Incontinencia' puesto='Empacador' | depOk=SI puestoOk=no
[18:44:57] Fila 72: dep='Incontinencia' puesto='Mecánico especialista adhesivos' | depOk=SI puestoOk=no
[18:44:57] Fila 73: dep='Incontinencia' puesto='Mecánico con perfil maquinas herramientas' | depOk=SI puestoOk=no
[18:44:57] Fila 74: sin puesto (depActual='Incontinencia') -> SALTA
[18:44:57] Fila 75: sin puesto (depActual='Incontinencia') -> SALTA
[18:44:57] Fila 76: sin puesto (depActual='Incontinencia') -> SALTA
[18:44:57] Fila 77: sin puesto (depActual='Incontinencia') -> SALTA
[18:44:57] Fila 78: sin puesto (depActual='Incontinencia') -> SALTA
[18:44:57] Fila 79: sin puesto (depActual='Incontinencia') -> SALTA
[18:44:57] Fila 80: sin puesto (depActual='Incontinencia') -> SALTA
[18:44:57] Fila 81: sin puesto (depActual='Incontinencia') -> SALTA
[18:44:57] Fila 82: sin puesto (depActual='Incontinencia') -> SALTA
[18:44:57] Fila 83: sin puesto (depActual='Incontinencia') -> SALTA
[18:44:57] Fila 84: sin puesto (depActual='Incontinencia') -> SALTA
[18:44:57] Fila 85: sin puesto (depActual='Incontinencia') -> SALTA
[18:44:57] Fila 86: sin puesto (depActual='Incontinencia') -> SALTA
[18:44:57] Fila 87: sin puesto (depActual='Incontinencia') -> SALTA
[18:44:57] Fila 88: sin puesto (depActual='Incontinencia') -> SALTA
[18:44:57] Fila 89: sin puesto (depActual='Incontinencia') -> SALTA
[18:44:57] Fila 90: sin puesto (depActual='Incontinencia') -> SALTA
[18:44:57] Fila 91: sin puesto (depActual='Incontinencia') -> SALTA
[18:44:57] Fila 92: sin puesto (depActual='Incontinencia') -> SALTA
[18:44:57] Fila 93: sin puesto (depActual='Incontinencia') -> SALTA
[18:44:57] Fila 94: sin puesto (depActual='Incontinencia') -> SALTA
[18:44:57] Fila 95: sin puesto (depActual='Incontinencia') -> SALTA
[18:44:57] Fila 96: sin puesto (depActual='Incontinencia') -> SALTA
[18:44:57] Fila 97: sin puesto (depActual='Incontinencia') -> SALTA
[18:44:57] Fila 98: sin puesto (depActual='Incontinencia') -> SALTA
[18:44:57] Fila 99: sin puesto (depActual='Incontinencia') -> SALTA
[18:44:57] Fila 100: sin puesto (depActual='Incontinencia') -> SALTA
[18:44:57] Fila 101: sin puesto (depActual='Incontinencia') -> SALTA
[18:44:57] Fila 102: sin puesto (depActual='Incontinencia') -> SALTA
[18:44:57] Fila 103: sin puesto (depActual='Incontinencia') -> SALTA
[18:44:57] Fila 104: sin puesto (depActual='Incontinencia') -> SALTA
[18:44:57] Fila 105: sin puesto (depActual='Incontinencia') -> SALTA
[18:44:57] Fila 106: sin puesto (depActual='Incontinencia') -> SALTA
[18:44:57] Fila 107: sin puesto (depActual='Incontinencia') -> SALTA
[18:44:57] Fila 108: sin puesto (depActual='Incontinencia') -> SALTA
[18:44:57] Fila 109: sin puesto (depActual='Incontinencia') -> SALTA
[18:44:57] Fila 110: sin puesto (depActual='Incontinencia') -> SALTA
[18:44:57] Fila 111: sin puesto (depActual='Incontinencia') -> SALTA
[18:44:57] Fila 112: sin puesto (depActual='Incontinencia') -> SALTA
[18:44:57] Fila 113: sin puesto (depActual='Incontinencia') -> SALTA
[18:44:57] Fila 114: sin puesto (depActual='Incontinencia') -> SALTA
[18:44:57] Fila 115: sin puesto (depActual='Incontinencia') -> SALTA
[18:44:57] Fila 116: sin puesto (depActual='Incontinencia') -> SALTA
[18:44:57] Fila 117: sin puesto (depActual='Incontinencia') -> SALTA
[18:44:57] Fila 118: sin puesto (depActual='Incontinencia') -> SALTA
[18:44:57] Fila 119: sin puesto (depActual='Incontinencia') -> SALTA
[18:44:57] Fila 120: sin puesto (depActual='Incontinencia') -> SALTA
[18:44:57] Fila 121: sin puesto (depActual='Incontinencia') -> SALTA
[18:44:57] Fila 122: sin puesto (depActual='Incontinencia') -> SALTA
[18:44:57] Fila 123: sin puesto (depActual='Incontinencia') -> SALTA
[18:44:57] Fila 124: sin puesto (depActual='Incontinencia') -> SALTA
[18:44:57] Fila 125: sin puesto (depActual='Incontinencia') -> SALTA
[18:44:57] Fila 126: sin puesto (depActual='Incontinencia') -> SALTA
[18:44:57] Fila 127: sin puesto (depActual='Incontinencia') -> SALTA
[18:44:57] Fila 128: sin puesto (depActual='Incontinencia') -> SALTA
[18:44:57] Fila 129: sin puesto (depActual='Incontinencia') -> SALTA
[18:44:57] Fila 130: sin puesto (depActual='Incontinencia') -> SALTA
[18:44:57] Fila 131: sin puesto (depActual='Incontinencia') -> SALTA
[18:44:57] Fila 132: sin puesto (depActual='Incontinencia') -> SALTA
[18:44:57] Fila 133: sin puesto (depActual='Incontinencia') -> SALTA
[18:44:57] Fila 134: sin puesto (depActual='Incontinencia') -> SALTA
[18:44:57] Fila 135: sin puesto (depActual='Incontinencia') -> SALTA
[18:44:57] Fila 136: sin puesto (depActual='Incontinencia') -> SALTA
[18:44:57] Fila 137: sin puesto (depActual='Incontinencia') -> SALTA
[18:44:57] Fila 138: sin puesto (depActual='Incontinencia') -> SALTA
[18:44:57] Fila 139: sin puesto (depActual='Incontinencia') -> SALTA
[18:44:57] Fila 140: sin puesto (depActual='Incontinencia') -> SALTA
[18:44:57] Fila 141: sin puesto (depActual='Incontinencia') -> SALTA
[18:44:57] Fila 142: sin puesto (depActual='Incontinencia') -> SALTA
[18:44:57] Total de equipos encontrados: 8
[18:44:57] ========================================================
[18:45:03] ==================== NUEVA PETICION ====================
[18:45:03] Departamento recibido: 'Incontinencia'
[18:45:03] Puesto recibido: 'Técnico electrónico'
[18:45:03] Departamento normalizado: 'incontinencia'
[18:45:03] Puesto normalizado: 'tecnico electronico'
[18:45:03] Ruta Excel: C:\xampp\htdocs\Mes\KCMes\EPP\php/FO-OSHPS012-01_Identificación_y_selección_de_EPP.xlsx
[18:45:03] OK: archivo encontrado
[18:45:03] Hoja [0]: 'EPP'
[18:45:03] Hoja [1]: 'Tabla I.1'
[18:45:03] Hoja [2]: 'X supervisor'
[18:45:03] Hoja [3]: 'Para alta'
[18:45:03] Hoja activa: EPP
[18:45:03] Ultima fila con datos: 142
[18:45:03] Fila 6: dep='Contratistas' puesto='Soldador' | depOk=no puestoOk=no
[18:45:03] Fila 7: dep='Contratistas' puesto='Prevencionista' | depOk=no puestoOk=no
[18:45:03] Fila 8: dep='Contratistas' puesto='Ayudante general' | depOk=no puestoOk=no
[18:45:03] Fila 9: dep='Relaciones industriales' puesto='Ayudante general' | depOk=no puestoOk=no
[18:45:03] Fila 10: dep='Relaciones industriales' puesto='Guardia' | depOk=no puestoOk=no
[18:45:03] Fila 11: dep='Relaciones industriales' puesto='Ayudante general' | depOk=no puestoOk=no
[18:45:03] Fila 12: dep='Relaciones industriales' puesto='Personal de intentendencia' | depOk=no puestoOk=no
[18:45:03] Fila 13: dep='Servicios Auxiliares' puesto='Mecánico' | depOk=no puestoOk=no
[18:45:03] Fila 14: dep='Servicios Auxiliares' puesto='Mecánico' | depOk=no puestoOk=no
[18:45:03] Fila 15: dep='Servicios Auxiliares' puesto='Mecánico' | depOk=no puestoOk=no
[18:45:03] Fila 16: dep='Servicios Auxiliares' puesto='Mecánico' | depOk=no puestoOk=no
[18:45:03] Fila 17: dep='Servicios Auxiliares' puesto='Empacador' | depOk=no puestoOk=no
[18:45:03] Fila 18: dep='Telas NoTejidas' puesto='Superintendente mecatronico' | depOk=no puestoOk=no
[18:45:03] Fila 19: dep='Telas NoTejidas' puesto='Ing. Proceso' | depOk=no puestoOk=no
[18:45:03] Fila 20: dep='Telas NoTejidas' puesto='Conductor' | depOk=no puestoOk=no
[18:45:03] Fila 21: dep='Telas NoTejidas' puesto='Ayudante De Operador' | depOk=no puestoOk=no
[18:45:03] Fila 22: dep='Telas NoTejidas' puesto='Empacador' | depOk=no puestoOk=no
[18:45:03] Fila 23: dep='Telas NoTejidas' puesto='Líder de Operación' | depOk=no puestoOk=no
[18:45:03] Fila 24: dep='Telas NoTejidas' puesto='Tecnico Electronico' | depOk=no puestoOk=SI
[18:45:03] Fila 25: dep='Telas NoTejidas' puesto='Mecanico D' | depOk=no puestoOk=no
[18:45:03] Fila 26: dep='Telas NoTejidas' puesto='Mecanico B' | depOk=no puestoOk=no
[18:45:03] Fila 27: dep='Telas NoTejidas' puesto='Electrico D' | depOk=no puestoOk=no
[18:45:03] Fila 28: dep='Telas NoTejidas' puesto='Auxiliar Administrativo' | depOk=no puestoOk=no
[18:45:03] Fila 29: dep='Telas NoTejidas' puesto='Maestro en cardas' | depOk=no puestoOk=no
[18:45:03] Fila 30: dep='Almacén Materia Prima' puesto='Montacarguista' | depOk=no puestoOk=no
[18:45:03] Fila 31: dep='Almacén Materia Prima' puesto='Auxiliar Administrativo' | depOk=no puestoOk=no
[18:45:03] Fila 32: dep='Almacén Materia Prima' puesto='Supervisor' | depOk=no puestoOk=no
[18:45:03] Fila 33: dep='Almacén Materia Prima' puesto='Planeador' | depOk=no puestoOk=no
[18:45:03] Fila 34: dep='Almacén Materia Prima' puesto='Superintendente' | depOk=no puestoOk=no
[18:45:03] Fila 35: dep='Pañal' puesto='sellador' | depOk=no puestoOk=no
[18:45:03] Fila 36: dep='Pañal' puesto='Ing. Proceso' | depOk=no puestoOk=no
[18:45:03] Fila 37: dep='Pañal' puesto='Electrico' | depOk=no puestoOk=no
[18:45:03] Fila 38: dep='Pañal' puesto='Jefe de mantenimiento' | depOk=no puestoOk=no
[18:45:03] Fila 39: dep='Pañal' puesto='Planeador' | depOk=no puestoOk=no
[18:45:03] Fila 40: dep='Pañal' puesto='Electronico' | depOk=no puestoOk=SI
[18:45:03] Fila 41: dep='Pañal' puesto='Supervisor' | depOk=no puestoOk=no
[18:45:03] Fila 42: dep='Pañal' puesto='Super intendente' | depOk=no puestoOk=no
[18:45:03] Fila 43: dep='Pañal' puesto='Conductor' | depOk=no puestoOk=no
[18:45:03] Fila 44: dep='Pañal' puesto='Mecanico' | depOk=no puestoOk=no
[18:45:03] Fila 45: dep='Pañal' puesto='Empacador' | depOk=no puestoOk=no
[18:45:03] Fila 46: dep='Pañal' puesto='Gerente' | depOk=no puestoOk=no
[18:45:03] Fila 47: dep='Pañal' puesto='TSP' | depOk=no puestoOk=no
[18:45:03] Fila 48: dep='Pañal' puesto='Ayudannte' | depOk=no puestoOk=no
[18:45:03] Fila 49: dep='Protección femenina' puesto='Eléctrico' | depOk=no puestoOk=no
[18:45:03] Fila 50: dep='Protección femenina' puesto='Electrónico' | depOk=no puestoOk=SI
[18:45:03] Fila 51: dep='Protección femenina' puesto='Mecánico' | depOk=no puestoOk=no
[18:45:03] Fila 52: dep='Protección femenina' puesto='Ayudante' | depOk=no puestoOk=no
[18:45:03] Fila 53: dep='Protección femenina' puesto='Conductor' | depOk=no puestoOk=no
[18:45:03] Fila 54: dep='Protección femenina' puesto='Empacador' | depOk=no puestoOk=no
[18:45:03] Fila 55: dep='Protección femenina' puesto='Sellador de Linea' | depOk=no puestoOk=no
[18:45:03] Fila 56: dep='Protección femenina' puesto='TCP' | depOk=no puestoOk=no
[18:45:03] Fila 57: dep='Incontinencia' puesto='Gerente de Incontinencia' | depOk=SI puestoOk=no
[18:45:03] Fila 58: dep='Incontinencia' puesto='Superintendente  mantenimiento mecánico' | depOk=SI puestoOk=no
[18:45:03] Fila 59: dep='Incontinencia' puesto='Superintendente mantenimiento electrico' | depOk=SI puestoOk=no
[18:45:03] Fila 60: dep='Incontinencia' puesto='Superintendente de proceso' | depOk=SI puestoOk=no
[18:45:03] Fila 61: dep='Incontinencia' puesto='Supervisor produción' | depOk=SI puestoOk=no
[18:45:03] Fila 62: dep='Incontinencia' puesto='Supervisor Mecánico' | depOk=SI puestoOk=no
[18:45:03] Fila 63: dep='Incontinencia' puesto='Ing. de proceso' | depOk=SI puestoOk=no
[18:45:03] Fila 64: dep='Incontinencia' puesto='Planeador' | depOk=SI puestoOk=no
[18:45:03] Fila 65: dep='Incontinencia' puesto='Electronico' | depOk=SI puestoOk=SI
[18:45:03]    >>> MATCH en fila 65
[18:45:03]       + [Cabeza] B)        Casco dieléctrico
[18:45:03]       + [Ojos y cara] C)        Protector facial
[18:45:03]       + [Oídos] A)        Tapones auditivos
[18:45:03]       + [Aparato respiratorio] A)        Respirador contra partículas
[18:45:03]       + [Extremidades superiores] B)        Guantes dieléctricos
[18:45:03]       + [Tronco] F)      Ropa de alta visibilidad
[18:45:03]       + [Extremidades inferiores] C)        Calzado dieléctrico
[18:45:03]       + [Otros] A)        Equipo de protección contra caídas de altura
[18:45:03] Fila 66: dep='Incontinencia' puesto='Conductor de Maquina' | depOk=SI puestoOk=no
[18:45:03] Fila 67: dep='Incontinencia' puesto='Mecánico categorias A,B,C,D' | depOk=SI puestoOk=no
[18:45:03] Fila 68: dep='Incontinencia' puesto='Electrico categorias A,B,C,D' | depOk=SI puestoOk=no
[18:45:03] Fila 69: dep='Incontinencia' puesto='Ayudannte' | depOk=SI puestoOk=no
[18:45:03] Fila 70: dep='Incontinencia' puesto='sellador' | depOk=SI puestoOk=no
[18:45:03] Fila 71: dep='Incontinencia' puesto='Empacador' | depOk=SI puestoOk=no
[18:45:03] Fila 72: dep='Incontinencia' puesto='Mecánico especialista adhesivos' | depOk=SI puestoOk=no
[18:45:03] Fila 73: dep='Incontinencia' puesto='Mecánico con perfil maquinas herramientas' | depOk=SI puestoOk=no
[18:45:03] Fila 74: sin puesto (depActual='Incontinencia') -> SALTA
[18:45:03] Fila 75: sin puesto (depActual='Incontinencia') -> SALTA
[18:45:03] Fila 76: sin puesto (depActual='Incontinencia') -> SALTA
[18:45:03] Fila 77: sin puesto (depActual='Incontinencia') -> SALTA
[18:45:03] Fila 78: sin puesto (depActual='Incontinencia') -> SALTA
[18:45:03] Fila 79: sin puesto (depActual='Incontinencia') -> SALTA
[18:45:03] Fila 80: sin puesto (depActual='Incontinencia') -> SALTA
[18:45:03] Fila 81: sin puesto (depActual='Incontinencia') -> SALTA
[18:45:03] Fila 82: sin puesto (depActual='Incontinencia') -> SALTA
[18:45:03] Fila 83: sin puesto (depActual='Incontinencia') -> SALTA
[18:45:03] Fila 84: sin puesto (depActual='Incontinencia') -> SALTA
[18:45:03] Fila 85: sin puesto (depActual='Incontinencia') -> SALTA
[18:45:03] Fila 86: sin puesto (depActual='Incontinencia') -> SALTA
[18:45:03] Fila 87: sin puesto (depActual='Incontinencia') -> SALTA
[18:45:03] Fila 88: sin puesto (depActual='Incontinencia') -> SALTA
[18:45:03] Fila 89: sin puesto (depActual='Incontinencia') -> SALTA
[18:45:03] Fila 90: sin puesto (depActual='Incontinencia') -> SALTA
[18:45:03] Fila 91: sin puesto (depActual='Incontinencia') -> SALTA
[18:45:03] Fila 92: sin puesto (depActual='Incontinencia') -> SALTA
[18:45:03] Fila 93: sin puesto (depActual='Incontinencia') -> SALTA
[18:45:03] Fila 94: sin puesto (depActual='Incontinencia') -> SALTA
[18:45:03] Fila 95: sin puesto (depActual='Incontinencia') -> SALTA
[18:45:03] Fila 96: sin puesto (depActual='Incontinencia') -> SALTA
[18:45:03] Fila 97: sin puesto (depActual='Incontinencia') -> SALTA
[18:45:03] Fila 98: sin puesto (depActual='Incontinencia') -> SALTA
[18:45:03] Fila 99: sin puesto (depActual='Incontinencia') -> SALTA
[18:45:03] Fila 100: sin puesto (depActual='Incontinencia') -> SALTA
[18:45:03] Fila 101: sin puesto (depActual='Incontinencia') -> SALTA
[18:45:03] Fila 102: sin puesto (depActual='Incontinencia') -> SALTA
[18:45:03] Fila 103: sin puesto (depActual='Incontinencia') -> SALTA
[18:45:03] Fila 104: sin puesto (depActual='Incontinencia') -> SALTA
[18:45:03] Fila 105: sin puesto (depActual='Incontinencia') -> SALTA
[18:45:03] Fila 106: sin puesto (depActual='Incontinencia') -> SALTA
[18:45:03] Fila 107: sin puesto (depActual='Incontinencia') -> SALTA
[18:45:03] Fila 108: sin puesto (depActual='Incontinencia') -> SALTA
[18:45:03] Fila 109: sin puesto (depActual='Incontinencia') -> SALTA
[18:45:03] Fila 110: sin puesto (depActual='Incontinencia') -> SALTA
[18:45:03] Fila 111: sin puesto (depActual='Incontinencia') -> SALTA
[18:45:03] Fila 112: sin puesto (depActual='Incontinencia') -> SALTA
[18:45:03] Fila 113: sin puesto (depActual='Incontinencia') -> SALTA
[18:45:03] Fila 114: sin puesto (depActual='Incontinencia') -> SALTA
[18:45:03] Fila 115: sin puesto (depActual='Incontinencia') -> SALTA
[18:45:03] Fila 116: sin puesto (depActual='Incontinencia') -> SALTA
[18:45:03] Fila 117: sin puesto (depActual='Incontinencia') -> SALTA
[18:45:03] Fila 118: sin puesto (depActual='Incontinencia') -> SALTA
[18:45:03] Fila 119: sin puesto (depActual='Incontinencia') -> SALTA
[18:45:03] Fila 120: sin puesto (depActual='Incontinencia') -> SALTA
[18:45:03] Fila 121: sin puesto (depActual='Incontinencia') -> SALTA
[18:45:03] Fila 122: sin puesto (depActual='Incontinencia') -> SALTA
[18:45:03] Fila 123: sin puesto (depActual='Incontinencia') -> SALTA
[18:45:03] Fila 124: sin puesto (depActual='Incontinencia') -> SALTA
[18:45:03] Fila 125: sin puesto (depActual='Incontinencia') -> SALTA
[18:45:03] Fila 126: sin puesto (depActual='Incontinencia') -> SALTA
[18:45:03] Fila 127: sin puesto (depActual='Incontinencia') -> SALTA
[18:45:03] Fila 128: sin puesto (depActual='Incontinencia') -> SALTA
[18:45:03] Fila 129: sin puesto (depActual='Incontinencia') -> SALTA
[18:45:03] Fila 130: sin puesto (depActual='Incontinencia') -> SALTA
[18:45:03] Fila 131: sin puesto (depActual='Incontinencia') -> SALTA
[18:45:03] Fila 132: sin puesto (depActual='Incontinencia') -> SALTA
[18:45:03] Fila 133: sin puesto (depActual='Incontinencia') -> SALTA
[18:45:03] Fila 134: sin puesto (depActual='Incontinencia') -> SALTA
[18:45:03] Fila 135: sin puesto (depActual='Incontinencia') -> SALTA
[18:45:03] Fila 136: sin puesto (depActual='Incontinencia') -> SALTA
[18:45:03] Fila 137: sin puesto (depActual='Incontinencia') -> SALTA
[18:45:03] Fila 138: sin puesto (depActual='Incontinencia') -> SALTA
[18:45:03] Fila 139: sin puesto (depActual='Incontinencia') -> SALTA
[18:45:03] Fila 140: sin puesto (depActual='Incontinencia') -> SALTA
[18:45:03] Fila 141: sin puesto (depActual='Incontinencia') -> SALTA
[18:45:03] Fila 142: sin puesto (depActual='Incontinencia') -> SALTA
[18:45:03] Total de equipos encontrados: 8
[18:45:03] ========================================================
[18:45:50] ==================== NUEVA PETICION ====================
[18:45:50] Departamento recibido: 'Incontinencia'
[18:45:50] Puesto recibido: 'Técnico electrónico'
[18:45:50] Departamento normalizado: 'incontinencia'
[18:45:50] Puesto normalizado: 'tecnico electronico'
[18:45:50] Ruta Excel: C:\xampp\htdocs\Mes\KCMes\EPP\php/FO-OSHPS012-01_Identificación_y_selección_de_EPP.xlsx
[18:45:50] OK: archivo encontrado
[18:45:50] Hoja [0]: 'EPP'
[18:45:50] Hoja [1]: 'Tabla I.1'
[18:45:50] Hoja [2]: 'X supervisor'
[18:45:50] Hoja [3]: 'Para alta'
[18:45:50] Hoja activa: EPP
[18:45:50] Ultima fila con datos: 142
[18:45:50] Fila 6: dep='Contratistas' puesto='Soldador' | depOk=no puestoOk=no
[18:45:50] Fila 7: dep='Contratistas' puesto='Prevencionista' | depOk=no puestoOk=no
[18:45:50] Fila 8: dep='Contratistas' puesto='Ayudante general' | depOk=no puestoOk=no
[18:45:50] Fila 9: dep='Relaciones industriales' puesto='Ayudante general' | depOk=no puestoOk=no
[18:45:50] Fila 10: dep='Relaciones industriales' puesto='Guardia' | depOk=no puestoOk=no
[18:45:50] Fila 11: dep='Relaciones industriales' puesto='Ayudante general' | depOk=no puestoOk=no
[18:45:50] Fila 12: dep='Relaciones industriales' puesto='Personal de intentendencia' | depOk=no puestoOk=no
[18:45:50] Fila 13: dep='Servicios Auxiliares' puesto='Mecánico' | depOk=no puestoOk=no
[18:45:50] Fila 14: dep='Servicios Auxiliares' puesto='Mecánico' | depOk=no puestoOk=no
[18:45:50] Fila 15: dep='Servicios Auxiliares' puesto='Mecánico' | depOk=no puestoOk=no
[18:45:50] Fila 16: dep='Servicios Auxiliares' puesto='Mecánico' | depOk=no puestoOk=no
[18:45:50] Fila 17: dep='Servicios Auxiliares' puesto='Empacador' | depOk=no puestoOk=no
[18:45:50] Fila 18: dep='Telas NoTejidas' puesto='Superintendente mecatronico' | depOk=no puestoOk=no
[18:45:50] Fila 19: dep='Telas NoTejidas' puesto='Ing. Proceso' | depOk=no puestoOk=no
[18:45:50] Fila 20: dep='Telas NoTejidas' puesto='Conductor' | depOk=no puestoOk=no
[18:45:50] Fila 21: dep='Telas NoTejidas' puesto='Ayudante De Operador' | depOk=no puestoOk=no
[18:45:50] Fila 22: dep='Telas NoTejidas' puesto='Empacador' | depOk=no puestoOk=no
[18:45:50] Fila 23: dep='Telas NoTejidas' puesto='Líder de Operación' | depOk=no puestoOk=no
[18:45:50] Fila 24: dep='Telas NoTejidas' puesto='Tecnico Electronico' | depOk=no puestoOk=SI
[18:45:50] Fila 25: dep='Telas NoTejidas' puesto='Mecanico D' | depOk=no puestoOk=no
[18:45:50] Fila 26: dep='Telas NoTejidas' puesto='Mecanico B' | depOk=no puestoOk=no
[18:45:50] Fila 27: dep='Telas NoTejidas' puesto='Electrico D' | depOk=no puestoOk=no
[18:45:50] Fila 28: dep='Telas NoTejidas' puesto='Auxiliar Administrativo' | depOk=no puestoOk=no
[18:45:50] Fila 29: dep='Telas NoTejidas' puesto='Maestro en cardas' | depOk=no puestoOk=no
[18:45:50] Fila 30: dep='Almacén Materia Prima' puesto='Montacarguista' | depOk=no puestoOk=no
[18:45:50] Fila 31: dep='Almacén Materia Prima' puesto='Auxiliar Administrativo' | depOk=no puestoOk=no
[18:45:50] Fila 32: dep='Almacén Materia Prima' puesto='Supervisor' | depOk=no puestoOk=no
[18:45:50] Fila 33: dep='Almacén Materia Prima' puesto='Planeador' | depOk=no puestoOk=no
[18:45:50] Fila 34: dep='Almacén Materia Prima' puesto='Superintendente' | depOk=no puestoOk=no
[18:45:50] Fila 35: dep='Pañal' puesto='sellador' | depOk=no puestoOk=no
[18:45:50] Fila 36: dep='Pañal' puesto='Ing. Proceso' | depOk=no puestoOk=no
[18:45:50] Fila 37: dep='Pañal' puesto='Electrico' | depOk=no puestoOk=no
[18:45:50] Fila 38: dep='Pañal' puesto='Jefe de mantenimiento' | depOk=no puestoOk=no
[18:45:50] Fila 39: dep='Pañal' puesto='Planeador' | depOk=no puestoOk=no
[18:45:50] Fila 40: dep='Pañal' puesto='Electronico' | depOk=no puestoOk=SI
[18:45:50] Fila 41: dep='Pañal' puesto='Supervisor' | depOk=no puestoOk=no
[18:45:50] Fila 42: dep='Pañal' puesto='Super intendente' | depOk=no puestoOk=no
[18:45:50] Fila 43: dep='Pañal' puesto='Conductor' | depOk=no puestoOk=no
[18:45:50] Fila 44: dep='Pañal' puesto='Mecanico' | depOk=no puestoOk=no
[18:45:50] Fila 45: dep='Pañal' puesto='Empacador' | depOk=no puestoOk=no
[18:45:50] Fila 46: dep='Pañal' puesto='Gerente' | depOk=no puestoOk=no
[18:45:50] Fila 47: dep='Pañal' puesto='TSP' | depOk=no puestoOk=no
[18:45:50] Fila 48: dep='Pañal' puesto='Ayudannte' | depOk=no puestoOk=no
[18:45:50] Fila 49: dep='Protección femenina' puesto='Eléctrico' | depOk=no puestoOk=no
[18:45:50] Fila 50: dep='Protección femenina' puesto='Electrónico' | depOk=no puestoOk=SI
[18:45:50] Fila 51: dep='Protección femenina' puesto='Mecánico' | depOk=no puestoOk=no
[18:45:50] Fila 52: dep='Protección femenina' puesto='Ayudante' | depOk=no puestoOk=no
[18:45:50] Fila 53: dep='Protección femenina' puesto='Conductor' | depOk=no puestoOk=no
[18:45:50] Fila 54: dep='Protección femenina' puesto='Empacador' | depOk=no puestoOk=no
[18:45:50] Fila 55: dep='Protección femenina' puesto='Sellador de Linea' | depOk=no puestoOk=no
[18:45:50] Fila 56: dep='Protección femenina' puesto='TCP' | depOk=no puestoOk=no
[18:45:50] Fila 57: dep='Incontinencia' puesto='Gerente de Incontinencia' | depOk=SI puestoOk=no
[18:45:50] Fila 58: dep='Incontinencia' puesto='Superintendente  mantenimiento mecánico' | depOk=SI puestoOk=no
[18:45:50] Fila 59: dep='Incontinencia' puesto='Superintendente mantenimiento electrico' | depOk=SI puestoOk=no
[18:45:50] Fila 60: dep='Incontinencia' puesto='Superintendente de proceso' | depOk=SI puestoOk=no
[18:45:50] Fila 61: dep='Incontinencia' puesto='Supervisor produción' | depOk=SI puestoOk=no
[18:45:50] Fila 62: dep='Incontinencia' puesto='Supervisor Mecánico' | depOk=SI puestoOk=no
[18:45:50] Fila 63: dep='Incontinencia' puesto='Ing. de proceso' | depOk=SI puestoOk=no
[18:45:50] Fila 64: dep='Incontinencia' puesto='Planeador' | depOk=SI puestoOk=no
[18:45:50] Fila 65: dep='Incontinencia' puesto='Electronico' | depOk=SI puestoOk=SI
[18:45:50]    >>> MATCH en fila 65
[18:45:50]       + [Cabeza] B)        Casco dieléctrico
[18:45:50]       + [Ojos y cara] C)        Protector facial
[18:45:50]       + [Oídos] A)        Tapones auditivos
[18:45:50]       + [Aparato respiratorio] A)        Respirador contra partículas
[18:45:50]       + [Extremidades superiores] B)        Guantes dieléctricos
[18:45:50]       + [Tronco] F)      Ropa de alta visibilidad
[18:45:50]       + [Extremidades inferiores] C)        Calzado dieléctrico
[18:45:50]       + [Otros] A)        Equipo de protección contra caídas de altura
[18:45:50] Fila 66: dep='Incontinencia' puesto='Conductor de Maquina' | depOk=SI puestoOk=no
[18:45:50] Fila 67: dep='Incontinencia' puesto='Mecánico categorias A,B,C,D' | depOk=SI puestoOk=no
[18:45:50] Fila 68: dep='Incontinencia' puesto='Electrico categorias A,B,C,D' | depOk=SI puestoOk=no
[18:45:50] Fila 69: dep='Incontinencia' puesto='Ayudannte' | depOk=SI puestoOk=no
[18:45:50] Fila 70: dep='Incontinencia' puesto='sellador' | depOk=SI puestoOk=no
[18:45:50] Fila 71: dep='Incontinencia' puesto='Empacador' | depOk=SI puestoOk=no
[18:45:50] Fila 72: dep='Incontinencia' puesto='Mecánico especialista adhesivos' | depOk=SI puestoOk=no
[18:45:50] Fila 73: dep='Incontinencia' puesto='Mecánico con perfil maquinas herramientas' | depOk=SI puestoOk=no
[18:45:50] Fila 74: sin puesto (depActual='Incontinencia') -> SALTA
[18:45:50] Fila 75: sin puesto (depActual='Incontinencia') -> SALTA
[18:45:50] Fila 76: sin puesto (depActual='Incontinencia') -> SALTA
[18:45:50] Fila 77: sin puesto (depActual='Incontinencia') -> SALTA
[18:45:50] Fila 78: sin puesto (depActual='Incontinencia') -> SALTA
[18:45:50] Fila 79: sin puesto (depActual='Incontinencia') -> SALTA
[18:45:50] Fila 80: sin puesto (depActual='Incontinencia') -> SALTA
[18:45:50] Fila 81: sin puesto (depActual='Incontinencia') -> SALTA
[18:45:50] Fila 82: sin puesto (depActual='Incontinencia') -> SALTA
[18:45:50] Fila 83: sin puesto (depActual='Incontinencia') -> SALTA
[18:45:50] Fila 84: sin puesto (depActual='Incontinencia') -> SALTA
[18:45:50] Fila 85: sin puesto (depActual='Incontinencia') -> SALTA
[18:45:50] Fila 86: sin puesto (depActual='Incontinencia') -> SALTA
[18:45:50] Fila 87: sin puesto (depActual='Incontinencia') -> SALTA
[18:45:50] Fila 88: sin puesto (depActual='Incontinencia') -> SALTA
[18:45:50] Fila 89: sin puesto (depActual='Incontinencia') -> SALTA
[18:45:50] Fila 90: sin puesto (depActual='Incontinencia') -> SALTA
[18:45:50] Fila 91: sin puesto (depActual='Incontinencia') -> SALTA
[18:45:50] Fila 92: sin puesto (depActual='Incontinencia') -> SALTA
[18:45:50] Fila 93: sin puesto (depActual='Incontinencia') -> SALTA
[18:45:50] Fila 94: sin puesto (depActual='Incontinencia') -> SALTA
[18:45:50] Fila 95: sin puesto (depActual='Incontinencia') -> SALTA
[18:45:50] Fila 96: sin puesto (depActual='Incontinencia') -> SALTA
[18:45:50] Fila 97: sin puesto (depActual='Incontinencia') -> SALTA
[18:45:50] Fila 98: sin puesto (depActual='Incontinencia') -> SALTA
[18:45:50] Fila 99: sin puesto (depActual='Incontinencia') -> SALTA
[18:45:50] Fila 100: sin puesto (depActual='Incontinencia') -> SALTA
[18:45:50] Fila 101: sin puesto (depActual='Incontinencia') -> SALTA
[18:45:50] Fila 102: sin puesto (depActual='Incontinencia') -> SALTA
[18:45:50] Fila 103: sin puesto (depActual='Incontinencia') -> SALTA
[18:45:50] Fila 104: sin puesto (depActual='Incontinencia') -> SALTA
[18:45:50] Fila 105: sin puesto (depActual='Incontinencia') -> SALTA
[18:45:50] Fila 106: sin puesto (depActual='Incontinencia') -> SALTA
[18:45:50] Fila 107: sin puesto (depActual='Incontinencia') -> SALTA
[18:45:50] Fila 108: sin puesto (depActual='Incontinencia') -> SALTA
[18:45:50] Fila 109: sin puesto (depActual='Incontinencia') -> SALTA
[18:45:50] Fila 110: sin puesto (depActual='Incontinencia') -> SALTA
[18:45:50] Fila 111: sin puesto (depActual='Incontinencia') -> SALTA
[18:45:50] Fila 112: sin puesto (depActual='Incontinencia') -> SALTA
[18:45:50] Fila 113: sin puesto (depActual='Incontinencia') -> SALTA
[18:45:50] Fila 114: sin puesto (depActual='Incontinencia') -> SALTA
[18:45:50] Fila 115: sin puesto (depActual='Incontinencia') -> SALTA
[18:45:50] Fila 116: sin puesto (depActual='Incontinencia') -> SALTA
[18:45:50] Fila 117: sin puesto (depActual='Incontinencia') -> SALTA
[18:45:50] Fila 118: sin puesto (depActual='Incontinencia') -> SALTA
[18:45:50] Fila 119: sin puesto (depActual='Incontinencia') -> SALTA
[18:45:50] Fila 120: sin puesto (depActual='Incontinencia') -> SALTA
[18:45:50] Fila 121: sin puesto (depActual='Incontinencia') -> SALTA
[18:45:50] Fila 122: sin puesto (depActual='Incontinencia') -> SALTA
[18:45:50] Fila 123: sin puesto (depActual='Incontinencia') -> SALTA
[18:45:50] Fila 124: sin puesto (depActual='Incontinencia') -> SALTA
[18:45:50] Fila 125: sin puesto (depActual='Incontinencia') -> SALTA
[18:45:50] Fila 126: sin puesto (depActual='Incontinencia') -> SALTA
[18:45:50] Fila 127: sin puesto (depActual='Incontinencia') -> SALTA
[18:45:50] Fila 128: sin puesto (depActual='Incontinencia') -> SALTA
[18:45:50] Fila 129: sin puesto (depActual='Incontinencia') -> SALTA
[18:45:50] Fila 130: sin puesto (depActual='Incontinencia') -> SALTA
[18:45:50] Fila 131: sin puesto (depActual='Incontinencia') -> SALTA
[18:45:50] Fila 132: sin puesto (depActual='Incontinencia') -> SALTA
[18:45:50] Fila 133: sin puesto (depActual='Incontinencia') -> SALTA
[18:45:50] Fila 134: sin puesto (depActual='Incontinencia') -> SALTA
[18:45:50] Fila 135: sin puesto (depActual='Incontinencia') -> SALTA
[18:45:50] Fila 136: sin puesto (depActual='Incontinencia') -> SALTA
[18:45:50] Fila 137: sin puesto (depActual='Incontinencia') -> SALTA
[18:45:50] Fila 138: sin puesto (depActual='Incontinencia') -> SALTA
[18:45:50] Fila 139: sin puesto (depActual='Incontinencia') -> SALTA
[18:45:50] Fila 140: sin puesto (depActual='Incontinencia') -> SALTA
[18:45:50] Fila 141: sin puesto (depActual='Incontinencia') -> SALTA
[18:45:50] Fila 142: sin puesto (depActual='Incontinencia') -> SALTA
[18:45:50] Total de equipos encontrados: 8
[18:45:50] ========================================================
[18:54:46] ==================== NUEVA PETICION ====================
[18:54:46] Departamento recibido: 'Incontinencia'
[18:54:46] Puesto recibido: 'Técnico electrónico'
[18:54:46] Departamento normalizado: 'incontinencia'
[18:54:46] Puesto normalizado: 'tecnico electronico'
[18:54:46] Ruta Excel: C:\xampp\htdocs\Mes\KCMes\EPP\php/FO-OSHPS012-01_Identificación_y_selección_de_EPP.xlsx
[18:54:46] OK: archivo encontrado
[18:54:46] Hoja [0]: 'EPP'
[18:54:46] Hoja [1]: 'Tabla I.1'
[18:54:46] Hoja [2]: 'X supervisor'
[18:54:46] Hoja [3]: 'Para alta'
[18:54:46] Hoja activa: EPP
[18:54:46] Ultima fila con datos: 142
[18:54:46] Fila 6: dep='Contratistas' puesto='Soldador' | depOk=no puestoOk=no
[18:54:46] Fila 7: dep='Contratistas' puesto='Prevencionista' | depOk=no puestoOk=no
[18:54:46] Fila 8: dep='Contratistas' puesto='Ayudante general' | depOk=no puestoOk=no
[18:54:46] Fila 9: dep='Relaciones industriales' puesto='Ayudante general' | depOk=no puestoOk=no
[18:54:46] Fila 10: dep='Relaciones industriales' puesto='Guardia' | depOk=no puestoOk=no
[18:54:46] Fila 11: dep='Relaciones industriales' puesto='Ayudante general' | depOk=no puestoOk=no
[18:54:46] Fila 12: dep='Relaciones industriales' puesto='Personal de intentendencia' | depOk=no puestoOk=no
[18:54:46] Fila 13: dep='Servicios Auxiliares' puesto='Mecánico' | depOk=no puestoOk=no
[18:54:46] Fila 14: dep='Servicios Auxiliares' puesto='Mecánico' | depOk=no puestoOk=no
[18:54:46] Fila 15: dep='Servicios Auxiliares' puesto='Mecánico' | depOk=no puestoOk=no
[18:54:46] Fila 16: dep='Servicios Auxiliares' puesto='Mecánico' | depOk=no puestoOk=no
[18:54:46] Fila 17: dep='Servicios Auxiliares' puesto='Empacador' | depOk=no puestoOk=no
[18:54:46] Fila 18: dep='Telas NoTejidas' puesto='Superintendente mecatronico' | depOk=no puestoOk=no
[18:54:46] Fila 19: dep='Telas NoTejidas' puesto='Ing. Proceso' | depOk=no puestoOk=no
[18:54:46] Fila 20: dep='Telas NoTejidas' puesto='Conductor' | depOk=no puestoOk=no
[18:54:46] Fila 21: dep='Telas NoTejidas' puesto='Ayudante De Operador' | depOk=no puestoOk=no
[18:54:46] Fila 22: dep='Telas NoTejidas' puesto='Empacador' | depOk=no puestoOk=no
[18:54:46] Fila 23: dep='Telas NoTejidas' puesto='Líder de Operación' | depOk=no puestoOk=no
[18:54:46] Fila 24: dep='Telas NoTejidas' puesto='Tecnico Electronico' | depOk=no puestoOk=SI
[18:54:46] Fila 25: dep='Telas NoTejidas' puesto='Mecanico D' | depOk=no puestoOk=no
[18:54:46] Fila 26: dep='Telas NoTejidas' puesto='Mecanico B' | depOk=no puestoOk=no
[18:54:46] Fila 27: dep='Telas NoTejidas' puesto='Electrico D' | depOk=no puestoOk=no
[18:54:46] Fila 28: dep='Telas NoTejidas' puesto='Auxiliar Administrativo' | depOk=no puestoOk=no
[18:54:46] Fila 29: dep='Telas NoTejidas' puesto='Maestro en cardas' | depOk=no puestoOk=no
[18:54:46] Fila 30: dep='Almacén Materia Prima' puesto='Montacarguista' | depOk=no puestoOk=no
[18:54:46] Fila 31: dep='Almacén Materia Prima' puesto='Auxiliar Administrativo' | depOk=no puestoOk=no
[18:54:46] Fila 32: dep='Almacén Materia Prima' puesto='Supervisor' | depOk=no puestoOk=no
[18:54:46] Fila 33: dep='Almacén Materia Prima' puesto='Planeador' | depOk=no puestoOk=no
[18:54:46] Fila 34: dep='Almacén Materia Prima' puesto='Superintendente' | depOk=no puestoOk=no
[18:54:46] Fila 35: dep='Pañal' puesto='sellador' | depOk=no puestoOk=no
[18:54:46] Fila 36: dep='Pañal' puesto='Ing. Proceso' | depOk=no puestoOk=no
[18:54:46] Fila 37: dep='Pañal' puesto='Electrico' | depOk=no puestoOk=no
[18:54:46] Fila 38: dep='Pañal' puesto='Jefe de mantenimiento' | depOk=no puestoOk=no
[18:54:46] Fila 39: dep='Pañal' puesto='Planeador' | depOk=no puestoOk=no
[18:54:46] Fila 40: dep='Pañal' puesto='Electronico' | depOk=no puestoOk=SI
[18:54:46] Fila 41: dep='Pañal' puesto='Supervisor' | depOk=no puestoOk=no
[18:54:46] Fila 42: dep='Pañal' puesto='Super intendente' | depOk=no puestoOk=no
[18:54:46] Fila 43: dep='Pañal' puesto='Conductor' | depOk=no puestoOk=no
[18:54:46] Fila 44: dep='Pañal' puesto='Mecanico' | depOk=no puestoOk=no
[18:54:46] Fila 45: dep='Pañal' puesto='Empacador' | depOk=no puestoOk=no
[18:54:46] Fila 46: dep='Pañal' puesto='Gerente' | depOk=no puestoOk=no
[18:54:46] Fila 47: dep='Pañal' puesto='TSP' | depOk=no puestoOk=no
[18:54:46] Fila 48: dep='Pañal' puesto='Ayudannte' | depOk=no puestoOk=no
[18:54:46] Fila 49: dep='Protección femenina' puesto='Eléctrico' | depOk=no puestoOk=no
[18:54:46] Fila 50: dep='Protección femenina' puesto='Electrónico' | depOk=no puestoOk=SI
[18:54:46] Fila 51: dep='Protección femenina' puesto='Mecánico' | depOk=no puestoOk=no
[18:54:46] Fila 52: dep='Protección femenina' puesto='Ayudante' | depOk=no puestoOk=no
[18:54:46] Fila 53: dep='Protección femenina' puesto='Conductor' | depOk=no puestoOk=no
[18:54:46] Fila 54: dep='Protección femenina' puesto='Empacador' | depOk=no puestoOk=no
[18:54:46] Fila 55: dep='Protección femenina' puesto='Sellador de Linea' | depOk=no puestoOk=no
[18:54:46] Fila 56: dep='Protección femenina' puesto='TCP' | depOk=no puestoOk=no
[18:54:46] Fila 57: dep='Incontinencia' puesto='Gerente de Incontinencia' | depOk=SI puestoOk=no
[18:54:46] Fila 58: dep='Incontinencia' puesto='Superintendente  mantenimiento mecánico' | depOk=SI puestoOk=no
[18:54:46] Fila 59: dep='Incontinencia' puesto='Superintendente mantenimiento electrico' | depOk=SI puestoOk=no
[18:54:46] Fila 60: dep='Incontinencia' puesto='Superintendente de proceso' | depOk=SI puestoOk=no
[18:54:46] Fila 61: dep='Incontinencia' puesto='Supervisor produción' | depOk=SI puestoOk=no
[18:54:46] Fila 62: dep='Incontinencia' puesto='Supervisor Mecánico' | depOk=SI puestoOk=no
[18:54:46] Fila 63: dep='Incontinencia' puesto='Ing. de proceso' | depOk=SI puestoOk=no
[18:54:46] Fila 64: dep='Incontinencia' puesto='Planeador' | depOk=SI puestoOk=no
[18:54:46] Fila 65: dep='Incontinencia' puesto='Electronico' | depOk=SI puestoOk=SI
[18:54:46]    >>> MATCH en fila 65
[18:54:46]       + [Cabeza] B)        Casco dieléctrico
[18:54:46]       + [Ojos y cara] C)        Protector facial
[18:54:46]       + [Oídos] A)        Tapones auditivos
[18:54:46]       + [Aparato respiratorio] A)        Respirador contra partículas
[18:54:46]       + [Extremidades superiores] B)        Guantes dieléctricos
[18:54:46]       + [Tronco] F)      Ropa de alta visibilidad
[18:54:46]       + [Extremidades inferiores] C)        Calzado dieléctrico
[18:54:46]       + [Otros] A)        Equipo de protección contra caídas de altura
[18:54:46] Fila 66: dep='Incontinencia' puesto='Conductor de Maquina' | depOk=SI puestoOk=no
[18:54:46] Fila 67: dep='Incontinencia' puesto='Mecánico categorias A,B,C,D' | depOk=SI puestoOk=no
[18:54:46] Fila 68: dep='Incontinencia' puesto='Electrico categorias A,B,C,D' | depOk=SI puestoOk=no
[18:54:46] Fila 69: dep='Incontinencia' puesto='Ayudannte' | depOk=SI puestoOk=no
[18:54:46] Fila 70: dep='Incontinencia' puesto='sellador' | depOk=SI puestoOk=no
[18:54:46] Fila 71: dep='Incontinencia' puesto='Empacador' | depOk=SI puestoOk=no
[18:54:46] Fila 72: dep='Incontinencia' puesto='Mecánico especialista adhesivos' | depOk=SI puestoOk=no
[18:54:46] Fila 73: dep='Incontinencia' puesto='Mecánico con perfil maquinas herramientas' | depOk=SI puestoOk=no
[18:54:46] Fila 74: sin puesto (depActual='Incontinencia') -> SALTA
[18:54:46] Fila 75: sin puesto (depActual='Incontinencia') -> SALTA
[18:54:46] Fila 76: sin puesto (depActual='Incontinencia') -> SALTA
[18:54:46] Fila 77: sin puesto (depActual='Incontinencia') -> SALTA
[18:54:46] Fila 78: sin puesto (depActual='Incontinencia') -> SALTA
[18:54:46] Fila 79: sin puesto (depActual='Incontinencia') -> SALTA
[18:54:46] Fila 80: sin puesto (depActual='Incontinencia') -> SALTA
[18:54:46] Fila 81: sin puesto (depActual='Incontinencia') -> SALTA
[18:54:46] Fila 82: sin puesto (depActual='Incontinencia') -> SALTA
[18:54:46] Fila 83: sin puesto (depActual='Incontinencia') -> SALTA
[18:54:46] Fila 84: sin puesto (depActual='Incontinencia') -> SALTA
[18:54:46] Fila 85: sin puesto (depActual='Incontinencia') -> SALTA
[18:54:46] Fila 86: sin puesto (depActual='Incontinencia') -> SALTA
[18:54:46] Fila 87: sin puesto (depActual='Incontinencia') -> SALTA
[18:54:46] Fila 88: sin puesto (depActual='Incontinencia') -> SALTA
[18:54:46] Fila 89: sin puesto (depActual='Incontinencia') -> SALTA
[18:54:46] Fila 90: sin puesto (depActual='Incontinencia') -> SALTA
[18:54:46] Fila 91: sin puesto (depActual='Incontinencia') -> SALTA
[18:54:46] Fila 92: sin puesto (depActual='Incontinencia') -> SALTA
[18:54:46] Fila 93: sin puesto (depActual='Incontinencia') -> SALTA
[18:54:46] Fila 94: sin puesto (depActual='Incontinencia') -> SALTA
[18:54:46] Fila 95: sin puesto (depActual='Incontinencia') -> SALTA
[18:54:46] Fila 96: sin puesto (depActual='Incontinencia') -> SALTA
[18:54:46] Fila 97: sin puesto (depActual='Incontinencia') -> SALTA
[18:54:46] Fila 98: sin puesto (depActual='Incontinencia') -> SALTA
[18:54:46] Fila 99: sin puesto (depActual='Incontinencia') -> SALTA
[18:54:46] Fila 100: sin puesto (depActual='Incontinencia') -> SALTA
[18:54:46] Fila 101: sin puesto (depActual='Incontinencia') -> SALTA
[18:54:46] Fila 102: sin puesto (depActual='Incontinencia') -> SALTA
[18:54:46] Fila 103: sin puesto (depActual='Incontinencia') -> SALTA
[18:54:46] Fila 104: sin puesto (depActual='Incontinencia') -> SALTA
[18:54:46] Fila 105: sin puesto (depActual='Incontinencia') -> SALTA
[18:54:46] Fila 106: sin puesto (depActual='Incontinencia') -> SALTA
[18:54:46] Fila 107: sin puesto (depActual='Incontinencia') -> SALTA
[18:54:46] Fila 108: sin puesto (depActual='Incontinencia') -> SALTA
[18:54:46] Fila 109: sin puesto (depActual='Incontinencia') -> SALTA
[18:54:46] Fila 110: sin puesto (depActual='Incontinencia') -> SALTA
[18:54:46] Fila 111: sin puesto (depActual='Incontinencia') -> SALTA
[18:54:46] Fila 112: sin puesto (depActual='Incontinencia') -> SALTA
[18:54:46] Fila 113: sin puesto (depActual='Incontinencia') -> SALTA
[18:54:46] Fila 114: sin puesto (depActual='Incontinencia') -> SALTA
[18:54:46] Fila 115: sin puesto (depActual='Incontinencia') -> SALTA
[18:54:46] Fila 116: sin puesto (depActual='Incontinencia') -> SALTA
[18:54:46] Fila 117: sin puesto (depActual='Incontinencia') -> SALTA
[18:54:46] Fila 118: sin puesto (depActual='Incontinencia') -> SALTA
[18:54:46] Fila 119: sin puesto (depActual='Incontinencia') -> SALTA
[18:54:46] Fila 120: sin puesto (depActual='Incontinencia') -> SALTA
[18:54:46] Fila 121: sin puesto (depActual='Incontinencia') -> SALTA
[18:54:46] Fila 122: sin puesto (depActual='Incontinencia') -> SALTA
[18:54:46] Fila 123: sin puesto (depActual='Incontinencia') -> SALTA
[18:54:46] Fila 124: sin puesto (depActual='Incontinencia') -> SALTA
[18:54:46] Fila 125: sin puesto (depActual='Incontinencia') -> SALTA
[18:54:46] Fila 126: sin puesto (depActual='Incontinencia') -> SALTA
[18:54:46] Fila 127: sin puesto (depActual='Incontinencia') -> SALTA
[18:54:46] Fila 128: sin puesto (depActual='Incontinencia') -> SALTA
[18:54:46] Fila 129: sin puesto (depActual='Incontinencia') -> SALTA
[18:54:46] Fila 130: sin puesto (depActual='Incontinencia') -> SALTA
[18:54:46] Fila 131: sin puesto (depActual='Incontinencia') -> SALTA
[18:54:46] Fila 132: sin puesto (depActual='Incontinencia') -> SALTA
[18:54:46] Fila 133: sin puesto (depActual='Incontinencia') -> SALTA
[18:54:46] Fila 134: sin puesto (depActual='Incontinencia') -> SALTA
[18:54:46] Fila 135: sin puesto (depActual='Incontinencia') -> SALTA
[18:54:46] Fila 136: sin puesto (depActual='Incontinencia') -> SALTA
[18:54:46] Fila 137: sin puesto (depActual='Incontinencia') -> SALTA
[18:54:46] Fila 138: sin puesto (depActual='Incontinencia') -> SALTA
[18:54:46] Fila 139: sin puesto (depActual='Incontinencia') -> SALTA
[18:54:46] Fila 140: sin puesto (depActual='Incontinencia') -> SALTA
[18:54:46] Fila 141: sin puesto (depActual='Incontinencia') -> SALTA
[18:54:46] Fila 142: sin puesto (depActual='Incontinencia') -> SALTA
[18:54:46] Total de equipos encontrados: 8
[18:54:46] ========================================================
[19:01:15] ==================== NUEVA PETICION ====================
[19:01:15] Departamento recibido: 'Incontinencia'
[19:01:15] Puesto recibido: 'Técnico electrónico'
[19:01:15] Departamento normalizado: 'incontinencia'
[19:01:15] Puesto normalizado: 'tecnico electronico'
[19:01:15] Ruta Excel: C:\xampp\htdocs\Mes\KCMes\EPP\php/FO-OSHPS012-01_Identificación_y_selección_de_EPP.xlsx
[19:01:15] OK: archivo encontrado
[19:01:15] Hoja [0]: 'EPP'
[19:01:15] Hoja [1]: 'Tabla I.1'
[19:01:15] Hoja [2]: 'X supervisor'
[19:01:15] Hoja [3]: 'Para alta'
[19:01:15] Hoja activa: EPP
[19:01:15] Ultima fila con datos: 142
[19:01:15] Fila 6: dep='Contratistas' puesto='Soldador' | depOk=no puestoOk=no
[19:01:15] Fila 7: dep='Contratistas' puesto='Prevencionista' | depOk=no puestoOk=no
[19:01:15] Fila 8: dep='Contratistas' puesto='Ayudante general' | depOk=no puestoOk=no
[19:01:15] Fila 9: dep='Relaciones industriales' puesto='Ayudante general' | depOk=no puestoOk=no
[19:01:15] Fila 10: dep='Relaciones industriales' puesto='Guardia' | depOk=no puestoOk=no
[19:01:15] Fila 11: dep='Relaciones industriales' puesto='Ayudante general' | depOk=no puestoOk=no
[19:01:15] Fila 12: dep='Relaciones industriales' puesto='Personal de intentendencia' | depOk=no puestoOk=no
[19:01:15] Fila 13: dep='Servicios Auxiliares' puesto='Mecánico' | depOk=no puestoOk=no
[19:01:15] Fila 14: dep='Servicios Auxiliares' puesto='Mecánico' | depOk=no puestoOk=no
[19:01:15] Fila 15: dep='Servicios Auxiliares' puesto='Mecánico' | depOk=no puestoOk=no
[19:01:15] Fila 16: dep='Servicios Auxiliares' puesto='Mecánico' | depOk=no puestoOk=no
[19:01:15] Fila 17: dep='Servicios Auxiliares' puesto='Empacador' | depOk=no puestoOk=no
[19:01:15] Fila 18: dep='Telas NoTejidas' puesto='Superintendente mecatronico' | depOk=no puestoOk=no
[19:01:15] Fila 19: dep='Telas NoTejidas' puesto='Ing. Proceso' | depOk=no puestoOk=no
[19:01:15] Fila 20: dep='Telas NoTejidas' puesto='Conductor' | depOk=no puestoOk=no
[19:01:15] Fila 21: dep='Telas NoTejidas' puesto='Ayudante De Operador' | depOk=no puestoOk=no
[19:01:15] Fila 22: dep='Telas NoTejidas' puesto='Empacador' | depOk=no puestoOk=no
[19:01:15] Fila 23: dep='Telas NoTejidas' puesto='Líder de Operación' | depOk=no puestoOk=no
[19:01:15] Fila 24: dep='Telas NoTejidas' puesto='Tecnico Electronico' | depOk=no puestoOk=SI
[19:01:15] Fila 25: dep='Telas NoTejidas' puesto='Mecanico D' | depOk=no puestoOk=no
[19:01:15] Fila 26: dep='Telas NoTejidas' puesto='Mecanico B' | depOk=no puestoOk=no
[19:01:15] Fila 27: dep='Telas NoTejidas' puesto='Electrico D' | depOk=no puestoOk=no
[19:01:15] Fila 28: dep='Telas NoTejidas' puesto='Auxiliar Administrativo' | depOk=no puestoOk=no
[19:01:15] Fila 29: dep='Telas NoTejidas' puesto='Maestro en cardas' | depOk=no puestoOk=no
[19:01:15] Fila 30: dep='Almacén Materia Prima' puesto='Montacarguista' | depOk=no puestoOk=no
[19:01:15] Fila 31: dep='Almacén Materia Prima' puesto='Auxiliar Administrativo' | depOk=no puestoOk=no
[19:01:15] Fila 32: dep='Almacén Materia Prima' puesto='Supervisor' | depOk=no puestoOk=no
[19:01:15] Fila 33: dep='Almacén Materia Prima' puesto='Planeador' | depOk=no puestoOk=no
[19:01:15] Fila 34: dep='Almacén Materia Prima' puesto='Superintendente' | depOk=no puestoOk=no
[19:01:15] Fila 35: dep='Pañal' puesto='sellador' | depOk=no puestoOk=no
[19:01:15] Fila 36: dep='Pañal' puesto='Ing. Proceso' | depOk=no puestoOk=no
[19:01:15] Fila 37: dep='Pañal' puesto='Electrico' | depOk=no puestoOk=no
[19:01:15] Fila 38: dep='Pañal' puesto='Jefe de mantenimiento' | depOk=no puestoOk=no
[19:01:15] Fila 39: dep='Pañal' puesto='Planeador' | depOk=no puestoOk=no
[19:01:15] Fila 40: dep='Pañal' puesto='Electronico' | depOk=no puestoOk=SI
[19:01:15] Fila 41: dep='Pañal' puesto='Supervisor' | depOk=no puestoOk=no
[19:01:15] Fila 42: dep='Pañal' puesto='Super intendente' | depOk=no puestoOk=no
[19:01:15] Fila 43: dep='Pañal' puesto='Conductor' | depOk=no puestoOk=no
[19:01:15] Fila 44: dep='Pañal' puesto='Mecanico' | depOk=no puestoOk=no
[19:01:15] Fila 45: dep='Pañal' puesto='Empacador' | depOk=no puestoOk=no
[19:01:15] Fila 46: dep='Pañal' puesto='Gerente' | depOk=no puestoOk=no
[19:01:15] Fila 47: dep='Pañal' puesto='TSP' | depOk=no puestoOk=no
[19:01:15] Fila 48: dep='Pañal' puesto='Ayudannte' | depOk=no puestoOk=no
[19:01:15] Fila 49: dep='Protección femenina' puesto='Eléctrico' | depOk=no puestoOk=no
[19:01:15] Fila 50: dep='Protección femenina' puesto='Electrónico' | depOk=no puestoOk=SI
[19:01:15] Fila 51: dep='Protección femenina' puesto='Mecánico' | depOk=no puestoOk=no
[19:01:15] Fila 52: dep='Protección femenina' puesto='Ayudante' | depOk=no puestoOk=no
[19:01:15] Fila 53: dep='Protección femenina' puesto='Conductor' | depOk=no puestoOk=no
[19:01:15] Fila 54: dep='Protección femenina' puesto='Empacador' | depOk=no puestoOk=no
[19:01:15] Fila 55: dep='Protección femenina' puesto='Sellador de Linea' | depOk=no puestoOk=no
[19:01:15] Fila 56: dep='Protección femenina' puesto='TCP' | depOk=no puestoOk=no
[19:01:15] Fila 57: dep='Incontinencia' puesto='Gerente de Incontinencia' | depOk=SI puestoOk=no
[19:01:15] Fila 58: dep='Incontinencia' puesto='Superintendente  mantenimiento mecánico' | depOk=SI puestoOk=no
[19:01:15] Fila 59: dep='Incontinencia' puesto='Superintendente mantenimiento electrico' | depOk=SI puestoOk=no
[19:01:15] Fila 60: dep='Incontinencia' puesto='Superintendente de proceso' | depOk=SI puestoOk=no
[19:01:15] Fila 61: dep='Incontinencia' puesto='Supervisor produción' | depOk=SI puestoOk=no
[19:01:15] Fila 62: dep='Incontinencia' puesto='Supervisor Mecánico' | depOk=SI puestoOk=no
[19:01:15] Fila 63: dep='Incontinencia' puesto='Ing. de proceso' | depOk=SI puestoOk=no
[19:01:15] Fila 64: dep='Incontinencia' puesto='Planeador' | depOk=SI puestoOk=no
[19:01:15] Fila 65: dep='Incontinencia' puesto='Electronico' | depOk=SI puestoOk=SI
[19:01:15]    >>> MATCH en fila 65
[19:01:15]       + [Cabeza] B)        Casco dieléctrico
[19:01:15]       + [Ojos y cara] C)        Protector facial
[19:01:15]       + [Oídos] A)        Tapones auditivos
[19:01:15]       + [Aparato respiratorio] A)        Respirador contra partículas
[19:01:15]       + [Extremidades superiores] B)        Guantes dieléctricos
[19:01:15]       + [Tronco] F)      Ropa de alta visibilidad
[19:01:15]       + [Extremidades inferiores] C)        Calzado dieléctrico
[19:01:15]       + [Otros] A)        Equipo de protección contra caídas de altura
[19:01:15] Fila 66: dep='Incontinencia' puesto='Conductor de Maquina' | depOk=SI puestoOk=no
[19:01:15] Fila 67: dep='Incontinencia' puesto='Mecánico categorias A,B,C,D' | depOk=SI puestoOk=no
[19:01:15] Fila 68: dep='Incontinencia' puesto='Electrico categorias A,B,C,D' | depOk=SI puestoOk=no
[19:01:15] Fila 69: dep='Incontinencia' puesto='Ayudannte' | depOk=SI puestoOk=no
[19:01:15] Fila 70: dep='Incontinencia' puesto='sellador' | depOk=SI puestoOk=no
[19:01:15] Fila 71: dep='Incontinencia' puesto='Empacador' | depOk=SI puestoOk=no
[19:01:15] Fila 72: dep='Incontinencia' puesto='Mecánico especialista adhesivos' | depOk=SI puestoOk=no
[19:01:15] Fila 73: dep='Incontinencia' puesto='Mecánico con perfil maquinas herramientas' | depOk=SI puestoOk=no
[19:01:15] Fila 74: sin puesto (depActual='Incontinencia') -> SALTA
[19:01:15] Fila 75: sin puesto (depActual='Incontinencia') -> SALTA
[19:01:15] Fila 76: sin puesto (depActual='Incontinencia') -> SALTA
[19:01:15] Fila 77: sin puesto (depActual='Incontinencia') -> SALTA
[19:01:15] Fila 78: sin puesto (depActual='Incontinencia') -> SALTA
[19:01:15] Fila 79: sin puesto (depActual='Incontinencia') -> SALTA
[19:01:15] Fila 80: sin puesto (depActual='Incontinencia') -> SALTA
[19:01:15] Fila 81: sin puesto (depActual='Incontinencia') -> SALTA
[19:01:15] Fila 82: sin puesto (depActual='Incontinencia') -> SALTA
[19:01:15] Fila 83: sin puesto (depActual='Incontinencia') -> SALTA
[19:01:15] Fila 84: sin puesto (depActual='Incontinencia') -> SALTA
[19:01:15] Fila 85: sin puesto (depActual='Incontinencia') -> SALTA
[19:01:15] Fila 86: sin puesto (depActual='Incontinencia') -> SALTA
[19:01:15] Fila 87: sin puesto (depActual='Incontinencia') -> SALTA
[19:01:15] Fila 88: sin puesto (depActual='Incontinencia') -> SALTA
[19:01:15] Fila 89: sin puesto (depActual='Incontinencia') -> SALTA
[19:01:15] Fila 90: sin puesto (depActual='Incontinencia') -> SALTA
[19:01:15] Fila 91: sin puesto (depActual='Incontinencia') -> SALTA
[19:01:15] Fila 92: sin puesto (depActual='Incontinencia') -> SALTA
[19:01:15] Fila 93: sin puesto (depActual='Incontinencia') -> SALTA
[19:01:15] Fila 94: sin puesto (depActual='Incontinencia') -> SALTA
[19:01:15] Fila 95: sin puesto (depActual='Incontinencia') -> SALTA
[19:01:15] Fila 96: sin puesto (depActual='Incontinencia') -> SALTA
[19:01:15] Fila 97: sin puesto (depActual='Incontinencia') -> SALTA
[19:01:15] Fila 98: sin puesto (depActual='Incontinencia') -> SALTA
[19:01:15] Fila 99: sin puesto (depActual='Incontinencia') -> SALTA
[19:01:15] Fila 100: sin puesto (depActual='Incontinencia') -> SALTA
[19:01:15] Fila 101: sin puesto (depActual='Incontinencia') -> SALTA
[19:01:15] Fila 102: sin puesto (depActual='Incontinencia') -> SALTA
[19:01:15] Fila 103: sin puesto (depActual='Incontinencia') -> SALTA
[19:01:15] Fila 104: sin puesto (depActual='Incontinencia') -> SALTA
[19:01:15] Fila 105: sin puesto (depActual='Incontinencia') -> SALTA
[19:01:15] Fila 106: sin puesto (depActual='Incontinencia') -> SALTA
[19:01:15] Fila 107: sin puesto (depActual='Incontinencia') -> SALTA
[19:01:15] Fila 108: sin puesto (depActual='Incontinencia') -> SALTA
[19:01:15] Fila 109: sin puesto (depActual='Incontinencia') -> SALTA
[19:01:15] Fila 110: sin puesto (depActual='Incontinencia') -> SALTA
[19:01:15] Fila 111: sin puesto (depActual='Incontinencia') -> SALTA
[19:01:15] Fila 112: sin puesto (depActual='Incontinencia') -> SALTA
[19:01:15] Fila 113: sin puesto (depActual='Incontinencia') -> SALTA
[19:01:15] Fila 114: sin puesto (depActual='Incontinencia') -> SALTA
[19:01:15] Fila 115: sin puesto (depActual='Incontinencia') -> SALTA
[19:01:15] Fila 116: sin puesto (depActual='Incontinencia') -> SALTA
[19:01:15] Fila 117: sin puesto (depActual='Incontinencia') -> SALTA
[19:01:15] Fila 118: sin puesto (depActual='Incontinencia') -> SALTA
[19:01:15] Fila 119: sin puesto (depActual='Incontinencia') -> SALTA
[19:01:15] Fila 120: sin puesto (depActual='Incontinencia') -> SALTA
[19:01:15] Fila 121: sin puesto (depActual='Incontinencia') -> SALTA
[19:01:15] Fila 122: sin puesto (depActual='Incontinencia') -> SALTA
[19:01:15] Fila 123: sin puesto (depActual='Incontinencia') -> SALTA
[19:01:15] Fila 124: sin puesto (depActual='Incontinencia') -> SALTA
[19:01:15] Fila 125: sin puesto (depActual='Incontinencia') -> SALTA
[19:01:15] Fila 126: sin puesto (depActual='Incontinencia') -> SALTA
[19:01:15] Fila 127: sin puesto (depActual='Incontinencia') -> SALTA
[19:01:15] Fila 128: sin puesto (depActual='Incontinencia') -> SALTA
[19:01:15] Fila 129: sin puesto (depActual='Incontinencia') -> SALTA
[19:01:15] Fila 130: sin puesto (depActual='Incontinencia') -> SALTA
[19:01:15] Fila 131: sin puesto (depActual='Incontinencia') -> SALTA
[19:01:15] Fila 132: sin puesto (depActual='Incontinencia') -> SALTA
[19:01:15] Fila 133: sin puesto (depActual='Incontinencia') -> SALTA
[19:01:15] Fila 134: sin puesto (depActual='Incontinencia') -> SALTA
[19:01:15] Fila 135: sin puesto (depActual='Incontinencia') -> SALTA
[19:01:15] Fila 136: sin puesto (depActual='Incontinencia') -> SALTA
[19:01:15] Fila 137: sin puesto (depActual='Incontinencia') -> SALTA
[19:01:15] Fila 138: sin puesto (depActual='Incontinencia') -> SALTA
[19:01:15] Fila 139: sin puesto (depActual='Incontinencia') -> SALTA
[19:01:15] Fila 140: sin puesto (depActual='Incontinencia') -> SALTA
[19:01:15] Fila 141: sin puesto (depActual='Incontinencia') -> SALTA
[19:01:15] Fila 142: sin puesto (depActual='Incontinencia') -> SALTA
[19:01:15] Total de equipos encontrados: 8
[19:01:15] ========================================================
[19:03:31] ==================== NUEVA PETICION ====================
[19:03:31] Departamento recibido: 'Incontinencia'
[19:03:31] Puesto recibido: 'Técnico electrónico'
[19:03:31] Departamento normalizado: 'incontinencia'
[19:03:31] Puesto normalizado: 'tecnico electronico'
[19:03:31] Ruta Excel: C:\xampp\htdocs\Mes\KCMes\EPP\php/FO-OSHPS012-01_Identificación_y_selección_de_EPP.xlsx
[19:03:31] OK: archivo encontrado
[19:03:31] Hoja [0]: 'EPP'
[19:03:31] Hoja [1]: 'Tabla I.1'
[19:03:31] Hoja [2]: 'X supervisor'
[19:03:31] Hoja [3]: 'Para alta'
[19:03:31] Hoja activa: EPP
[19:03:31] Ultima fila con datos: 142
[19:03:31] Fila 6: dep='Contratistas' puesto='Soldador' | depOk=no puestoOk=no
[19:03:31] Fila 7: dep='Contratistas' puesto='Prevencionista' | depOk=no puestoOk=no
[19:03:31] Fila 8: dep='Contratistas' puesto='Ayudante general' | depOk=no puestoOk=no
[19:03:31] Fila 9: dep='Relaciones industriales' puesto='Ayudante general' | depOk=no puestoOk=no
[19:03:31] Fila 10: dep='Relaciones industriales' puesto='Guardia' | depOk=no puestoOk=no
[19:03:31] Fila 11: dep='Relaciones industriales' puesto='Ayudante general' | depOk=no puestoOk=no
[19:03:31] Fila 12: dep='Relaciones industriales' puesto='Personal de intentendencia' | depOk=no puestoOk=no
[19:03:31] Fila 13: dep='Servicios Auxiliares' puesto='Mecánico' | depOk=no puestoOk=no
[19:03:31] Fila 14: dep='Servicios Auxiliares' puesto='Mecánico' | depOk=no puestoOk=no
[19:03:31] Fila 15: dep='Servicios Auxiliares' puesto='Mecánico' | depOk=no puestoOk=no
[19:03:31] Fila 16: dep='Servicios Auxiliares' puesto='Mecánico' | depOk=no puestoOk=no
[19:03:31] Fila 17: dep='Servicios Auxiliares' puesto='Empacador' | depOk=no puestoOk=no
[19:03:31] Fila 18: dep='Telas NoTejidas' puesto='Superintendente mecatronico' | depOk=no puestoOk=no
[19:03:31] Fila 19: dep='Telas NoTejidas' puesto='Ing. Proceso' | depOk=no puestoOk=no
[19:03:31] Fila 20: dep='Telas NoTejidas' puesto='Conductor' | depOk=no puestoOk=no
[19:03:31] Fila 21: dep='Telas NoTejidas' puesto='Ayudante De Operador' | depOk=no puestoOk=no
[19:03:31] Fila 22: dep='Telas NoTejidas' puesto='Empacador' | depOk=no puestoOk=no
[19:03:31] Fila 23: dep='Telas NoTejidas' puesto='Líder de Operación' | depOk=no puestoOk=no
[19:03:31] Fila 24: dep='Telas NoTejidas' puesto='Tecnico Electronico' | depOk=no puestoOk=SI
[19:03:31] Fila 25: dep='Telas NoTejidas' puesto='Mecanico D' | depOk=no puestoOk=no
[19:03:31] Fila 26: dep='Telas NoTejidas' puesto='Mecanico B' | depOk=no puestoOk=no
[19:03:31] Fila 27: dep='Telas NoTejidas' puesto='Electrico D' | depOk=no puestoOk=no
[19:03:31] Fila 28: dep='Telas NoTejidas' puesto='Auxiliar Administrativo' | depOk=no puestoOk=no
[19:03:31] Fila 29: dep='Telas NoTejidas' puesto='Maestro en cardas' | depOk=no puestoOk=no
[19:03:31] Fila 30: dep='Almacén Materia Prima' puesto='Montacarguista' | depOk=no puestoOk=no
[19:03:31] Fila 31: dep='Almacén Materia Prima' puesto='Auxiliar Administrativo' | depOk=no puestoOk=no
[19:03:31] Fila 32: dep='Almacén Materia Prima' puesto='Supervisor' | depOk=no puestoOk=no
[19:03:31] Fila 33: dep='Almacén Materia Prima' puesto='Planeador' | depOk=no puestoOk=no
[19:03:31] Fila 34: dep='Almacén Materia Prima' puesto='Superintendente' | depOk=no puestoOk=no
[19:03:31] Fila 35: dep='Pañal' puesto='sellador' | depOk=no puestoOk=no
[19:03:31] Fila 36: dep='Pañal' puesto='Ing. Proceso' | depOk=no puestoOk=no
[19:03:31] Fila 37: dep='Pañal' puesto='Electrico' | depOk=no puestoOk=no
[19:03:31] Fila 38: dep='Pañal' puesto='Jefe de mantenimiento' | depOk=no puestoOk=no
[19:03:31] Fila 39: dep='Pañal' puesto='Planeador' | depOk=no puestoOk=no
[19:03:31] Fila 40: dep='Pañal' puesto='Electronico' | depOk=no puestoOk=SI
[19:03:31] Fila 41: dep='Pañal' puesto='Supervisor' | depOk=no puestoOk=no
[19:03:31] Fila 42: dep='Pañal' puesto='Super intendente' | depOk=no puestoOk=no
[19:03:31] Fila 43: dep='Pañal' puesto='Conductor' | depOk=no puestoOk=no
[19:03:31] Fila 44: dep='Pañal' puesto='Mecanico' | depOk=no puestoOk=no
[19:03:31] Fila 45: dep='Pañal' puesto='Empacador' | depOk=no puestoOk=no
[19:03:31] Fila 46: dep='Pañal' puesto='Gerente' | depOk=no puestoOk=no
[19:03:31] Fila 47: dep='Pañal' puesto='TSP' | depOk=no puestoOk=no
[19:03:31] Fila 48: dep='Pañal' puesto='Ayudannte' | depOk=no puestoOk=no
[19:03:31] Fila 49: dep='Protección femenina' puesto='Eléctrico' | depOk=no puestoOk=no
[19:03:31] Fila 50: dep='Protección femenina' puesto='Electrónico' | depOk=no puestoOk=SI
[19:03:31] Fila 51: dep='Protección femenina' puesto='Mecánico' | depOk=no puestoOk=no
[19:03:31] Fila 52: dep='Protección femenina' puesto='Ayudante' | depOk=no puestoOk=no
[19:03:31] Fila 53: dep='Protección femenina' puesto='Conductor' | depOk=no puestoOk=no
[19:03:31] Fila 54: dep='Protección femenina' puesto='Empacador' | depOk=no puestoOk=no
[19:03:31] Fila 55: dep='Protección femenina' puesto='Sellador de Linea' | depOk=no puestoOk=no
[19:03:31] Fila 56: dep='Protección femenina' puesto='TCP' | depOk=no puestoOk=no
[19:03:31] Fila 57: dep='Incontinencia' puesto='Gerente de Incontinencia' | depOk=SI puestoOk=no
[19:03:31] Fila 58: dep='Incontinencia' puesto='Superintendente  mantenimiento mecánico' | depOk=SI puestoOk=no
[19:03:31] Fila 59: dep='Incontinencia' puesto='Superintendente mantenimiento electrico' | depOk=SI puestoOk=no
[19:03:31] Fila 60: dep='Incontinencia' puesto='Superintendente de proceso' | depOk=SI puestoOk=no
[19:03:31] Fila 61: dep='Incontinencia' puesto='Supervisor produción' | depOk=SI puestoOk=no
[19:03:31] Fila 62: dep='Incontinencia' puesto='Supervisor Mecánico' | depOk=SI puestoOk=no
[19:03:31] Fila 63: dep='Incontinencia' puesto='Ing. de proceso' | depOk=SI puestoOk=no
[19:03:31] Fila 64: dep='Incontinencia' puesto='Planeador' | depOk=SI puestoOk=no
[19:03:31] Fila 65: dep='Incontinencia' puesto='Electronico' | depOk=SI puestoOk=SI
[19:03:31]    >>> MATCH en fila 65
[19:03:31]       + [Cabeza] B)        Casco dieléctrico
[19:03:31]       + [Ojos y cara] C)        Protector facial
[19:03:31]       + [Oídos] A)        Tapones auditivos
[19:03:31]       + [Aparato respiratorio] A)        Respirador contra partículas
[19:03:31]       + [Extremidades superiores] B)        Guantes dieléctricos
[19:03:31]       + [Tronco] F)      Ropa de alta visibilidad
[19:03:31]       + [Extremidades inferiores] C)        Calzado dieléctrico
[19:03:31]       + [Otros] A)        Equipo de protección contra caídas de altura
[19:03:31] Fila 66: dep='Incontinencia' puesto='Conductor de Maquina' | depOk=SI puestoOk=no
[19:03:31] Fila 67: dep='Incontinencia' puesto='Mecánico categorias A,B,C,D' | depOk=SI puestoOk=no
[19:03:31] Fila 68: dep='Incontinencia' puesto='Electrico categorias A,B,C,D' | depOk=SI puestoOk=no
[19:03:31] Fila 69: dep='Incontinencia' puesto='Ayudannte' | depOk=SI puestoOk=no
[19:03:31] Fila 70: dep='Incontinencia' puesto='sellador' | depOk=SI puestoOk=no
[19:03:31] Fila 71: dep='Incontinencia' puesto='Empacador' | depOk=SI puestoOk=no
[19:03:31] Fila 72: dep='Incontinencia' puesto='Mecánico especialista adhesivos' | depOk=SI puestoOk=no
[19:03:31] Fila 73: dep='Incontinencia' puesto='Mecánico con perfil maquinas herramientas' | depOk=SI puestoOk=no
[19:03:31] Fila 74: sin puesto (depActual='Incontinencia') -> SALTA
[19:03:31] Fila 75: sin puesto (depActual='Incontinencia') -> SALTA
[19:03:31] Fila 76: sin puesto (depActual='Incontinencia') -> SALTA
[19:03:31] Fila 77: sin puesto (depActual='Incontinencia') -> SALTA
[19:03:31] Fila 78: sin puesto (depActual='Incontinencia') -> SALTA
[19:03:31] Fila 79: sin puesto (depActual='Incontinencia') -> SALTA
[19:03:31] Fila 80: sin puesto (depActual='Incontinencia') -> SALTA
[19:03:31] Fila 81: sin puesto (depActual='Incontinencia') -> SALTA
[19:03:31] Fila 82: sin puesto (depActual='Incontinencia') -> SALTA
[19:03:31] Fila 83: sin puesto (depActual='Incontinencia') -> SALTA
[19:03:31] Fila 84: sin puesto (depActual='Incontinencia') -> SALTA
[19:03:31] Fila 85: sin puesto (depActual='Incontinencia') -> SALTA
[19:03:31] Fila 86: sin puesto (depActual='Incontinencia') -> SALTA
[19:03:31] Fila 87: sin puesto (depActual='Incontinencia') -> SALTA
[19:03:31] Fila 88: sin puesto (depActual='Incontinencia') -> SALTA
[19:03:31] Fila 89: sin puesto (depActual='Incontinencia') -> SALTA
[19:03:31] Fila 90: sin puesto (depActual='Incontinencia') -> SALTA
[19:03:31] Fila 91: sin puesto (depActual='Incontinencia') -> SALTA
[19:03:31] Fila 92: sin puesto (depActual='Incontinencia') -> SALTA
[19:03:31] Fila 93: sin puesto (depActual='Incontinencia') -> SALTA
[19:03:31] Fila 94: sin puesto (depActual='Incontinencia') -> SALTA
[19:03:31] Fila 95: sin puesto (depActual='Incontinencia') -> SALTA
[19:03:31] Fila 96: sin puesto (depActual='Incontinencia') -> SALTA
[19:03:31] Fila 97: sin puesto (depActual='Incontinencia') -> SALTA
[19:03:31] Fila 98: sin puesto (depActual='Incontinencia') -> SALTA
[19:03:31] Fila 99: sin puesto (depActual='Incontinencia') -> SALTA
[19:03:31] Fila 100: sin puesto (depActual='Incontinencia') -> SALTA
[19:03:31] Fila 101: sin puesto (depActual='Incontinencia') -> SALTA
[19:03:31] Fila 102: sin puesto (depActual='Incontinencia') -> SALTA
[19:03:31] Fila 103: sin puesto (depActual='Incontinencia') -> SALTA
[19:03:31] Fila 104: sin puesto (depActual='Incontinencia') -> SALTA
[19:03:31] Fila 105: sin puesto (depActual='Incontinencia') -> SALTA
[19:03:31] Fila 106: sin puesto (depActual='Incontinencia') -> SALTA
[19:03:31] Fila 107: sin puesto (depActual='Incontinencia') -> SALTA
[19:03:31] Fila 108: sin puesto (depActual='Incontinencia') -> SALTA
[19:03:31] Fila 109: sin puesto (depActual='Incontinencia') -> SALTA
[19:03:31] Fila 110: sin puesto (depActual='Incontinencia') -> SALTA
[19:03:31] Fila 111: sin puesto (depActual='Incontinencia') -> SALTA
[19:03:31] Fila 112: sin puesto (depActual='Incontinencia') -> SALTA
[19:03:31] Fila 113: sin puesto (depActual='Incontinencia') -> SALTA
[19:03:31] Fila 114: sin puesto (depActual='Incontinencia') -> SALTA
[19:03:31] Fila 115: sin puesto (depActual='Incontinencia') -> SALTA
[19:03:31] Fila 116: sin puesto (depActual='Incontinencia') -> SALTA
[19:03:31] Fila 117: sin puesto (depActual='Incontinencia') -> SALTA
[19:03:31] Fila 118: sin puesto (depActual='Incontinencia') -> SALTA
[19:03:31] Fila 119: sin puesto (depActual='Incontinencia') -> SALTA
[19:03:31] Fila 120: sin puesto (depActual='Incontinencia') -> SALTA
[19:03:31] Fila 121: sin puesto (depActual='Incontinencia') -> SALTA
[19:03:31] Fila 122: sin puesto (depActual='Incontinencia') -> SALTA
[19:03:31] Fila 123: sin puesto (depActual='Incontinencia') -> SALTA
[19:03:31] Fila 124: sin puesto (depActual='Incontinencia') -> SALTA
[19:03:31] Fila 125: sin puesto (depActual='Incontinencia') -> SALTA
[19:03:31] Fila 126: sin puesto (depActual='Incontinencia') -> SALTA
[19:03:31] Fila 127: sin puesto (depActual='Incontinencia') -> SALTA
[19:03:31] Fila 128: sin puesto (depActual='Incontinencia') -> SALTA
[19:03:31] Fila 129: sin puesto (depActual='Incontinencia') -> SALTA
[19:03:31] Fila 130: sin puesto (depActual='Incontinencia') -> SALTA
[19:03:31] Fila 131: sin puesto (depActual='Incontinencia') -> SALTA
[19:03:31] Fila 132: sin puesto (depActual='Incontinencia') -> SALTA
[19:03:31] Fila 133: sin puesto (depActual='Incontinencia') -> SALTA
[19:03:31] Fila 134: sin puesto (depActual='Incontinencia') -> SALTA
[19:03:31] Fila 135: sin puesto (depActual='Incontinencia') -> SALTA
[19:03:31] Fila 136: sin puesto (depActual='Incontinencia') -> SALTA
[19:03:31] Fila 137: sin puesto (depActual='Incontinencia') -> SALTA
[19:03:31] Fila 138: sin puesto (depActual='Incontinencia') -> SALTA
[19:03:31] Fila 139: sin puesto (depActual='Incontinencia') -> SALTA
[19:03:31] Fila 140: sin puesto (depActual='Incontinencia') -> SALTA
[19:03:31] Fila 141: sin puesto (depActual='Incontinencia') -> SALTA
[19:03:31] Fila 142: sin puesto (depActual='Incontinencia') -> SALTA
[19:03:31] Total de equipos encontrados: 8
[19:03:31] ========================================================
[19:04:02] ==================== NUEVA PETICION ====================
[19:04:02] Departamento recibido: 'Incontinencia'
[19:04:02] Puesto recibido: 'Técnico electrónico'
[19:04:02] Departamento normalizado: 'incontinencia'
[19:04:02] Puesto normalizado: 'tecnico electronico'
[19:04:02] Ruta Excel: C:\xampp\htdocs\Mes\KCMes\EPP\php/FO-OSHPS012-01_Identificación_y_selección_de_EPP.xlsx
[19:04:02] OK: archivo encontrado
[19:04:03] Hoja [0]: 'EPP'
[19:04:03] Hoja [1]: 'Tabla I.1'
[19:04:03] Hoja [2]: 'X supervisor'
[19:04:03] Hoja [3]: 'Para alta'
[19:04:03] Hoja activa: EPP
[19:04:03] Ultima fila con datos: 142
[19:04:03] Fila 6: dep='Contratistas' puesto='Soldador' | depOk=no puestoOk=no
[19:04:03] Fila 7: dep='Contratistas' puesto='Prevencionista' | depOk=no puestoOk=no
[19:04:03] Fila 8: dep='Contratistas' puesto='Ayudante general' | depOk=no puestoOk=no
[19:04:03] Fila 9: dep='Relaciones industriales' puesto='Ayudante general' | depOk=no puestoOk=no
[19:04:03] Fila 10: dep='Relaciones industriales' puesto='Guardia' | depOk=no puestoOk=no
[19:04:03] Fila 11: dep='Relaciones industriales' puesto='Ayudante general' | depOk=no puestoOk=no
[19:04:03] Fila 12: dep='Relaciones industriales' puesto='Personal de intentendencia' | depOk=no puestoOk=no
[19:04:03] Fila 13: dep='Servicios Auxiliares' puesto='Mecánico' | depOk=no puestoOk=no
[19:04:03] Fila 14: dep='Servicios Auxiliares' puesto='Mecánico' | depOk=no puestoOk=no
[19:04:03] Fila 15: dep='Servicios Auxiliares' puesto='Mecánico' | depOk=no puestoOk=no
[19:04:03] Fila 16: dep='Servicios Auxiliares' puesto='Mecánico' | depOk=no puestoOk=no
[19:04:03] Fila 17: dep='Servicios Auxiliares' puesto='Empacador' | depOk=no puestoOk=no
[19:04:03] Fila 18: dep='Telas NoTejidas' puesto='Superintendente mecatronico' | depOk=no puestoOk=no
[19:04:03] Fila 19: dep='Telas NoTejidas' puesto='Ing. Proceso' | depOk=no puestoOk=no
[19:04:03] Fila 20: dep='Telas NoTejidas' puesto='Conductor' | depOk=no puestoOk=no
[19:04:03] Fila 21: dep='Telas NoTejidas' puesto='Ayudante De Operador' | depOk=no puestoOk=no
[19:04:03] Fila 22: dep='Telas NoTejidas' puesto='Empacador' | depOk=no puestoOk=no
[19:04:03] Fila 23: dep='Telas NoTejidas' puesto='Líder de Operación' | depOk=no puestoOk=no
[19:04:03] Fila 24: dep='Telas NoTejidas' puesto='Tecnico Electronico' | depOk=no puestoOk=SI
[19:04:03] Fila 25: dep='Telas NoTejidas' puesto='Mecanico D' | depOk=no puestoOk=no
[19:04:03] Fila 26: dep='Telas NoTejidas' puesto='Mecanico B' | depOk=no puestoOk=no
[19:04:03] Fila 27: dep='Telas NoTejidas' puesto='Electrico D' | depOk=no puestoOk=no
[19:04:03] Fila 28: dep='Telas NoTejidas' puesto='Auxiliar Administrativo' | depOk=no puestoOk=no
[19:04:03] Fila 29: dep='Telas NoTejidas' puesto='Maestro en cardas' | depOk=no puestoOk=no
[19:04:03] Fila 30: dep='Almacén Materia Prima' puesto='Montacarguista' | depOk=no puestoOk=no
[19:04:03] Fila 31: dep='Almacén Materia Prima' puesto='Auxiliar Administrativo' | depOk=no puestoOk=no
[19:04:03] Fila 32: dep='Almacén Materia Prima' puesto='Supervisor' | depOk=no puestoOk=no
[19:04:03] Fila 33: dep='Almacén Materia Prima' puesto='Planeador' | depOk=no puestoOk=no
[19:04:03] Fila 34: dep='Almacén Materia Prima' puesto='Superintendente' | depOk=no puestoOk=no
[19:04:03] Fila 35: dep='Pañal' puesto='sellador' | depOk=no puestoOk=no
[19:04:03] Fila 36: dep='Pañal' puesto='Ing. Proceso' | depOk=no puestoOk=no
[19:04:03] Fila 37: dep='Pañal' puesto='Electrico' | depOk=no puestoOk=no
[19:04:03] Fila 38: dep='Pañal' puesto='Jefe de mantenimiento' | depOk=no puestoOk=no
[19:04:03] Fila 39: dep='Pañal' puesto='Planeador' | depOk=no puestoOk=no
[19:04:03] Fila 40: dep='Pañal' puesto='Electronico' | depOk=no puestoOk=SI
[19:04:03] Fila 41: dep='Pañal' puesto='Supervisor' | depOk=no puestoOk=no
[19:04:03] Fila 42: dep='Pañal' puesto='Super intendente' | depOk=no puestoOk=no
[19:04:03] Fila 43: dep='Pañal' puesto='Conductor' | depOk=no puestoOk=no
[19:04:03] Fila 44: dep='Pañal' puesto='Mecanico' | depOk=no puestoOk=no
[19:04:03] Fila 45: dep='Pañal' puesto='Empacador' | depOk=no puestoOk=no
[19:04:03] Fila 46: dep='Pañal' puesto='Gerente' | depOk=no puestoOk=no
[19:04:03] Fila 47: dep='Pañal' puesto='TSP' | depOk=no puestoOk=no
[19:04:03] Fila 48: dep='Pañal' puesto='Ayudannte' | depOk=no puestoOk=no
[19:04:03] Fila 49: dep='Protección femenina' puesto='Eléctrico' | depOk=no puestoOk=no
[19:04:03] Fila 50: dep='Protección femenina' puesto='Electrónico' | depOk=no puestoOk=SI
[19:04:03] Fila 51: dep='Protección femenina' puesto='Mecánico' | depOk=no puestoOk=no
[19:04:03] Fila 52: dep='Protección femenina' puesto='Ayudante' | depOk=no puestoOk=no
[19:04:03] Fila 53: dep='Protección femenina' puesto='Conductor' | depOk=no puestoOk=no
[19:04:03] Fila 54: dep='Protección femenina' puesto='Empacador' | depOk=no puestoOk=no
[19:04:03] Fila 55: dep='Protección femenina' puesto='Sellador de Linea' | depOk=no puestoOk=no
[19:04:03] Fila 56: dep='Protección femenina' puesto='TCP' | depOk=no puestoOk=no
[19:04:03] Fila 57: dep='Incontinencia' puesto='Gerente de Incontinencia' | depOk=SI puestoOk=no
[19:04:03] Fila 58: dep='Incontinencia' puesto='Superintendente  mantenimiento mecánico' | depOk=SI puestoOk=no
[19:04:03] Fila 59: dep='Incontinencia' puesto='Superintendente mantenimiento electrico' | depOk=SI puestoOk=no
[19:04:03] Fila 60: dep='Incontinencia' puesto='Superintendente de proceso' | depOk=SI puestoOk=no
[19:04:03] Fila 61: dep='Incontinencia' puesto='Supervisor produción' | depOk=SI puestoOk=no
[19:04:03] Fila 62: dep='Incontinencia' puesto='Supervisor Mecánico' | depOk=SI puestoOk=no
[19:04:03] Fila 63: dep='Incontinencia' puesto='Ing. de proceso' | depOk=SI puestoOk=no
[19:04:03] Fila 64: dep='Incontinencia' puesto='Planeador' | depOk=SI puestoOk=no
[19:04:03] Fila 65: dep='Incontinencia' puesto='Electronico' | depOk=SI puestoOk=SI
[19:04:03]    >>> MATCH en fila 65
[19:04:03]       + [Cabeza] B)        Casco dieléctrico
[19:04:03]       + [Ojos y cara] C)        Protector facial
[19:04:03]       + [Oídos] A)        Tapones auditivos
[19:04:03]       + [Aparato respiratorio] A)        Respirador contra partículas
[19:04:03]       + [Extremidades superiores] B)        Guantes dieléctricos
[19:04:03]       + [Tronco] F)      Ropa de alta visibilidad
[19:04:03]       + [Extremidades inferiores] C)        Calzado dieléctrico
[19:04:03]       + [Otros] A)        Equipo de protección contra caídas de altura
[19:04:03] Fila 66: dep='Incontinencia' puesto='Conductor de Maquina' | depOk=SI puestoOk=no
[19:04:03] Fila 67: dep='Incontinencia' puesto='Mecánico categorias A,B,C,D' | depOk=SI puestoOk=no
[19:04:03] Fila 68: dep='Incontinencia' puesto='Electrico categorias A,B,C,D' | depOk=SI puestoOk=no
[19:04:03] Fila 69: dep='Incontinencia' puesto='Ayudannte' | depOk=SI puestoOk=no
[19:04:03] Fila 70: dep='Incontinencia' puesto='sellador' | depOk=SI puestoOk=no
[19:04:03] Fila 71: dep='Incontinencia' puesto='Empacador' | depOk=SI puestoOk=no
[19:04:03] Fila 72: dep='Incontinencia' puesto='Mecánico especialista adhesivos' | depOk=SI puestoOk=no
[19:04:03] Fila 73: dep='Incontinencia' puesto='Mecánico con perfil maquinas herramientas' | depOk=SI puestoOk=no
[19:04:03] Fila 74: sin puesto (depActual='Incontinencia') -> SALTA
[19:04:03] Fila 75: sin puesto (depActual='Incontinencia') -> SALTA
[19:04:03] Fila 76: sin puesto (depActual='Incontinencia') -> SALTA
[19:04:03] Fila 77: sin puesto (depActual='Incontinencia') -> SALTA
[19:04:03] Fila 78: sin puesto (depActual='Incontinencia') -> SALTA
[19:04:03] Fila 79: sin puesto (depActual='Incontinencia') -> SALTA
[19:04:03] Fila 80: sin puesto (depActual='Incontinencia') -> SALTA
[19:04:03] Fila 81: sin puesto (depActual='Incontinencia') -> SALTA
[19:04:03] Fila 82: sin puesto (depActual='Incontinencia') -> SALTA
[19:04:03] Fila 83: sin puesto (depActual='Incontinencia') -> SALTA
[19:04:03] Fila 84: sin puesto (depActual='Incontinencia') -> SALTA
[19:04:03] Fila 85: sin puesto (depActual='Incontinencia') -> SALTA
[19:04:03] Fila 86: sin puesto (depActual='Incontinencia') -> SALTA
[19:04:03] Fila 87: sin puesto (depActual='Incontinencia') -> SALTA
[19:04:03] Fila 88: sin puesto (depActual='Incontinencia') -> SALTA
[19:04:03] Fila 89: sin puesto (depActual='Incontinencia') -> SALTA
[19:04:03] Fila 90: sin puesto (depActual='Incontinencia') -> SALTA
[19:04:03] Fila 91: sin puesto (depActual='Incontinencia') -> SALTA
[19:04:03] Fila 92: sin puesto (depActual='Incontinencia') -> SALTA
[19:04:03] Fila 93: sin puesto (depActual='Incontinencia') -> SALTA
[19:04:03] Fila 94: sin puesto (depActual='Incontinencia') -> SALTA
[19:04:03] Fila 95: sin puesto (depActual='Incontinencia') -> SALTA
[19:04:03] Fila 96: sin puesto (depActual='Incontinencia') -> SALTA
[19:04:03] Fila 97: sin puesto (depActual='Incontinencia') -> SALTA
[19:04:03] Fila 98: sin puesto (depActual='Incontinencia') -> SALTA
[19:04:03] Fila 99: sin puesto (depActual='Incontinencia') -> SALTA
[19:04:03] Fila 100: sin puesto (depActual='Incontinencia') -> SALTA
[19:04:03] Fila 101: sin puesto (depActual='Incontinencia') -> SALTA
[19:04:03] Fila 102: sin puesto (depActual='Incontinencia') -> SALTA
[19:04:03] Fila 103: sin puesto (depActual='Incontinencia') -> SALTA
[19:04:03] Fila 104: sin puesto (depActual='Incontinencia') -> SALTA
[19:04:03] Fila 105: sin puesto (depActual='Incontinencia') -> SALTA
[19:04:03] Fila 106: sin puesto (depActual='Incontinencia') -> SALTA
[19:04:03] Fila 107: sin puesto (depActual='Incontinencia') -> SALTA
[19:04:03] Fila 108: sin puesto (depActual='Incontinencia') -> SALTA
[19:04:03] Fila 109: sin puesto (depActual='Incontinencia') -> SALTA
[19:04:03] Fila 110: sin puesto (depActual='Incontinencia') -> SALTA
[19:04:03] Fila 111: sin puesto (depActual='Incontinencia') -> SALTA
[19:04:03] Fila 112: sin puesto (depActual='Incontinencia') -> SALTA
[19:04:03] Fila 113: sin puesto (depActual='Incontinencia') -> SALTA
[19:04:03] Fila 114: sin puesto (depActual='Incontinencia') -> SALTA
[19:04:03] Fila 115: sin puesto (depActual='Incontinencia') -> SALTA
[19:04:03] Fila 116: sin puesto (depActual='Incontinencia') -> SALTA
[19:04:03] Fila 117: sin puesto (depActual='Incontinencia') -> SALTA
[19:04:03] Fila 118: sin puesto (depActual='Incontinencia') -> SALTA
[19:04:03] Fila 119: sin puesto (depActual='Incontinencia') -> SALTA
[19:04:03] Fila 120: sin puesto (depActual='Incontinencia') -> SALTA
[19:04:03] Fila 121: sin puesto (depActual='Incontinencia') -> SALTA
[19:04:03] Fila 122: sin puesto (depActual='Incontinencia') -> SALTA
[19:04:03] Fila 123: sin puesto (depActual='Incontinencia') -> SALTA
[19:04:03] Fila 124: sin puesto (depActual='Incontinencia') -> SALTA
[19:04:03] Fila 125: sin puesto (depActual='Incontinencia') -> SALTA
[19:04:03] Fila 126: sin puesto (depActual='Incontinencia') -> SALTA
[19:04:03] Fila 127: sin puesto (depActual='Incontinencia') -> SALTA
[19:04:03] Fila 128: sin puesto (depActual='Incontinencia') -> SALTA
[19:04:03] Fila 129: sin puesto (depActual='Incontinencia') -> SALTA
[19:04:03] Fila 130: sin puesto (depActual='Incontinencia') -> SALTA
[19:04:03] Fila 131: sin puesto (depActual='Incontinencia') -> SALTA
[19:04:03] Fila 132: sin puesto (depActual='Incontinencia') -> SALTA
[19:04:03] Fila 133: sin puesto (depActual='Incontinencia') -> SALTA
[19:04:03] Fila 134: sin puesto (depActual='Incontinencia') -> SALTA
[19:04:03] Fila 135: sin puesto (depActual='Incontinencia') -> SALTA
[19:04:03] Fila 136: sin puesto (depActual='Incontinencia') -> SALTA
[19:04:03] Fila 137: sin puesto (depActual='Incontinencia') -> SALTA
[19:04:03] Fila 138: sin puesto (depActual='Incontinencia') -> SALTA
[19:04:03] Fila 139: sin puesto (depActual='Incontinencia') -> SALTA
[19:04:03] Fila 140: sin puesto (depActual='Incontinencia') -> SALTA
[19:04:03] Fila 141: sin puesto (depActual='Incontinencia') -> SALTA
[19:04:03] Fila 142: sin puesto (depActual='Incontinencia') -> SALTA
[19:04:03] Total de equipos encontrados: 8
[19:04:03] ========================================================
[19:06:25] ==================== NUEVA PETICION ====================
[19:06:25] Departamento recibido: 'Incontinencia'
[19:06:25] Puesto recibido: 'Técnico electrónico'
[19:06:25] Departamento normalizado: 'incontinencia'
[19:06:25] Puesto normalizado: 'tecnico electronico'
[19:06:25] Ruta Excel: C:\xampp\htdocs\Mes\KCMes\EPP\php/FO-OSHPS012-01_Identificación_y_selección_de_EPP.xlsx
[19:06:25] OK: archivo encontrado
[19:06:25] Hoja [0]: 'EPP'
[19:06:25] Hoja [1]: 'Tabla I.1'
[19:06:25] Hoja [2]: 'X supervisor'
[19:06:25] Hoja [3]: 'Para alta'
[19:06:25] Hoja activa: EPP
[19:06:25] Ultima fila con datos: 142
[19:06:25] Fila 6: dep='Contratistas' puesto='Soldador' | depOk=no puestoOk=no
[19:06:25] Fila 7: dep='Contratistas' puesto='Prevencionista' | depOk=no puestoOk=no
[19:06:25] Fila 8: dep='Contratistas' puesto='Ayudante general' | depOk=no puestoOk=no
[19:06:25] Fila 9: dep='Relaciones industriales' puesto='Ayudante general' | depOk=no puestoOk=no
[19:06:25] Fila 10: dep='Relaciones industriales' puesto='Guardia' | depOk=no puestoOk=no
[19:06:25] Fila 11: dep='Relaciones industriales' puesto='Ayudante general' | depOk=no puestoOk=no
[19:06:25] Fila 12: dep='Relaciones industriales' puesto='Personal de intentendencia' | depOk=no puestoOk=no
[19:06:25] Fila 13: dep='Servicios Auxiliares' puesto='Mecánico' | depOk=no puestoOk=no
[19:06:25] Fila 14: dep='Servicios Auxiliares' puesto='Mecánico' | depOk=no puestoOk=no
[19:06:25] Fila 15: dep='Servicios Auxiliares' puesto='Mecánico' | depOk=no puestoOk=no
[19:06:25] Fila 16: dep='Servicios Auxiliares' puesto='Mecánico' | depOk=no puestoOk=no
[19:06:25] Fila 17: dep='Servicios Auxiliares' puesto='Empacador' | depOk=no puestoOk=no
[19:06:25] Fila 18: dep='Telas NoTejidas' puesto='Superintendente mecatronico' | depOk=no puestoOk=no
[19:06:25] Fila 19: dep='Telas NoTejidas' puesto='Ing. Proceso' | depOk=no puestoOk=no
[19:06:25] Fila 20: dep='Telas NoTejidas' puesto='Conductor' | depOk=no puestoOk=no
[19:06:25] Fila 21: dep='Telas NoTejidas' puesto='Ayudante De Operador' | depOk=no puestoOk=no
[19:06:25] Fila 22: dep='Telas NoTejidas' puesto='Empacador' | depOk=no puestoOk=no
[19:06:25] Fila 23: dep='Telas NoTejidas' puesto='Líder de Operación' | depOk=no puestoOk=no
[19:06:25] Fila 24: dep='Telas NoTejidas' puesto='Tecnico Electronico' | depOk=no puestoOk=SI
[19:06:25] Fila 25: dep='Telas NoTejidas' puesto='Mecanico D' | depOk=no puestoOk=no
[19:06:25] Fila 26: dep='Telas NoTejidas' puesto='Mecanico B' | depOk=no puestoOk=no
[19:06:25] Fila 27: dep='Telas NoTejidas' puesto='Electrico D' | depOk=no puestoOk=no
[19:06:25] Fila 28: dep='Telas NoTejidas' puesto='Auxiliar Administrativo' | depOk=no puestoOk=no
[19:06:25] Fila 29: dep='Telas NoTejidas' puesto='Maestro en cardas' | depOk=no puestoOk=no
[19:06:25] Fila 30: dep='Almacén Materia Prima' puesto='Montacarguista' | depOk=no puestoOk=no
[19:06:25] Fila 31: dep='Almacén Materia Prima' puesto='Auxiliar Administrativo' | depOk=no puestoOk=no
[19:06:25] Fila 32: dep='Almacén Materia Prima' puesto='Supervisor' | depOk=no puestoOk=no
[19:06:25] Fila 33: dep='Almacén Materia Prima' puesto='Planeador' | depOk=no puestoOk=no
[19:06:25] Fila 34: dep='Almacén Materia Prima' puesto='Superintendente' | depOk=no puestoOk=no
[19:06:25] Fila 35: dep='Pañal' puesto='sellador' | depOk=no puestoOk=no
[19:06:25] Fila 36: dep='Pañal' puesto='Ing. Proceso' | depOk=no puestoOk=no
[19:06:25] Fila 37: dep='Pañal' puesto='Electrico' | depOk=no puestoOk=no
[19:06:25] Fila 38: dep='Pañal' puesto='Jefe de mantenimiento' | depOk=no puestoOk=no
[19:06:25] Fila 39: dep='Pañal' puesto='Planeador' | depOk=no puestoOk=no
[19:06:25] Fila 40: dep='Pañal' puesto='Electronico' | depOk=no puestoOk=SI
[19:06:25] Fila 41: dep='Pañal' puesto='Supervisor' | depOk=no puestoOk=no
[19:06:25] Fila 42: dep='Pañal' puesto='Super intendente' | depOk=no puestoOk=no
[19:06:25] Fila 43: dep='Pañal' puesto='Conductor' | depOk=no puestoOk=no
[19:06:25] Fila 44: dep='Pañal' puesto='Mecanico' | depOk=no puestoOk=no
[19:06:25] Fila 45: dep='Pañal' puesto='Empacador' | depOk=no puestoOk=no
[19:06:25] Fila 46: dep='Pañal' puesto='Gerente' | depOk=no puestoOk=no
[19:06:25] Fila 47: dep='Pañal' puesto='TSP' | depOk=no puestoOk=no
[19:06:25] Fila 48: dep='Pañal' puesto='Ayudannte' | depOk=no puestoOk=no
[19:06:25] Fila 49: dep='Protección femenina' puesto='Eléctrico' | depOk=no puestoOk=no
[19:06:25] Fila 50: dep='Protección femenina' puesto='Electrónico' | depOk=no puestoOk=SI
[19:06:25] Fila 51: dep='Protección femenina' puesto='Mecánico' | depOk=no puestoOk=no
[19:06:25] Fila 52: dep='Protección femenina' puesto='Ayudante' | depOk=no puestoOk=no
[19:06:25] Fila 53: dep='Protección femenina' puesto='Conductor' | depOk=no puestoOk=no
[19:06:25] Fila 54: dep='Protección femenina' puesto='Empacador' | depOk=no puestoOk=no
[19:06:25] Fila 55: dep='Protección femenina' puesto='Sellador de Linea' | depOk=no puestoOk=no
[19:06:25] Fila 56: dep='Protección femenina' puesto='TCP' | depOk=no puestoOk=no
[19:06:25] Fila 57: dep='Incontinencia' puesto='Gerente de Incontinencia' | depOk=SI puestoOk=no
[19:06:25] Fila 58: dep='Incontinencia' puesto='Superintendente  mantenimiento mecánico' | depOk=SI puestoOk=no
[19:06:25] Fila 59: dep='Incontinencia' puesto='Superintendente mantenimiento electrico' | depOk=SI puestoOk=no
[19:06:25] Fila 60: dep='Incontinencia' puesto='Superintendente de proceso' | depOk=SI puestoOk=no
[19:06:25] Fila 61: dep='Incontinencia' puesto='Supervisor produción' | depOk=SI puestoOk=no
[19:06:25] Fila 62: dep='Incontinencia' puesto='Supervisor Mecánico' | depOk=SI puestoOk=no
[19:06:25] Fila 63: dep='Incontinencia' puesto='Ing. de proceso' | depOk=SI puestoOk=no
[19:06:25] Fila 64: dep='Incontinencia' puesto='Planeador' | depOk=SI puestoOk=no
[19:06:25] Fila 65: dep='Incontinencia' puesto='Electronico' | depOk=SI puestoOk=SI
[19:06:25]    >>> MATCH en fila 65
[19:06:25]       + [Cabeza] B)        Casco dieléctrico
[19:06:25]       + [Ojos y cara] C)        Protector facial
[19:06:25]       + [Oídos] A)        Tapones auditivos
[19:06:25]       + [Aparato respiratorio] A)        Respirador contra partículas
[19:06:25]       + [Extremidades superiores] B)        Guantes dieléctricos
[19:06:25]       + [Tronco] F)      Ropa de alta visibilidad
[19:06:25]       + [Extremidades inferiores] C)        Calzado dieléctrico
[19:06:25]       + [Otros] A)        Equipo de protección contra caídas de altura
[19:06:25] Fila 66: dep='Incontinencia' puesto='Conductor de Maquina' | depOk=SI puestoOk=no
[19:06:25] Fila 67: dep='Incontinencia' puesto='Mecánico categorias A,B,C,D' | depOk=SI puestoOk=no
[19:06:25] Fila 68: dep='Incontinencia' puesto='Electrico categorias A,B,C,D' | depOk=SI puestoOk=no
[19:06:25] Fila 69: dep='Incontinencia' puesto='Ayudannte' | depOk=SI puestoOk=no
[19:06:25] Fila 70: dep='Incontinencia' puesto='sellador' | depOk=SI puestoOk=no
[19:06:25] Fila 71: dep='Incontinencia' puesto='Empacador' | depOk=SI puestoOk=no
[19:06:25] Fila 72: dep='Incontinencia' puesto='Mecánico especialista adhesivos' | depOk=SI puestoOk=no
[19:06:25] Fila 73: dep='Incontinencia' puesto='Mecánico con perfil maquinas herramientas' | depOk=SI puestoOk=no
[19:06:25] Fila 74: sin puesto (depActual='Incontinencia') -> SALTA
[19:06:25] Fila 75: sin puesto (depActual='Incontinencia') -> SALTA
[19:06:25] Fila 76: sin puesto (depActual='Incontinencia') -> SALTA
[19:06:25] Fila 77: sin puesto (depActual='Incontinencia') -> SALTA
[19:06:25] Fila 78: sin puesto (depActual='Incontinencia') -> SALTA
[19:06:25] Fila 79: sin puesto (depActual='Incontinencia') -> SALTA
[19:06:25] Fila 80: sin puesto (depActual='Incontinencia') -> SALTA
[19:06:25] Fila 81: sin puesto (depActual='Incontinencia') -> SALTA
[19:06:25] Fila 82: sin puesto (depActual='Incontinencia') -> SALTA
[19:06:25] Fila 83: sin puesto (depActual='Incontinencia') -> SALTA
[19:06:25] Fila 84: sin puesto (depActual='Incontinencia') -> SALTA
[19:06:25] Fila 85: sin puesto (depActual='Incontinencia') -> SALTA
[19:06:25] Fila 86: sin puesto (depActual='Incontinencia') -> SALTA
[19:06:25] Fila 87: sin puesto (depActual='Incontinencia') -> SALTA
[19:06:25] Fila 88: sin puesto (depActual='Incontinencia') -> SALTA
[19:06:25] Fila 89: sin puesto (depActual='Incontinencia') -> SALTA
[19:06:25] Fila 90: sin puesto (depActual='Incontinencia') -> SALTA
[19:06:25] Fila 91: sin puesto (depActual='Incontinencia') -> SALTA
[19:06:25] Fila 92: sin puesto (depActual='Incontinencia') -> SALTA
[19:06:25] Fila 93: sin puesto (depActual='Incontinencia') -> SALTA
[19:06:25] Fila 94: sin puesto (depActual='Incontinencia') -> SALTA
[19:06:25] Fila 95: sin puesto (depActual='Incontinencia') -> SALTA
[19:06:25] Fila 96: sin puesto (depActual='Incontinencia') -> SALTA
[19:06:25] Fila 97: sin puesto (depActual='Incontinencia') -> SALTA
[19:06:25] Fila 98: sin puesto (depActual='Incontinencia') -> SALTA
[19:06:25] Fila 99: sin puesto (depActual='Incontinencia') -> SALTA
[19:06:25] Fila 100: sin puesto (depActual='Incontinencia') -> SALTA
[19:06:25] Fila 101: sin puesto (depActual='Incontinencia') -> SALTA
[19:06:25] Fila 102: sin puesto (depActual='Incontinencia') -> SALTA
[19:06:25] Fila 103: sin puesto (depActual='Incontinencia') -> SALTA
[19:06:25] Fila 104: sin puesto (depActual='Incontinencia') -> SALTA
[19:06:25] Fila 105: sin puesto (depActual='Incontinencia') -> SALTA
[19:06:25] Fila 106: sin puesto (depActual='Incontinencia') -> SALTA
[19:06:25] Fila 107: sin puesto (depActual='Incontinencia') -> SALTA
[19:06:25] Fila 108: sin puesto (depActual='Incontinencia') -> SALTA
[19:06:25] Fila 109: sin puesto (depActual='Incontinencia') -> SALTA
[19:06:25] Fila 110: sin puesto (depActual='Incontinencia') -> SALTA
[19:06:25] Fila 111: sin puesto (depActual='Incontinencia') -> SALTA
[19:06:25] Fila 112: sin puesto (depActual='Incontinencia') -> SALTA
[19:06:25] Fila 113: sin puesto (depActual='Incontinencia') -> SALTA
[19:06:25] Fila 114: sin puesto (depActual='Incontinencia') -> SALTA
[19:06:25] Fila 115: sin puesto (depActual='Incontinencia') -> SALTA
[19:06:25] Fila 116: sin puesto (depActual='Incontinencia') -> SALTA
[19:06:25] Fila 117: sin puesto (depActual='Incontinencia') -> SALTA
[19:06:25] Fila 118: sin puesto (depActual='Incontinencia') -> SALTA
[19:06:25] Fila 119: sin puesto (depActual='Incontinencia') -> SALTA
[19:06:25] Fila 120: sin puesto (depActual='Incontinencia') -> SALTA
[19:06:25] Fila 121: sin puesto (depActual='Incontinencia') -> SALTA
[19:06:25] Fila 122: sin puesto (depActual='Incontinencia') -> SALTA
[19:06:25] Fila 123: sin puesto (depActual='Incontinencia') -> SALTA
[19:06:25] Fila 124: sin puesto (depActual='Incontinencia') -> SALTA
[19:06:25] Fila 125: sin puesto (depActual='Incontinencia') -> SALTA
[19:06:25] Fila 126: sin puesto (depActual='Incontinencia') -> SALTA
[19:06:25] Fila 127: sin puesto (depActual='Incontinencia') -> SALTA
[19:06:25] Fila 128: sin puesto (depActual='Incontinencia') -> SALTA
[19:06:25] Fila 129: sin puesto (depActual='Incontinencia') -> SALTA
[19:06:25] Fila 130: sin puesto (depActual='Incontinencia') -> SALTA
[19:06:25] Fila 131: sin puesto (depActual='Incontinencia') -> SALTA
[19:06:25] Fila 132: sin puesto (depActual='Incontinencia') -> SALTA
[19:06:25] Fila 133: sin puesto (depActual='Incontinencia') -> SALTA
[19:06:25] Fila 134: sin puesto (depActual='Incontinencia') -> SALTA
[19:06:25] Fila 135: sin puesto (depActual='Incontinencia') -> SALTA
[19:06:25] Fila 136: sin puesto (depActual='Incontinencia') -> SALTA
[19:06:25] Fila 137: sin puesto (depActual='Incontinencia') -> SALTA
[19:06:25] Fila 138: sin puesto (depActual='Incontinencia') -> SALTA
[19:06:25] Fila 139: sin puesto (depActual='Incontinencia') -> SALTA
[19:06:25] Fila 140: sin puesto (depActual='Incontinencia') -> SALTA
[19:06:25] Fila 141: sin puesto (depActual='Incontinencia') -> SALTA
[19:06:25] Fila 142: sin puesto (depActual='Incontinencia') -> SALTA
[19:06:25] Total de equipos encontrados: 8
[19:06:25] ========================================================
[19:06:58] ==================== NUEVA PETICION ====================
[19:06:58] Departamento recibido: 'Incontinencia'
[19:06:58] Puesto recibido: 'Técnico electrónico'
[19:06:58] Departamento normalizado: 'incontinencia'
[19:06:58] Puesto normalizado: 'tecnico electronico'
[19:06:58] Ruta Excel: C:\xampp\htdocs\Mes\KCMes\EPP\php/FO-OSHPS012-01_Identificación_y_selección_de_EPP.xlsx
[19:06:58] OK: archivo encontrado
[19:06:58] Hoja [0]: 'EPP'
[19:06:58] Hoja [1]: 'Tabla I.1'
[19:06:58] Hoja [2]: 'X supervisor'
[19:06:58] Hoja [3]: 'Para alta'
[19:06:58] Hoja activa: EPP
[19:06:58] Ultima fila con datos: 142
[19:06:58] Fila 6: dep='Contratistas' puesto='Soldador' | depOk=no puestoOk=no
[19:06:58] Fila 7: dep='Contratistas' puesto='Prevencionista' | depOk=no puestoOk=no
[19:06:58] Fila 8: dep='Contratistas' puesto='Ayudante general' | depOk=no puestoOk=no
[19:06:58] Fila 9: dep='Relaciones industriales' puesto='Ayudante general' | depOk=no puestoOk=no
[19:06:58] Fila 10: dep='Relaciones industriales' puesto='Guardia' | depOk=no puestoOk=no
[19:06:58] Fila 11: dep='Relaciones industriales' puesto='Ayudante general' | depOk=no puestoOk=no
[19:06:58] Fila 12: dep='Relaciones industriales' puesto='Personal de intentendencia' | depOk=no puestoOk=no
[19:06:58] Fila 13: dep='Servicios Auxiliares' puesto='Mecánico' | depOk=no puestoOk=no
[19:06:58] Fila 14: dep='Servicios Auxiliares' puesto='Mecánico' | depOk=no puestoOk=no
[19:06:58] Fila 15: dep='Servicios Auxiliares' puesto='Mecánico' | depOk=no puestoOk=no
[19:06:58] Fila 16: dep='Servicios Auxiliares' puesto='Mecánico' | depOk=no puestoOk=no
[19:06:58] Fila 17: dep='Servicios Auxiliares' puesto='Empacador' | depOk=no puestoOk=no
[19:06:58] Fila 18: dep='Telas NoTejidas' puesto='Superintendente mecatronico' | depOk=no puestoOk=no
[19:06:58] Fila 19: dep='Telas NoTejidas' puesto='Ing. Proceso' | depOk=no puestoOk=no
[19:06:58] Fila 20: dep='Telas NoTejidas' puesto='Conductor' | depOk=no puestoOk=no
[19:06:58] Fila 21: dep='Telas NoTejidas' puesto='Ayudante De Operador' | depOk=no puestoOk=no
[19:06:58] Fila 22: dep='Telas NoTejidas' puesto='Empacador' | depOk=no puestoOk=no
[19:06:58] Fila 23: dep='Telas NoTejidas' puesto='Líder de Operación' | depOk=no puestoOk=no
[19:06:58] Fila 24: dep='Telas NoTejidas' puesto='Tecnico Electronico' | depOk=no puestoOk=SI
[19:06:58] Fila 25: dep='Telas NoTejidas' puesto='Mecanico D' | depOk=no puestoOk=no
[19:06:58] Fila 26: dep='Telas NoTejidas' puesto='Mecanico B' | depOk=no puestoOk=no
[19:06:58] Fila 27: dep='Telas NoTejidas' puesto='Electrico D' | depOk=no puestoOk=no
[19:06:58] Fila 28: dep='Telas NoTejidas' puesto='Auxiliar Administrativo' | depOk=no puestoOk=no
[19:06:58] Fila 29: dep='Telas NoTejidas' puesto='Maestro en cardas' | depOk=no puestoOk=no
[19:06:58] Fila 30: dep='Almacén Materia Prima' puesto='Montacarguista' | depOk=no puestoOk=no
[19:06:58] Fila 31: dep='Almacén Materia Prima' puesto='Auxiliar Administrativo' | depOk=no puestoOk=no
[19:06:58] Fila 32: dep='Almacén Materia Prima' puesto='Supervisor' | depOk=no puestoOk=no
[19:06:58] Fila 33: dep='Almacén Materia Prima' puesto='Planeador' | depOk=no puestoOk=no
[19:06:58] Fila 34: dep='Almacén Materia Prima' puesto='Superintendente' | depOk=no puestoOk=no
[19:06:58] Fila 35: dep='Pañal' puesto='sellador' | depOk=no puestoOk=no
[19:06:58] Fila 36: dep='Pañal' puesto='Ing. Proceso' | depOk=no puestoOk=no
[19:06:58] Fila 37: dep='Pañal' puesto='Electrico' | depOk=no puestoOk=no
[19:06:58] Fila 38: dep='Pañal' puesto='Jefe de mantenimiento' | depOk=no puestoOk=no
[19:06:58] Fila 39: dep='Pañal' puesto='Planeador' | depOk=no puestoOk=no
[19:06:58] Fila 40: dep='Pañal' puesto='Electronico' | depOk=no puestoOk=SI
[19:06:58] Fila 41: dep='Pañal' puesto='Supervisor' | depOk=no puestoOk=no
[19:06:58] Fila 42: dep='Pañal' puesto='Super intendente' | depOk=no puestoOk=no
[19:06:58] Fila 43: dep='Pañal' puesto='Conductor' | depOk=no puestoOk=no
[19:06:58] Fila 44: dep='Pañal' puesto='Mecanico' | depOk=no puestoOk=no
[19:06:58] Fila 45: dep='Pañal' puesto='Empacador' | depOk=no puestoOk=no
[19:06:58] Fila 46: dep='Pañal' puesto='Gerente' | depOk=no puestoOk=no
[19:06:58] Fila 47: dep='Pañal' puesto='TSP' | depOk=no puestoOk=no
[19:06:58] Fila 48: dep='Pañal' puesto='Ayudannte' | depOk=no puestoOk=no
[19:06:58] Fila 49: dep='Protección femenina' puesto='Eléctrico' | depOk=no puestoOk=no
[19:06:58] Fila 50: dep='Protección femenina' puesto='Electrónico' | depOk=no puestoOk=SI
[19:06:58] Fila 51: dep='Protección femenina' puesto='Mecánico' | depOk=no puestoOk=no
[19:06:58] Fila 52: dep='Protección femenina' puesto='Ayudante' | depOk=no puestoOk=no
[19:06:58] Fila 53: dep='Protección femenina' puesto='Conductor' | depOk=no puestoOk=no
[19:06:58] Fila 54: dep='Protección femenina' puesto='Empacador' | depOk=no puestoOk=no
[19:06:58] Fila 55: dep='Protección femenina' puesto='Sellador de Linea' | depOk=no puestoOk=no
[19:06:58] Fila 56: dep='Protección femenina' puesto='TCP' | depOk=no puestoOk=no
[19:06:58] Fila 57: dep='Incontinencia' puesto='Gerente de Incontinencia' | depOk=SI puestoOk=no
[19:06:58] Fila 58: dep='Incontinencia' puesto='Superintendente  mantenimiento mecánico' | depOk=SI puestoOk=no
[19:06:58] Fila 59: dep='Incontinencia' puesto='Superintendente mantenimiento electrico' | depOk=SI puestoOk=no
[19:06:58] Fila 60: dep='Incontinencia' puesto='Superintendente de proceso' | depOk=SI puestoOk=no
[19:06:58] Fila 61: dep='Incontinencia' puesto='Supervisor produción' | depOk=SI puestoOk=no
[19:06:58] Fila 62: dep='Incontinencia' puesto='Supervisor Mecánico' | depOk=SI puestoOk=no
[19:06:58] Fila 63: dep='Incontinencia' puesto='Ing. de proceso' | depOk=SI puestoOk=no
[19:06:58] Fila 64: dep='Incontinencia' puesto='Planeador' | depOk=SI puestoOk=no
[19:06:58] Fila 65: dep='Incontinencia' puesto='Electronico' | depOk=SI puestoOk=SI
[19:06:58]    >>> MATCH en fila 65
[19:06:58]       + [Cabeza] B)        Casco dieléctrico
[19:06:58]       + [Ojos y cara] C)        Protector facial
[19:06:58]       + [Oídos] A)        Tapones auditivos
[19:06:58]       + [Aparato respiratorio] A)        Respirador contra partículas
[19:06:58]       + [Extremidades superiores] B)        Guantes dieléctricos
[19:06:58]       + [Tronco] F)      Ropa de alta visibilidad
[19:06:58]       + [Extremidades inferiores] C)        Calzado dieléctrico
[19:06:58]       + [Otros] A)        Equipo de protección contra caídas de altura
[19:06:58] Fila 66: dep='Incontinencia' puesto='Conductor de Maquina' | depOk=SI puestoOk=no
[19:06:58] Fila 67: dep='Incontinencia' puesto='Mecánico categorias A,B,C,D' | depOk=SI puestoOk=no
[19:06:58] Fila 68: dep='Incontinencia' puesto='Electrico categorias A,B,C,D' | depOk=SI puestoOk=no
[19:06:58] Fila 69: dep='Incontinencia' puesto='Ayudannte' | depOk=SI puestoOk=no
[19:06:58] Fila 70: dep='Incontinencia' puesto='sellador' | depOk=SI puestoOk=no
[19:06:58] Fila 71: dep='Incontinencia' puesto='Empacador' | depOk=SI puestoOk=no
[19:06:58] Fila 72: dep='Incontinencia' puesto='Mecánico especialista adhesivos' | depOk=SI puestoOk=no
[19:06:58] Fila 73: dep='Incontinencia' puesto='Mecánico con perfil maquinas herramientas' | depOk=SI puestoOk=no
[19:06:58] Fila 74: sin puesto (depActual='Incontinencia') -> SALTA
[19:06:58] Fila 75: sin puesto (depActual='Incontinencia') -> SALTA
[19:06:58] Fila 76: sin puesto (depActual='Incontinencia') -> SALTA
[19:06:58] Fila 77: sin puesto (depActual='Incontinencia') -> SALTA
[19:06:58] Fila 78: sin puesto (depActual='Incontinencia') -> SALTA
[19:06:58] Fila 79: sin puesto (depActual='Incontinencia') -> SALTA
[19:06:58] Fila 80: sin puesto (depActual='Incontinencia') -> SALTA
[19:06:58] Fila 81: sin puesto (depActual='Incontinencia') -> SALTA
[19:06:58] Fila 82: sin puesto (depActual='Incontinencia') -> SALTA
[19:06:58] Fila 83: sin puesto (depActual='Incontinencia') -> SALTA
[19:06:58] Fila 84: sin puesto (depActual='Incontinencia') -> SALTA
[19:06:58] Fila 85: sin puesto (depActual='Incontinencia') -> SALTA
[19:06:58] Fila 86: sin puesto (depActual='Incontinencia') -> SALTA
[19:06:58] Fila 87: sin puesto (depActual='Incontinencia') -> SALTA
[19:06:58] Fila 88: sin puesto (depActual='Incontinencia') -> SALTA
[19:06:58] Fila 89: sin puesto (depActual='Incontinencia') -> SALTA
[19:06:58] Fila 90: sin puesto (depActual='Incontinencia') -> SALTA
[19:06:58] Fila 91: sin puesto (depActual='Incontinencia') -> SALTA
[19:06:58] Fila 92: sin puesto (depActual='Incontinencia') -> SALTA
[19:06:58] Fila 93: sin puesto (depActual='Incontinencia') -> SALTA
[19:06:58] Fila 94: sin puesto (depActual='Incontinencia') -> SALTA
[19:06:58] Fila 95: sin puesto (depActual='Incontinencia') -> SALTA
[19:06:58] Fila 96: sin puesto (depActual='Incontinencia') -> SALTA
[19:06:58] Fila 97: sin puesto (depActual='Incontinencia') -> SALTA
[19:06:58] Fila 98: sin puesto (depActual='Incontinencia') -> SALTA
[19:06:58] Fila 99: sin puesto (depActual='Incontinencia') -> SALTA
[19:06:58] Fila 100: sin puesto (depActual='Incontinencia') -> SALTA
[19:06:58] Fila 101: sin puesto (depActual='Incontinencia') -> SALTA
[19:06:58] Fila 102: sin puesto (depActual='Incontinencia') -> SALTA
[19:06:58] Fila 103: sin puesto (depActual='Incontinencia') -> SALTA
[19:06:58] Fila 104: sin puesto (depActual='Incontinencia') -> SALTA
[19:06:58] Fila 105: sin puesto (depActual='Incontinencia') -> SALTA
[19:06:58] Fila 106: sin puesto (depActual='Incontinencia') -> SALTA
[19:06:58] Fila 107: sin puesto (depActual='Incontinencia') -> SALTA
[19:06:58] Fila 108: sin puesto (depActual='Incontinencia') -> SALTA
[19:06:58] Fila 109: sin puesto (depActual='Incontinencia') -> SALTA
[19:06:58] Fila 110: sin puesto (depActual='Incontinencia') -> SALTA
[19:06:58] Fila 111: sin puesto (depActual='Incontinencia') -> SALTA
[19:06:58] Fila 112: sin puesto (depActual='Incontinencia') -> SALTA
[19:06:58] Fila 113: sin puesto (depActual='Incontinencia') -> SALTA
[19:06:58] Fila 114: sin puesto (depActual='Incontinencia') -> SALTA
[19:06:58] Fila 115: sin puesto (depActual='Incontinencia') -> SALTA
[19:06:58] Fila 116: sin puesto (depActual='Incontinencia') -> SALTA
[19:06:58] Fila 117: sin puesto (depActual='Incontinencia') -> SALTA
[19:06:58] Fila 118: sin puesto (depActual='Incontinencia') -> SALTA
[19:06:58] Fila 119: sin puesto (depActual='Incontinencia') -> SALTA
[19:06:58] Fila 120: sin puesto (depActual='Incontinencia') -> SALTA
[19:06:58] Fila 121: sin puesto (depActual='Incontinencia') -> SALTA
[19:06:58] Fila 122: sin puesto (depActual='Incontinencia') -> SALTA
[19:06:58] Fila 123: sin puesto (depActual='Incontinencia') -> SALTA
[19:06:58] Fila 124: sin puesto (depActual='Incontinencia') -> SALTA
[19:06:58] Fila 125: sin puesto (depActual='Incontinencia') -> SALTA
[19:06:58] Fila 126: sin puesto (depActual='Incontinencia') -> SALTA
[19:06:58] Fila 127: sin puesto (depActual='Incontinencia') -> SALTA
[19:06:58] Fila 128: sin puesto (depActual='Incontinencia') -> SALTA
[19:06:58] Fila 129: sin puesto (depActual='Incontinencia') -> SALTA
[19:06:58] Fila 130: sin puesto (depActual='Incontinencia') -> SALTA
[19:06:58] Fila 131: sin puesto (depActual='Incontinencia') -> SALTA
[19:06:58] Fila 132: sin puesto (depActual='Incontinencia') -> SALTA
[19:06:58] Fila 133: sin puesto (depActual='Incontinencia') -> SALTA
[19:06:58] Fila 134: sin puesto (depActual='Incontinencia') -> SALTA
[19:06:58] Fila 135: sin puesto (depActual='Incontinencia') -> SALTA
[19:06:58] Fila 136: sin puesto (depActual='Incontinencia') -> SALTA
[19:06:58] Fila 137: sin puesto (depActual='Incontinencia') -> SALTA
[19:06:58] Fila 138: sin puesto (depActual='Incontinencia') -> SALTA
[19:06:58] Fila 139: sin puesto (depActual='Incontinencia') -> SALTA
[19:06:58] Fila 140: sin puesto (depActual='Incontinencia') -> SALTA
[19:06:58] Fila 141: sin puesto (depActual='Incontinencia') -> SALTA
[19:06:58] Fila 142: sin puesto (depActual='Incontinencia') -> SALTA
[19:06:58] Total de equipos encontrados: 8
[19:06:58] ========================================================
[19:07:38] ==================== NUEVA PETICION ====================
[19:07:38] Departamento recibido: 'Incontinencia'
[19:07:38] Puesto recibido: 'Técnico electrónico'
[19:07:38] Departamento normalizado: 'incontinencia'
[19:07:38] Puesto normalizado: 'tecnico electronico'
[19:07:38] Ruta Excel: C:\xampp\htdocs\Mes\KCMes\EPP\php/FO-OSHPS012-01_Identificación_y_selección_de_EPP.xlsx
[19:07:38] OK: archivo encontrado
[19:07:39] Hoja [0]: 'EPP'
[19:07:39] Hoja [1]: 'Tabla I.1'
[19:07:39] Hoja [2]: 'X supervisor'
[19:07:39] Hoja [3]: 'Para alta'
[19:07:39] Hoja activa: EPP
[19:07:39] Ultima fila con datos: 142
[19:07:39] Fila 6: dep='Contratistas' puesto='Soldador' | depOk=no puestoOk=no
[19:07:39] Fila 7: dep='Contratistas' puesto='Prevencionista' | depOk=no puestoOk=no
[19:07:39] Fila 8: dep='Contratistas' puesto='Ayudante general' | depOk=no puestoOk=no
[19:07:39] Fila 9: dep='Relaciones industriales' puesto='Ayudante general' | depOk=no puestoOk=no
[19:07:39] Fila 10: dep='Relaciones industriales' puesto='Guardia' | depOk=no puestoOk=no
[19:07:39] Fila 11: dep='Relaciones industriales' puesto='Ayudante general' | depOk=no puestoOk=no
[19:07:39] Fila 12: dep='Relaciones industriales' puesto='Personal de intentendencia' | depOk=no puestoOk=no
[19:07:39] Fila 13: dep='Servicios Auxiliares' puesto='Mecánico' | depOk=no puestoOk=no
[19:07:39] Fila 14: dep='Servicios Auxiliares' puesto='Mecánico' | depOk=no puestoOk=no
[19:07:39] Fila 15: dep='Servicios Auxiliares' puesto='Mecánico' | depOk=no puestoOk=no
[19:07:39] Fila 16: dep='Servicios Auxiliares' puesto='Mecánico' | depOk=no puestoOk=no
[19:07:39] Fila 17: dep='Servicios Auxiliares' puesto='Empacador' | depOk=no puestoOk=no
[19:07:39] Fila 18: dep='Telas NoTejidas' puesto='Superintendente mecatronico' | depOk=no puestoOk=no
[19:07:39] Fila 19: dep='Telas NoTejidas' puesto='Ing. Proceso' | depOk=no puestoOk=no
[19:07:39] Fila 20: dep='Telas NoTejidas' puesto='Conductor' | depOk=no puestoOk=no
[19:07:39] Fila 21: dep='Telas NoTejidas' puesto='Ayudante De Operador' | depOk=no puestoOk=no
[19:07:39] Fila 22: dep='Telas NoTejidas' puesto='Empacador' | depOk=no puestoOk=no
[19:07:39] Fila 23: dep='Telas NoTejidas' puesto='Líder de Operación' | depOk=no puestoOk=no
[19:07:39] Fila 24: dep='Telas NoTejidas' puesto='Tecnico Electronico' | depOk=no puestoOk=SI
[19:07:39] Fila 25: dep='Telas NoTejidas' puesto='Mecanico D' | depOk=no puestoOk=no
[19:07:39] Fila 26: dep='Telas NoTejidas' puesto='Mecanico B' | depOk=no puestoOk=no
[19:07:39] Fila 27: dep='Telas NoTejidas' puesto='Electrico D' | depOk=no puestoOk=no
[19:07:39] Fila 28: dep='Telas NoTejidas' puesto='Auxiliar Administrativo' | depOk=no puestoOk=no
[19:07:39] Fila 29: dep='Telas NoTejidas' puesto='Maestro en cardas' | depOk=no puestoOk=no
[19:07:39] Fila 30: dep='Almacén Materia Prima' puesto='Montacarguista' | depOk=no puestoOk=no
[19:07:39] Fila 31: dep='Almacén Materia Prima' puesto='Auxiliar Administrativo' | depOk=no puestoOk=no
[19:07:39] Fila 32: dep='Almacén Materia Prima' puesto='Supervisor' | depOk=no puestoOk=no
[19:07:39] Fila 33: dep='Almacén Materia Prima' puesto='Planeador' | depOk=no puestoOk=no
[19:07:39] Fila 34: dep='Almacén Materia Prima' puesto='Superintendente' | depOk=no puestoOk=no
[19:07:39] Fila 35: dep='Pañal' puesto='sellador' | depOk=no puestoOk=no
[19:07:39] Fila 36: dep='Pañal' puesto='Ing. Proceso' | depOk=no puestoOk=no
[19:07:39] Fila 37: dep='Pañal' puesto='Electrico' | depOk=no puestoOk=no
[19:07:39] Fila 38: dep='Pañal' puesto='Jefe de mantenimiento' | depOk=no puestoOk=no
[19:07:39] Fila 39: dep='Pañal' puesto='Planeador' | depOk=no puestoOk=no
[19:07:39] Fila 40: dep='Pañal' puesto='Electronico' | depOk=no puestoOk=SI
[19:07:39] Fila 41: dep='Pañal' puesto='Supervisor' | depOk=no puestoOk=no
[19:07:39] Fila 42: dep='Pañal' puesto='Super intendente' | depOk=no puestoOk=no
[19:07:39] Fila 43: dep='Pañal' puesto='Conductor' | depOk=no puestoOk=no
[19:07:39] Fila 44: dep='Pañal' puesto='Mecanico' | depOk=no puestoOk=no
[19:07:39] Fila 45: dep='Pañal' puesto='Empacador' | depOk=no puestoOk=no
[19:07:39] Fila 46: dep='Pañal' puesto='Gerente' | depOk=no puestoOk=no
[19:07:39] Fila 47: dep='Pañal' puesto='TSP' | depOk=no puestoOk=no
[19:07:39] Fila 48: dep='Pañal' puesto='Ayudannte' | depOk=no puestoOk=no
[19:07:39] Fila 49: dep='Protección femenina' puesto='Eléctrico' | depOk=no puestoOk=no
[19:07:39] Fila 50: dep='Protección femenina' puesto='Electrónico' | depOk=no puestoOk=SI
[19:07:39] Fila 51: dep='Protección femenina' puesto='Mecánico' | depOk=no puestoOk=no
[19:07:39] Fila 52: dep='Protección femenina' puesto='Ayudante' | depOk=no puestoOk=no
[19:07:39] Fila 53: dep='Protección femenina' puesto='Conductor' | depOk=no puestoOk=no
[19:07:39] Fila 54: dep='Protección femenina' puesto='Empacador' | depOk=no puestoOk=no
[19:07:39] Fila 55: dep='Protección femenina' puesto='Sellador de Linea' | depOk=no puestoOk=no
[19:07:39] Fila 56: dep='Protección femenina' puesto='TCP' | depOk=no puestoOk=no
[19:07:39] Fila 57: dep='Incontinencia' puesto='Gerente de Incontinencia' | depOk=SI puestoOk=no
[19:07:39] Fila 58: dep='Incontinencia' puesto='Superintendente  mantenimiento mecánico' | depOk=SI puestoOk=no
[19:07:39] Fila 59: dep='Incontinencia' puesto='Superintendente mantenimiento electrico' | depOk=SI puestoOk=no
[19:07:39] Fila 60: dep='Incontinencia' puesto='Superintendente de proceso' | depOk=SI puestoOk=no
[19:07:39] Fila 61: dep='Incontinencia' puesto='Supervisor produción' | depOk=SI puestoOk=no
[19:07:39] Fila 62: dep='Incontinencia' puesto='Supervisor Mecánico' | depOk=SI puestoOk=no
[19:07:39] Fila 63: dep='Incontinencia' puesto='Ing. de proceso' | depOk=SI puestoOk=no
[19:07:39] Fila 64: dep='Incontinencia' puesto='Planeador' | depOk=SI puestoOk=no
[19:07:39] Fila 65: dep='Incontinencia' puesto='Electronico' | depOk=SI puestoOk=SI
[19:07:39]    >>> MATCH en fila 65
[19:07:39]       + [Cabeza] B)        Casco dieléctrico
[19:07:39]       + [Ojos y cara] C)        Protector facial
[19:07:39]       + [Oídos] A)        Tapones auditivos
[19:07:39]       + [Aparato respiratorio] A)        Respirador contra partículas
[19:07:39]       + [Extremidades superiores] B)        Guantes dieléctricos
[19:07:39]       + [Tronco] F)      Ropa de alta visibilidad
[19:07:39]       + [Extremidades inferiores] C)        Calzado dieléctrico
[19:07:39]       + [Otros] A)        Equipo de protección contra caídas de altura
[19:07:39] Fila 66: dep='Incontinencia' puesto='Conductor de Maquina' | depOk=SI puestoOk=no
[19:07:39] Fila 67: dep='Incontinencia' puesto='Mecánico categorias A,B,C,D' | depOk=SI puestoOk=no
[19:07:39] Fila 68: dep='Incontinencia' puesto='Electrico categorias A,B,C,D' | depOk=SI puestoOk=no
[19:07:39] Fila 69: dep='Incontinencia' puesto='Ayudannte' | depOk=SI puestoOk=no
[19:07:39] Fila 70: dep='Incontinencia' puesto='sellador' | depOk=SI puestoOk=no
[19:07:39] Fila 71: dep='Incontinencia' puesto='Empacador' | depOk=SI puestoOk=no
[19:07:39] Fila 72: dep='Incontinencia' puesto='Mecánico especialista adhesivos' | depOk=SI puestoOk=no
[19:07:39] Fila 73: dep='Incontinencia' puesto='Mecánico con perfil maquinas herramientas' | depOk=SI puestoOk=no
[19:07:39] Fila 74: sin puesto (depActual='Incontinencia') -> SALTA
[19:07:39] Fila 75: sin puesto (depActual='Incontinencia') -> SALTA
[19:07:39] Fila 76: sin puesto (depActual='Incontinencia') -> SALTA
[19:07:39] Fila 77: sin puesto (depActual='Incontinencia') -> SALTA
[19:07:39] Fila 78: sin puesto (depActual='Incontinencia') -> SALTA
[19:07:39] Fila 79: sin puesto (depActual='Incontinencia') -> SALTA
[19:07:39] Fila 80: sin puesto (depActual='Incontinencia') -> SALTA
[19:07:39] Fila 81: sin puesto (depActual='Incontinencia') -> SALTA
[19:07:39] Fila 82: sin puesto (depActual='Incontinencia') -> SALTA
[19:07:39] Fila 83: sin puesto (depActual='Incontinencia') -> SALTA
[19:07:39] Fila 84: sin puesto (depActual='Incontinencia') -> SALTA
[19:07:39] Fila 85: sin puesto (depActual='Incontinencia') -> SALTA
[19:07:39] Fila 86: sin puesto (depActual='Incontinencia') -> SALTA
[19:07:39] Fila 87: sin puesto (depActual='Incontinencia') -> SALTA
[19:07:39] Fila 88: sin puesto (depActual='Incontinencia') -> SALTA
[19:07:39] Fila 89: sin puesto (depActual='Incontinencia') -> SALTA
[19:07:39] Fila 90: sin puesto (depActual='Incontinencia') -> SALTA
[19:07:39] Fila 91: sin puesto (depActual='Incontinencia') -> SALTA
[19:07:39] Fila 92: sin puesto (depActual='Incontinencia') -> SALTA
[19:07:39] Fila 93: sin puesto (depActual='Incontinencia') -> SALTA
[19:07:39] Fila 94: sin puesto (depActual='Incontinencia') -> SALTA
[19:07:39] Fila 95: sin puesto (depActual='Incontinencia') -> SALTA
[19:07:39] Fila 96: sin puesto (depActual='Incontinencia') -> SALTA
[19:07:39] Fila 97: sin puesto (depActual='Incontinencia') -> SALTA
[19:07:39] Fila 98: sin puesto (depActual='Incontinencia') -> SALTA
[19:07:39] Fila 99: sin puesto (depActual='Incontinencia') -> SALTA
[19:07:39] Fila 100: sin puesto (depActual='Incontinencia') -> SALTA
[19:07:39] Fila 101: sin puesto (depActual='Incontinencia') -> SALTA
[19:07:39] Fila 102: sin puesto (depActual='Incontinencia') -> SALTA
[19:07:39] Fila 103: sin puesto (depActual='Incontinencia') -> SALTA
[19:07:39] Fila 104: sin puesto (depActual='Incontinencia') -> SALTA
[19:07:39] Fila 105: sin puesto (depActual='Incontinencia') -> SALTA
[19:07:39] Fila 106: sin puesto (depActual='Incontinencia') -> SALTA
[19:07:39] Fila 107: sin puesto (depActual='Incontinencia') -> SALTA
[19:07:39] Fila 108: sin puesto (depActual='Incontinencia') -> SALTA
[19:07:39] Fila 109: sin puesto (depActual='Incontinencia') -> SALTA
[19:07:39] Fila 110: sin puesto (depActual='Incontinencia') -> SALTA
[19:07:39] Fila 111: sin puesto (depActual='Incontinencia') -> SALTA
[19:07:39] Fila 112: sin puesto (depActual='Incontinencia') -> SALTA
[19:07:39] Fila 113: sin puesto (depActual='Incontinencia') -> SALTA
[19:07:39] Fila 114: sin puesto (depActual='Incontinencia') -> SALTA
[19:07:39] Fila 115: sin puesto (depActual='Incontinencia') -> SALTA
[19:07:39] Fila 116: sin puesto (depActual='Incontinencia') -> SALTA
[19:07:39] Fila 117: sin puesto (depActual='Incontinencia') -> SALTA
[19:07:39] Fila 118: sin puesto (depActual='Incontinencia') -> SALTA
[19:07:39] Fila 119: sin puesto (depActual='Incontinencia') -> SALTA
[19:07:39] Fila 120: sin puesto (depActual='Incontinencia') -> SALTA
[19:07:39] Fila 121: sin puesto (depActual='Incontinencia') -> SALTA
[19:07:39] Fila 122: sin puesto (depActual='Incontinencia') -> SALTA
[19:07:39] Fila 123: sin puesto (depActual='Incontinencia') -> SALTA
[19:07:39] Fila 124: sin puesto (depActual='Incontinencia') -> SALTA
[19:07:39] Fila 125: sin puesto (depActual='Incontinencia') -> SALTA
[19:07:39] Fila 126: sin puesto (depActual='Incontinencia') -> SALTA
[19:07:39] Fila 127: sin puesto (depActual='Incontinencia') -> SALTA
[19:07:39] Fila 128: sin puesto (depActual='Incontinencia') -> SALTA
[19:07:39] Fila 129: sin puesto (depActual='Incontinencia') -> SALTA
[19:07:39] Fila 130: sin puesto (depActual='Incontinencia') -> SALTA
[19:07:39] Fila 131: sin puesto (depActual='Incontinencia') -> SALTA
[19:07:39] Fila 132: sin puesto (depActual='Incontinencia') -> SALTA
[19:07:39] Fila 133: sin puesto (depActual='Incontinencia') -> SALTA
[19:07:39] Fila 134: sin puesto (depActual='Incontinencia') -> SALTA
[19:07:39] Fila 135: sin puesto (depActual='Incontinencia') -> SALTA
[19:07:39] Fila 136: sin puesto (depActual='Incontinencia') -> SALTA
[19:07:39] Fila 137: sin puesto (depActual='Incontinencia') -> SALTA
[19:07:39] Fila 138: sin puesto (depActual='Incontinencia') -> SALTA
[19:07:39] Fila 139: sin puesto (depActual='Incontinencia') -> SALTA
[19:07:39] Fila 140: sin puesto (depActual='Incontinencia') -> SALTA
[19:07:39] Fila 141: sin puesto (depActual='Incontinencia') -> SALTA
[19:07:39] Fila 142: sin puesto (depActual='Incontinencia') -> SALTA
[19:07:39] Total de equipos encontrados: 8
[19:07:39] ========================================================
[19:08:41] ==================== NUEVA PETICION ====================
[19:08:41] Departamento recibido: 'Incontinencia'
[19:08:41] Puesto recibido: 'Técnico electrónico'
[19:08:41] Departamento normalizado: 'incontinencia'
[19:08:41] Puesto normalizado: 'tecnico electronico'
[19:08:41] Ruta Excel: C:\xampp\htdocs\Mes\KCMes\EPP\php/FO-OSHPS012-01_Identificación_y_selección_de_EPP.xlsx
[19:08:41] OK: archivo encontrado
[19:08:42] Hoja [0]: 'EPP'
[19:08:42] Hoja [1]: 'Tabla I.1'
[19:08:42] Hoja [2]: 'X supervisor'
[19:08:42] Hoja [3]: 'Para alta'
[19:08:42] Hoja activa: EPP
[19:08:42] Ultima fila con datos: 142
[19:08:42] Fila 6: dep='Contratistas' puesto='Soldador' | depOk=no puestoOk=no
[19:08:42] Fila 7: dep='Contratistas' puesto='Prevencionista' | depOk=no puestoOk=no
[19:08:42] Fila 8: dep='Contratistas' puesto='Ayudante general' | depOk=no puestoOk=no
[19:08:42] Fila 9: dep='Relaciones industriales' puesto='Ayudante general' | depOk=no puestoOk=no
[19:08:42] Fila 10: dep='Relaciones industriales' puesto='Guardia' | depOk=no puestoOk=no
[19:08:42] Fila 11: dep='Relaciones industriales' puesto='Ayudante general' | depOk=no puestoOk=no
[19:08:42] Fila 12: dep='Relaciones industriales' puesto='Personal de intentendencia' | depOk=no puestoOk=no
[19:08:42] Fila 13: dep='Servicios Auxiliares' puesto='Mecánico' | depOk=no puestoOk=no
[19:08:42] Fila 14: dep='Servicios Auxiliares' puesto='Mecánico' | depOk=no puestoOk=no
[19:08:42] Fila 15: dep='Servicios Auxiliares' puesto='Mecánico' | depOk=no puestoOk=no
[19:08:42] Fila 16: dep='Servicios Auxiliares' puesto='Mecánico' | depOk=no puestoOk=no
[19:08:42] Fila 17: dep='Servicios Auxiliares' puesto='Empacador' | depOk=no puestoOk=no
[19:08:42] Fila 18: dep='Telas NoTejidas' puesto='Superintendente mecatronico' | depOk=no puestoOk=no
[19:08:42] Fila 19: dep='Telas NoTejidas' puesto='Ing. Proceso' | depOk=no puestoOk=no
[19:08:42] Fila 20: dep='Telas NoTejidas' puesto='Conductor' | depOk=no puestoOk=no
[19:08:42] Fila 21: dep='Telas NoTejidas' puesto='Ayudante De Operador' | depOk=no puestoOk=no
[19:08:42] Fila 22: dep='Telas NoTejidas' puesto='Empacador' | depOk=no puestoOk=no
[19:08:42] Fila 23: dep='Telas NoTejidas' puesto='Líder de Operación' | depOk=no puestoOk=no
[19:08:42] Fila 24: dep='Telas NoTejidas' puesto='Tecnico Electronico' | depOk=no puestoOk=SI
[19:08:42] Fila 25: dep='Telas NoTejidas' puesto='Mecanico D' | depOk=no puestoOk=no
[19:08:42] Fila 26: dep='Telas NoTejidas' puesto='Mecanico B' | depOk=no puestoOk=no
[19:08:42] Fila 27: dep='Telas NoTejidas' puesto='Electrico D' | depOk=no puestoOk=no
[19:08:42] Fila 28: dep='Telas NoTejidas' puesto='Auxiliar Administrativo' | depOk=no puestoOk=no
[19:08:42] Fila 29: dep='Telas NoTejidas' puesto='Maestro en cardas' | depOk=no puestoOk=no
[19:08:42] Fila 30: dep='Almacén Materia Prima' puesto='Montacarguista' | depOk=no puestoOk=no
[19:08:42] Fila 31: dep='Almacén Materia Prima' puesto='Auxiliar Administrativo' | depOk=no puestoOk=no
[19:08:42] Fila 32: dep='Almacén Materia Prima' puesto='Supervisor' | depOk=no puestoOk=no
[19:08:42] Fila 33: dep='Almacén Materia Prima' puesto='Planeador' | depOk=no puestoOk=no
[19:08:42] Fila 34: dep='Almacén Materia Prima' puesto='Superintendente' | depOk=no puestoOk=no
[19:08:42] Fila 35: dep='Pañal' puesto='sellador' | depOk=no puestoOk=no
[19:08:42] Fila 36: dep='Pañal' puesto='Ing. Proceso' | depOk=no puestoOk=no
[19:08:42] Fila 37: dep='Pañal' puesto='Electrico' | depOk=no puestoOk=no
[19:08:42] Fila 38: dep='Pañal' puesto='Jefe de mantenimiento' | depOk=no puestoOk=no
[19:08:42] Fila 39: dep='Pañal' puesto='Planeador' | depOk=no puestoOk=no
[19:08:42] Fila 40: dep='Pañal' puesto='Electronico' | depOk=no puestoOk=SI
[19:08:42] Fila 41: dep='Pañal' puesto='Supervisor' | depOk=no puestoOk=no
[19:08:42] Fila 42: dep='Pañal' puesto='Super intendente' | depOk=no puestoOk=no
[19:08:42] Fila 43: dep='Pañal' puesto='Conductor' | depOk=no puestoOk=no
[19:08:42] Fila 44: dep='Pañal' puesto='Mecanico' | depOk=no puestoOk=no
[19:08:42] Fila 45: dep='Pañal' puesto='Empacador' | depOk=no puestoOk=no
[19:08:42] Fila 46: dep='Pañal' puesto='Gerente' | depOk=no puestoOk=no
[19:08:42] Fila 47: dep='Pañal' puesto='TSP' | depOk=no puestoOk=no
[19:08:42] Fila 48: dep='Pañal' puesto='Ayudannte' | depOk=no puestoOk=no
[19:08:42] Fila 49: dep='Protección femenina' puesto='Eléctrico' | depOk=no puestoOk=no
[19:08:42] Fila 50: dep='Protección femenina' puesto='Electrónico' | depOk=no puestoOk=SI
[19:08:42] Fila 51: dep='Protección femenina' puesto='Mecánico' | depOk=no puestoOk=no
[19:08:42] Fila 52: dep='Protección femenina' puesto='Ayudante' | depOk=no puestoOk=no
[19:08:42] Fila 53: dep='Protección femenina' puesto='Conductor' | depOk=no puestoOk=no
[19:08:42] Fila 54: dep='Protección femenina' puesto='Empacador' | depOk=no puestoOk=no
[19:08:42] Fila 55: dep='Protección femenina' puesto='Sellador de Linea' | depOk=no puestoOk=no
[19:08:42] Fila 56: dep='Protección femenina' puesto='TCP' | depOk=no puestoOk=no
[19:08:42] Fila 57: dep='Incontinencia' puesto='Gerente de Incontinencia' | depOk=SI puestoOk=no
[19:08:42] Fila 58: dep='Incontinencia' puesto='Superintendente  mantenimiento mecánico' | depOk=SI puestoOk=no
[19:08:42] Fila 59: dep='Incontinencia' puesto='Superintendente mantenimiento electrico' | depOk=SI puestoOk=no
[19:08:42] Fila 60: dep='Incontinencia' puesto='Superintendente de proceso' | depOk=SI puestoOk=no
[19:08:42] Fila 61: dep='Incontinencia' puesto='Supervisor produción' | depOk=SI puestoOk=no
[19:08:42] Fila 62: dep='Incontinencia' puesto='Supervisor Mecánico' | depOk=SI puestoOk=no
[19:08:42] Fila 63: dep='Incontinencia' puesto='Ing. de proceso' | depOk=SI puestoOk=no
[19:08:42] Fila 64: dep='Incontinencia' puesto='Planeador' | depOk=SI puestoOk=no
[19:08:42] Fila 65: dep='Incontinencia' puesto='Electronico' | depOk=SI puestoOk=SI
[19:08:42]    >>> MATCH en fila 65
[19:08:42]       + [Cabeza] B)        Casco dieléctrico
[19:08:42]       + [Ojos y cara] C)        Protector facial
[19:08:42]       + [Oídos] A)        Tapones auditivos
[19:08:42]       + [Aparato respiratorio] A)        Respirador contra partículas
[19:08:42]       + [Extremidades superiores] B)        Guantes dieléctricos
[19:08:42]       + [Tronco] F)      Ropa de alta visibilidad
[19:08:42]       + [Extremidades inferiores] C)        Calzado dieléctrico
[19:08:42]       + [Otros] A)        Equipo de protección contra caídas de altura
[19:08:42] Fila 66: dep='Incontinencia' puesto='Conductor de Maquina' | depOk=SI puestoOk=no
[19:08:42] Fila 67: dep='Incontinencia' puesto='Mecánico categorias A,B,C,D' | depOk=SI puestoOk=no
[19:08:42] Fila 68: dep='Incontinencia' puesto='Electrico categorias A,B,C,D' | depOk=SI puestoOk=no
[19:08:42] Fila 69: dep='Incontinencia' puesto='Ayudannte' | depOk=SI puestoOk=no
[19:08:42] Fila 70: dep='Incontinencia' puesto='sellador' | depOk=SI puestoOk=no
[19:08:42] Fila 71: dep='Incontinencia' puesto='Empacador' | depOk=SI puestoOk=no
[19:08:42] Fila 72: dep='Incontinencia' puesto='Mecánico especialista adhesivos' | depOk=SI puestoOk=no
[19:08:42] Fila 73: dep='Incontinencia' puesto='Mecánico con perfil maquinas herramientas' | depOk=SI puestoOk=no
[19:08:42] Fila 74: sin puesto (depActual='Incontinencia') -> SALTA
[19:08:42] Fila 75: sin puesto (depActual='Incontinencia') -> SALTA
[19:08:42] Fila 76: sin puesto (depActual='Incontinencia') -> SALTA
[19:08:42] Fila 77: sin puesto (depActual='Incontinencia') -> SALTA
[19:08:42] Fila 78: sin puesto (depActual='Incontinencia') -> SALTA
[19:08:42] Fila 79: sin puesto (depActual='Incontinencia') -> SALTA
[19:08:42] Fila 80: sin puesto (depActual='Incontinencia') -> SALTA
[19:08:42] Fila 81: sin puesto (depActual='Incontinencia') -> SALTA
[19:08:42] Fila 82: sin puesto (depActual='Incontinencia') -> SALTA
[19:08:42] Fila 83: sin puesto (depActual='Incontinencia') -> SALTA
[19:08:42] Fila 84: sin puesto (depActual='Incontinencia') -> SALTA
[19:08:42] Fila 85: sin puesto (depActual='Incontinencia') -> SALTA
[19:08:42] Fila 86: sin puesto (depActual='Incontinencia') -> SALTA
[19:08:42] Fila 87: sin puesto (depActual='Incontinencia') -> SALTA
[19:08:42] Fila 88: sin puesto (depActual='Incontinencia') -> SALTA
[19:08:42] Fila 89: sin puesto (depActual='Incontinencia') -> SALTA
[19:08:42] Fila 90: sin puesto (depActual='Incontinencia') -> SALTA
[19:08:42] Fila 91: sin puesto (depActual='Incontinencia') -> SALTA
[19:08:42] Fila 92: sin puesto (depActual='Incontinencia') -> SALTA
[19:08:42] Fila 93: sin puesto (depActual='Incontinencia') -> SALTA
[19:08:42] Fila 94: sin puesto (depActual='Incontinencia') -> SALTA
[19:08:42] Fila 95: sin puesto (depActual='Incontinencia') -> SALTA
[19:08:42] Fila 96: sin puesto (depActual='Incontinencia') -> SALTA
[19:08:42] Fila 97: sin puesto (depActual='Incontinencia') -> SALTA
[19:08:42] Fila 98: sin puesto (depActual='Incontinencia') -> SALTA
[19:08:42] Fila 99: sin puesto (depActual='Incontinencia') -> SALTA
[19:08:42] Fila 100: sin puesto (depActual='Incontinencia') -> SALTA
[19:08:42] Fila 101: sin puesto (depActual='Incontinencia') -> SALTA
[19:08:42] Fila 102: sin puesto (depActual='Incontinencia') -> SALTA
[19:08:42] Fila 103: sin puesto (depActual='Incontinencia') -> SALTA
[19:08:42] Fila 104: sin puesto (depActual='Incontinencia') -> SALTA
[19:08:42] Fila 105: sin puesto (depActual='Incontinencia') -> SALTA
[19:08:42] Fila 106: sin puesto (depActual='Incontinencia') -> SALTA
[19:08:42] Fila 107: sin puesto (depActual='Incontinencia') -> SALTA
[19:08:42] Fila 108: sin puesto (depActual='Incontinencia') -> SALTA
[19:08:42] Fila 109: sin puesto (depActual='Incontinencia') -> SALTA
[19:08:42] Fila 110: sin puesto (depActual='Incontinencia') -> SALTA
[19:08:42] Fila 111: sin puesto (depActual='Incontinencia') -> SALTA
[19:08:42] Fila 112: sin puesto (depActual='Incontinencia') -> SALTA
[19:08:42] Fila 113: sin puesto (depActual='Incontinencia') -> SALTA
[19:08:42] Fila 114: sin puesto (depActual='Incontinencia') -> SALTA
[19:08:42] Fila 115: sin puesto (depActual='Incontinencia') -> SALTA
[19:08:42] Fila 116: sin puesto (depActual='Incontinencia') -> SALTA
[19:08:42] Fila 117: sin puesto (depActual='Incontinencia') -> SALTA
[19:08:42] Fila 118: sin puesto (depActual='Incontinencia') -> SALTA
[19:08:42] Fila 119: sin puesto (depActual='Incontinencia') -> SALTA
[19:08:42] Fila 120: sin puesto (depActual='Incontinencia') -> SALTA
[19:08:42] Fila 121: sin puesto (depActual='Incontinencia') -> SALTA
[19:08:42] Fila 122: sin puesto (depActual='Incontinencia') -> SALTA
[19:08:42] Fila 123: sin puesto (depActual='Incontinencia') -> SALTA
[19:08:42] Fila 124: sin puesto (depActual='Incontinencia') -> SALTA
[19:08:42] Fila 125: sin puesto (depActual='Incontinencia') -> SALTA
[19:08:42] Fila 126: sin puesto (depActual='Incontinencia') -> SALTA
[19:08:42] Fila 127: sin puesto (depActual='Incontinencia') -> SALTA
[19:08:42] Fila 128: sin puesto (depActual='Incontinencia') -> SALTA
[19:08:42] Fila 129: sin puesto (depActual='Incontinencia') -> SALTA
[19:08:42] Fila 130: sin puesto (depActual='Incontinencia') -> SALTA
[19:08:42] Fila 131: sin puesto (depActual='Incontinencia') -> SALTA
[19:08:42] Fila 132: sin puesto (depActual='Incontinencia') -> SALTA
[19:08:42] Fila 133: sin puesto (depActual='Incontinencia') -> SALTA
[19:08:42] Fila 134: sin puesto (depActual='Incontinencia') -> SALTA
[19:08:42] Fila 135: sin puesto (depActual='Incontinencia') -> SALTA
[19:08:42] Fila 136: sin puesto (depActual='Incontinencia') -> SALTA
[19:08:42] Fila 137: sin puesto (depActual='Incontinencia') -> SALTA
[19:08:42] Fila 138: sin puesto (depActual='Incontinencia') -> SALTA
[19:08:42] Fila 139: sin puesto (depActual='Incontinencia') -> SALTA
[19:08:42] Fila 140: sin puesto (depActual='Incontinencia') -> SALTA
[19:08:42] Fila 141: sin puesto (depActual='Incontinencia') -> SALTA
[19:08:42] Fila 142: sin puesto (depActual='Incontinencia') -> SALTA
[19:08:42] Total de equipos encontrados: 8
[19:08:42] ========================================================
[19:09:07] ==================== NUEVA PETICION ====================
[19:09:07] Departamento recibido: 'Incontinencia'
[19:09:07] Puesto recibido: 'Técnico electrónico'
[19:09:07] Departamento normalizado: 'incontinencia'
[19:09:07] Puesto normalizado: 'tecnico electronico'
[19:09:07] Ruta Excel: C:\xampp\htdocs\Mes\KCMes\EPP\php/FO-OSHPS012-01_Identificación_y_selección_de_EPP.xlsx
[19:09:07] OK: archivo encontrado
[19:09:07] Hoja [0]: 'EPP'
[19:09:07] Hoja [1]: 'Tabla I.1'
[19:09:07] Hoja [2]: 'X supervisor'
[19:09:07] Hoja [3]: 'Para alta'
[19:09:07] Hoja activa: EPP
[19:09:07] Ultima fila con datos: 142
[19:09:07] Fila 6: dep='Contratistas' puesto='Soldador' | depOk=no puestoOk=no
[19:09:07] Fila 7: dep='Contratistas' puesto='Prevencionista' | depOk=no puestoOk=no
[19:09:07] Fila 8: dep='Contratistas' puesto='Ayudante general' | depOk=no puestoOk=no
[19:09:07] Fila 9: dep='Relaciones industriales' puesto='Ayudante general' | depOk=no puestoOk=no
[19:09:07] Fila 10: dep='Relaciones industriales' puesto='Guardia' | depOk=no puestoOk=no
[19:09:07] Fila 11: dep='Relaciones industriales' puesto='Ayudante general' | depOk=no puestoOk=no
[19:09:07] Fila 12: dep='Relaciones industriales' puesto='Personal de intentendencia' | depOk=no puestoOk=no
[19:09:07] Fila 13: dep='Servicios Auxiliares' puesto='Mecánico' | depOk=no puestoOk=no
[19:09:07] Fila 14: dep='Servicios Auxiliares' puesto='Mecánico' | depOk=no puestoOk=no
[19:09:07] Fila 15: dep='Servicios Auxiliares' puesto='Mecánico' | depOk=no puestoOk=no
[19:09:07] Fila 16: dep='Servicios Auxiliares' puesto='Mecánico' | depOk=no puestoOk=no
[19:09:07] Fila 17: dep='Servicios Auxiliares' puesto='Empacador' | depOk=no puestoOk=no
[19:09:07] Fila 18: dep='Telas NoTejidas' puesto='Superintendente mecatronico' | depOk=no puestoOk=no
[19:09:07] Fila 19: dep='Telas NoTejidas' puesto='Ing. Proceso' | depOk=no puestoOk=no
[19:09:07] Fila 20: dep='Telas NoTejidas' puesto='Conductor' | depOk=no puestoOk=no
[19:09:07] Fila 21: dep='Telas NoTejidas' puesto='Ayudante De Operador' | depOk=no puestoOk=no
[19:09:07] Fila 22: dep='Telas NoTejidas' puesto='Empacador' | depOk=no puestoOk=no
[19:09:07] Fila 23: dep='Telas NoTejidas' puesto='Líder de Operación' | depOk=no puestoOk=no
[19:09:07] Fila 24: dep='Telas NoTejidas' puesto='Tecnico Electronico' | depOk=no puestoOk=SI
[19:09:07] Fila 25: dep='Telas NoTejidas' puesto='Mecanico D' | depOk=no puestoOk=no
[19:09:07] Fila 26: dep='Telas NoTejidas' puesto='Mecanico B' | depOk=no puestoOk=no
[19:09:07] Fila 27: dep='Telas NoTejidas' puesto='Electrico D' | depOk=no puestoOk=no
[19:09:07] Fila 28: dep='Telas NoTejidas' puesto='Auxiliar Administrativo' | depOk=no puestoOk=no
[19:09:07] Fila 29: dep='Telas NoTejidas' puesto='Maestro en cardas' | depOk=no puestoOk=no
[19:09:07] Fila 30: dep='Almacén Materia Prima' puesto='Montacarguista' | depOk=no puestoOk=no
[19:09:07] Fila 31: dep='Almacén Materia Prima' puesto='Auxiliar Administrativo' | depOk=no puestoOk=no
[19:09:07] Fila 32: dep='Almacén Materia Prima' puesto='Supervisor' | depOk=no puestoOk=no
[19:09:07] Fila 33: dep='Almacén Materia Prima' puesto='Planeador' | depOk=no puestoOk=no
[19:09:07] Fila 34: dep='Almacén Materia Prima' puesto='Superintendente' | depOk=no puestoOk=no
[19:09:07] Fila 35: dep='Pañal' puesto='sellador' | depOk=no puestoOk=no
[19:09:07] Fila 36: dep='Pañal' puesto='Ing. Proceso' | depOk=no puestoOk=no
[19:09:07] Fila 37: dep='Pañal' puesto='Electrico' | depOk=no puestoOk=no
[19:09:07] Fila 38: dep='Pañal' puesto='Jefe de mantenimiento' | depOk=no puestoOk=no
[19:09:07] Fila 39: dep='Pañal' puesto='Planeador' | depOk=no puestoOk=no
[19:09:07] Fila 40: dep='Pañal' puesto='Electronico' | depOk=no puestoOk=SI
[19:09:07] Fila 41: dep='Pañal' puesto='Supervisor' | depOk=no puestoOk=no
[19:09:07] Fila 42: dep='Pañal' puesto='Super intendente' | depOk=no puestoOk=no
[19:09:07] Fila 43: dep='Pañal' puesto='Conductor' | depOk=no puestoOk=no
[19:09:07] Fila 44: dep='Pañal' puesto='Mecanico' | depOk=no puestoOk=no
[19:09:07] Fila 45: dep='Pañal' puesto='Empacador' | depOk=no puestoOk=no
[19:09:07] Fila 46: dep='Pañal' puesto='Gerente' | depOk=no puestoOk=no
[19:09:07] Fila 47: dep='Pañal' puesto='TSP' | depOk=no puestoOk=no
[19:09:07] Fila 48: dep='Pañal' puesto='Ayudannte' | depOk=no puestoOk=no
[19:09:07] Fila 49: dep='Protección femenina' puesto='Eléctrico' | depOk=no puestoOk=no
[19:09:07] Fila 50: dep='Protección femenina' puesto='Electrónico' | depOk=no puestoOk=SI
[19:09:07] Fila 51: dep='Protección femenina' puesto='Mecánico' | depOk=no puestoOk=no
[19:09:07] Fila 52: dep='Protección femenina' puesto='Ayudante' | depOk=no puestoOk=no
[19:09:07] Fila 53: dep='Protección femenina' puesto='Conductor' | depOk=no puestoOk=no
[19:09:07] Fila 54: dep='Protección femenina' puesto='Empacador' | depOk=no puestoOk=no
[19:09:07] Fila 55: dep='Protección femenina' puesto='Sellador de Linea' | depOk=no puestoOk=no
[19:09:07] Fila 56: dep='Protección femenina' puesto='TCP' | depOk=no puestoOk=no
[19:09:07] Fila 57: dep='Incontinencia' puesto='Gerente de Incontinencia' | depOk=SI puestoOk=no
[19:09:07] Fila 58: dep='Incontinencia' puesto='Superintendente  mantenimiento mecánico' | depOk=SI puestoOk=no
[19:09:07] Fila 59: dep='Incontinencia' puesto='Superintendente mantenimiento electrico' | depOk=SI puestoOk=no
[19:09:07] Fila 60: dep='Incontinencia' puesto='Superintendente de proceso' | depOk=SI puestoOk=no
[19:09:07] Fila 61: dep='Incontinencia' puesto='Supervisor produción' | depOk=SI puestoOk=no
[19:09:07] Fila 62: dep='Incontinencia' puesto='Supervisor Mecánico' | depOk=SI puestoOk=no
[19:09:07] Fila 63: dep='Incontinencia' puesto='Ing. de proceso' | depOk=SI puestoOk=no
[19:09:07] Fila 64: dep='Incontinencia' puesto='Planeador' | depOk=SI puestoOk=no
[19:09:07] Fila 65: dep='Incontinencia' puesto='Electronico' | depOk=SI puestoOk=SI
[19:09:07]    >>> MATCH en fila 65
[19:09:07]       + [Cabeza] B)        Casco dieléctrico
[19:09:07]       + [Ojos y cara] C)        Protector facial
[19:09:07]       + [Oídos] A)        Tapones auditivos
[19:09:07]       + [Aparato respiratorio] A)        Respirador contra partículas
[19:09:07]       + [Extremidades superiores] B)        Guantes dieléctricos
[19:09:07]       + [Tronco] F)      Ropa de alta visibilidad
[19:09:07]       + [Extremidades inferiores] C)        Calzado dieléctrico
[19:09:07]       + [Otros] A)        Equipo de protección contra caídas de altura
[19:09:07] Fila 66: dep='Incontinencia' puesto='Conductor de Maquina' | depOk=SI puestoOk=no
[19:09:07] Fila 67: dep='Incontinencia' puesto='Mecánico categorias A,B,C,D' | depOk=SI puestoOk=no
[19:09:07] Fila 68: dep='Incontinencia' puesto='Electrico categorias A,B,C,D' | depOk=SI puestoOk=no
[19:09:07] Fila 69: dep='Incontinencia' puesto='Ayudannte' | depOk=SI puestoOk=no
[19:09:07] Fila 70: dep='Incontinencia' puesto='sellador' | depOk=SI puestoOk=no
[19:09:07] Fila 71: dep='Incontinencia' puesto='Empacador' | depOk=SI puestoOk=no
[19:09:07] Fila 72: dep='Incontinencia' puesto='Mecánico especialista adhesivos' | depOk=SI puestoOk=no
[19:09:07] Fila 73: dep='Incontinencia' puesto='Mecánico con perfil maquinas herramientas' | depOk=SI puestoOk=no
[19:09:07] Fila 74: sin puesto (depActual='Incontinencia') -> SALTA
[19:09:07] Fila 75: sin puesto (depActual='Incontinencia') -> SALTA
[19:09:07] Fila 76: sin puesto (depActual='Incontinencia') -> SALTA
[19:09:07] Fila 77: sin puesto (depActual='Incontinencia') -> SALTA
[19:09:07] Fila 78: sin puesto (depActual='Incontinencia') -> SALTA
[19:09:07] Fila 79: sin puesto (depActual='Incontinencia') -> SALTA
[19:09:07] Fila 80: sin puesto (depActual='Incontinencia') -> SALTA
[19:09:07] Fila 81: sin puesto (depActual='Incontinencia') -> SALTA
[19:09:07] Fila 82: sin puesto (depActual='Incontinencia') -> SALTA
[19:09:07] Fila 83: sin puesto (depActual='Incontinencia') -> SALTA
[19:09:07] Fila 84: sin puesto (depActual='Incontinencia') -> SALTA
[19:09:07] Fila 85: sin puesto (depActual='Incontinencia') -> SALTA
[19:09:07] Fila 86: sin puesto (depActual='Incontinencia') -> SALTA
[19:09:07] Fila 87: sin puesto (depActual='Incontinencia') -> SALTA
[19:09:07] Fila 88: sin puesto (depActual='Incontinencia') -> SALTA
[19:09:07] Fila 89: sin puesto (depActual='Incontinencia') -> SALTA
[19:09:07] Fila 90: sin puesto (depActual='Incontinencia') -> SALTA
[19:09:07] Fila 91: sin puesto (depActual='Incontinencia') -> SALTA
[19:09:07] Fila 92: sin puesto (depActual='Incontinencia') -> SALTA
[19:09:07] Fila 93: sin puesto (depActual='Incontinencia') -> SALTA
[19:09:07] Fila 94: sin puesto (depActual='Incontinencia') -> SALTA
[19:09:07] Fila 95: sin puesto (depActual='Incontinencia') -> SALTA
[19:09:07] Fila 96: sin puesto (depActual='Incontinencia') -> SALTA
[19:09:07] Fila 97: sin puesto (depActual='Incontinencia') -> SALTA
[19:09:07] Fila 98: sin puesto (depActual='Incontinencia') -> SALTA
[19:09:07] Fila 99: sin puesto (depActual='Incontinencia') -> SALTA
[19:09:07] Fila 100: sin puesto (depActual='Incontinencia') -> SALTA
[19:09:07] Fila 101: sin puesto (depActual='Incontinencia') -> SALTA
[19:09:07] Fila 102: sin puesto (depActual='Incontinencia') -> SALTA
[19:09:07] Fila 103: sin puesto (depActual='Incontinencia') -> SALTA
[19:09:07] Fila 104: sin puesto (depActual='Incontinencia') -> SALTA
[19:09:07] Fila 105: sin puesto (depActual='Incontinencia') -> SALTA
[19:09:07] Fila 106: sin puesto (depActual='Incontinencia') -> SALTA
[19:09:07] Fila 107: sin puesto (depActual='Incontinencia') -> SALTA
[19:09:07] Fila 108: sin puesto (depActual='Incontinencia') -> SALTA
[19:09:07] Fila 109: sin puesto (depActual='Incontinencia') -> SALTA
[19:09:07] Fila 110: sin puesto (depActual='Incontinencia') -> SALTA
[19:09:07] Fila 111: sin puesto (depActual='Incontinencia') -> SALTA
[19:09:07] Fila 112: sin puesto (depActual='Incontinencia') -> SALTA
[19:09:07] Fila 113: sin puesto (depActual='Incontinencia') -> SALTA
[19:09:07] Fila 114: sin puesto (depActual='Incontinencia') -> SALTA
[19:09:07] Fila 115: sin puesto (depActual='Incontinencia') -> SALTA
[19:09:07] Fila 116: sin puesto (depActual='Incontinencia') -> SALTA
[19:09:07] Fila 117: sin puesto (depActual='Incontinencia') -> SALTA
[19:09:07] Fila 118: sin puesto (depActual='Incontinencia') -> SALTA
[19:09:07] Fila 119: sin puesto (depActual='Incontinencia') -> SALTA
[19:09:07] Fila 120: sin puesto (depActual='Incontinencia') -> SALTA
[19:09:07] Fila 121: sin puesto (depActual='Incontinencia') -> SALTA
[19:09:07] Fila 122: sin puesto (depActual='Incontinencia') -> SALTA
[19:09:07] Fila 123: sin puesto (depActual='Incontinencia') -> SALTA
[19:09:07] Fila 124: sin puesto (depActual='Incontinencia') -> SALTA
[19:09:07] Fila 125: sin puesto (depActual='Incontinencia') -> SALTA
[19:09:07] Fila 126: sin puesto (depActual='Incontinencia') -> SALTA
[19:09:07] Fila 127: sin puesto (depActual='Incontinencia') -> SALTA
[19:09:07] Fila 128: sin puesto (depActual='Incontinencia') -> SALTA
[19:09:07] Fila 129: sin puesto (depActual='Incontinencia') -> SALTA
[19:09:07] Fila 130: sin puesto (depActual='Incontinencia') -> SALTA
[19:09:07] Fila 131: sin puesto (depActual='Incontinencia') -> SALTA
[19:09:07] Fila 132: sin puesto (depActual='Incontinencia') -> SALTA
[19:09:07] Fila 133: sin puesto (depActual='Incontinencia') -> SALTA
[19:09:07] Fila 134: sin puesto (depActual='Incontinencia') -> SALTA
[19:09:07] Fila 135: sin puesto (depActual='Incontinencia') -> SALTA
[19:09:07] Fila 136: sin puesto (depActual='Incontinencia') -> SALTA
[19:09:07] Fila 137: sin puesto (depActual='Incontinencia') -> SALTA
[19:09:07] Fila 138: sin puesto (depActual='Incontinencia') -> SALTA
[19:09:07] Fila 139: sin puesto (depActual='Incontinencia') -> SALTA
[19:09:07] Fila 140: sin puesto (depActual='Incontinencia') -> SALTA
[19:09:07] Fila 141: sin puesto (depActual='Incontinencia') -> SALTA
[19:09:07] Fila 142: sin puesto (depActual='Incontinencia') -> SALTA
[19:09:07] Total de equipos encontrados: 8
[19:09:07] ========================================================
[20:48:05] ==================== NUEVA PETICION ====================
[20:48:05] Departamento recibido: 'Incontinencia'
[20:48:05] Puesto recibido: 'Técnico electrónico'
[20:48:05] Departamento normalizado: 'incontinencia'
[20:48:05] Puesto normalizado: 'tecnico electronico'
[20:48:05] Ruta Excel: C:\xampp\htdocs\Mes\KCMes\EPP\php/FO-OSHPS012-01_Identificación_y_selección_de_EPP.xlsx
[20:48:05] OK: archivo encontrado
[20:48:07] Hoja [0]: 'EPP'
[20:48:07] Hoja [1]: 'Tabla I.1'
[20:48:07] Hoja [2]: 'X supervisor'
[20:48:07] Hoja [3]: 'Para alta'
[20:48:07] Hoja activa: EPP
[20:48:07] Ultima fila con datos: 142
[20:48:07] Fila 6: dep='Contratistas' puesto='Soldador' | depOk=no puestoOk=no
[20:48:07] Fila 7: dep='Contratistas' puesto='Prevencionista' | depOk=no puestoOk=no
[20:48:07] Fila 8: dep='Contratistas' puesto='Ayudante general' | depOk=no puestoOk=no
[20:48:07] Fila 9: dep='Relaciones industriales' puesto='Ayudante general' | depOk=no puestoOk=no
[20:48:07] Fila 10: dep='Relaciones industriales' puesto='Guardia' | depOk=no puestoOk=no
[20:48:07] Fila 11: dep='Relaciones industriales' puesto='Ayudante general' | depOk=no puestoOk=no
[20:48:07] Fila 12: dep='Relaciones industriales' puesto='Personal de intentendencia' | depOk=no puestoOk=no
[20:48:07] Fila 13: dep='Servicios Auxiliares' puesto='Mecánico' | depOk=no puestoOk=no
[20:48:07] Fila 14: dep='Servicios Auxiliares' puesto='Mecánico' | depOk=no puestoOk=no
[20:48:07] Fila 15: dep='Servicios Auxiliares' puesto='Mecánico' | depOk=no puestoOk=no
[20:48:07] Fila 16: dep='Servicios Auxiliares' puesto='Mecánico' | depOk=no puestoOk=no
[20:48:07] Fila 17: dep='Servicios Auxiliares' puesto='Empacador' | depOk=no puestoOk=no
[20:48:07] Fila 18: dep='Telas NoTejidas' puesto='Superintendente mecatronico' | depOk=no puestoOk=no
[20:48:07] Fila 19: dep='Telas NoTejidas' puesto='Ing. Proceso' | depOk=no puestoOk=no
[20:48:07] Fila 20: dep='Telas NoTejidas' puesto='Conductor' | depOk=no puestoOk=no
[20:48:07] Fila 21: dep='Telas NoTejidas' puesto='Ayudante De Operador' | depOk=no puestoOk=no
[20:48:07] Fila 22: dep='Telas NoTejidas' puesto='Empacador' | depOk=no puestoOk=no
[20:48:07] Fila 23: dep='Telas NoTejidas' puesto='Líder de Operación' | depOk=no puestoOk=no
[20:48:07] Fila 24: dep='Telas NoTejidas' puesto='Tecnico Electronico' | depOk=no puestoOk=SI
[20:48:07] Fila 25: dep='Telas NoTejidas' puesto='Mecanico D' | depOk=no puestoOk=no
[20:48:07] Fila 26: dep='Telas NoTejidas' puesto='Mecanico B' | depOk=no puestoOk=no
[20:48:07] Fila 27: dep='Telas NoTejidas' puesto='Electrico D' | depOk=no puestoOk=no
[20:48:07] Fila 28: dep='Telas NoTejidas' puesto='Auxiliar Administrativo' | depOk=no puestoOk=no
[20:48:07] Fila 29: dep='Telas NoTejidas' puesto='Maestro en cardas' | depOk=no puestoOk=no
[20:48:07] Fila 30: dep='Almacén Materia Prima' puesto='Montacarguista' | depOk=no puestoOk=no
[20:48:07] Fila 31: dep='Almacén Materia Prima' puesto='Auxiliar Administrativo' | depOk=no puestoOk=no
[20:48:07] Fila 32: dep='Almacén Materia Prima' puesto='Supervisor' | depOk=no puestoOk=no
[20:48:07] Fila 33: dep='Almacén Materia Prima' puesto='Planeador' | depOk=no puestoOk=no
[20:48:07] Fila 34: dep='Almacén Materia Prima' puesto='Superintendente' | depOk=no puestoOk=no
[20:48:07] Fila 35: dep='Pañal' puesto='sellador' | depOk=no puestoOk=no
[20:48:07] Fila 36: dep='Pañal' puesto='Ing. Proceso' | depOk=no puestoOk=no
[20:48:07] Fila 37: dep='Pañal' puesto='Electrico' | depOk=no puestoOk=no
[20:48:07] Fila 38: dep='Pañal' puesto='Jefe de mantenimiento' | depOk=no puestoOk=no
[20:48:07] Fila 39: dep='Pañal' puesto='Planeador' | depOk=no puestoOk=no
[20:48:07] Fila 40: dep='Pañal' puesto='Electronico' | depOk=no puestoOk=SI
[20:48:07] Fila 41: dep='Pañal' puesto='Supervisor' | depOk=no puestoOk=no
[20:48:07] Fila 42: dep='Pañal' puesto='Super intendente' | depOk=no puestoOk=no
[20:48:07] Fila 43: dep='Pañal' puesto='Conductor' | depOk=no puestoOk=no
[20:48:07] Fila 44: dep='Pañal' puesto='Mecanico' | depOk=no puestoOk=no
[20:48:07] Fila 45: dep='Pañal' puesto='Empacador' | depOk=no puestoOk=no
[20:48:07] Fila 46: dep='Pañal' puesto='Gerente' | depOk=no puestoOk=no
[20:48:07] Fila 47: dep='Pañal' puesto='TSP' | depOk=no puestoOk=no
[20:48:07] Fila 48: dep='Pañal' puesto='Ayudannte' | depOk=no puestoOk=no
[20:48:07] Fila 49: dep='Protección femenina' puesto='Eléctrico' | depOk=no puestoOk=no
[20:48:07] Fila 50: dep='Protección femenina' puesto='Electrónico' | depOk=no puestoOk=SI
[20:48:07] Fila 51: dep='Protección femenina' puesto='Mecánico' | depOk=no puestoOk=no
[20:48:07] Fila 52: dep='Protección femenina' puesto='Ayudante' | depOk=no puestoOk=no
[20:48:07] Fila 53: dep='Protección femenina' puesto='Conductor' | depOk=no puestoOk=no
[20:48:07] Fila 54: dep='Protección femenina' puesto='Empacador' | depOk=no puestoOk=no
[20:48:07] Fila 55: dep='Protección femenina' puesto='Sellador de Linea' | depOk=no puestoOk=no
[20:48:07] Fila 56: dep='Protección femenina' puesto='TCP' | depOk=no puestoOk=no
[20:48:07] Fila 57: dep='Incontinencia' puesto='Gerente de Incontinencia' | depOk=SI puestoOk=no
[20:48:07] Fila 58: dep='Incontinencia' puesto='Superintendente  mantenimiento mecánico' | depOk=SI puestoOk=no
[20:48:07] Fila 59: dep='Incontinencia' puesto='Superintendente mantenimiento electrico' | depOk=SI puestoOk=no
[20:48:07] Fila 60: dep='Incontinencia' puesto='Superintendente de proceso' | depOk=SI puestoOk=no
[20:48:07] Fila 61: dep='Incontinencia' puesto='Supervisor produción' | depOk=SI puestoOk=no
[20:48:07] Fila 62: dep='Incontinencia' puesto='Supervisor Mecánico' | depOk=SI puestoOk=no
[20:48:07] Fila 63: dep='Incontinencia' puesto='Ing. de proceso' | depOk=SI puestoOk=no
[20:48:07] Fila 64: dep='Incontinencia' puesto='Planeador' | depOk=SI puestoOk=no
[20:48:07] Fila 65: dep='Incontinencia' puesto='Electronico' | depOk=SI puestoOk=SI
[20:48:07]    >>> MATCH en fila 65
[20:48:07]       + [Cabeza] B)        Casco dieléctrico
[20:48:07]       + [Ojos y cara] C)        Protector facial
[20:48:07]       + [Oídos] A)        Tapones auditivos
[20:48:07]       + [Aparato respiratorio] A)        Respirador contra partículas
[20:48:07]       + [Extremidades superiores] B)        Guantes dieléctricos
[20:48:07]       + [Tronco] F)      Ropa de alta visibilidad
[20:48:07]       + [Extremidades inferiores] C)        Calzado dieléctrico
[20:48:07]       + [Otros] A)        Equipo de protección contra caídas de altura
[20:48:07] Fila 66: dep='Incontinencia' puesto='Conductor de Maquina' | depOk=SI puestoOk=no
[20:48:07] Fila 67: dep='Incontinencia' puesto='Mecánico categorias A,B,C,D' | depOk=SI puestoOk=no
[20:48:07] Fila 68: dep='Incontinencia' puesto='Electrico categorias A,B,C,D' | depOk=SI puestoOk=no
[20:48:07] Fila 69: dep='Incontinencia' puesto='Ayudannte' | depOk=SI puestoOk=no
[20:48:07] Fila 70: dep='Incontinencia' puesto='sellador' | depOk=SI puestoOk=no
[20:48:07] Fila 71: dep='Incontinencia' puesto='Empacador' | depOk=SI puestoOk=no
[20:48:07] Fila 72: dep='Incontinencia' puesto='Mecánico especialista adhesivos' | depOk=SI puestoOk=no
[20:48:07] Fila 73: dep='Incontinencia' puesto='Mecánico con perfil maquinas herramientas' | depOk=SI puestoOk=no
[20:48:07] Fila 74: sin puesto (depActual='Incontinencia') -> SALTA
[20:48:07] Fila 75: sin puesto (depActual='Incontinencia') -> SALTA
[20:48:07] Fila 76: sin puesto (depActual='Incontinencia') -> SALTA
[20:48:07] Fila 77: sin puesto (depActual='Incontinencia') -> SALTA
[20:48:07] Fila 78: sin puesto (depActual='Incontinencia') -> SALTA
[20:48:07] Fila 79: sin puesto (depActual='Incontinencia') -> SALTA
[20:48:07] Fila 80: sin puesto (depActual='Incontinencia') -> SALTA
[20:48:07] Fila 81: sin puesto (depActual='Incontinencia') -> SALTA
[20:48:07] Fila 82: sin puesto (depActual='Incontinencia') -> SALTA
[20:48:07] Fila 83: sin puesto (depActual='Incontinencia') -> SALTA
[20:48:07] Fila 84: sin puesto (depActual='Incontinencia') -> SALTA
[20:48:07] Fila 85: sin puesto (depActual='Incontinencia') -> SALTA
[20:48:07] Fila 86: sin puesto (depActual='Incontinencia') -> SALTA
[20:48:07] Fila 87: sin puesto (depActual='Incontinencia') -> SALTA
[20:48:07] Fila 88: sin puesto (depActual='Incontinencia') -> SALTA
[20:48:07] Fila 89: sin puesto (depActual='Incontinencia') -> SALTA
[20:48:07] Fila 90: sin puesto (depActual='Incontinencia') -> SALTA
[20:48:07] Fila 91: sin puesto (depActual='Incontinencia') -> SALTA
[20:48:07] Fila 92: sin puesto (depActual='Incontinencia') -> SALTA
[20:48:07] Fila 93: sin puesto (depActual='Incontinencia') -> SALTA
[20:48:07] Fila 94: sin puesto (depActual='Incontinencia') -> SALTA
[20:48:07] Fila 95: sin puesto (depActual='Incontinencia') -> SALTA
[20:48:07] Fila 96: sin puesto (depActual='Incontinencia') -> SALTA
[20:48:07] Fila 97: sin puesto (depActual='Incontinencia') -> SALTA
[20:48:07] Fila 98: sin puesto (depActual='Incontinencia') -> SALTA
[20:48:07] Fila 99: sin puesto (depActual='Incontinencia') -> SALTA
[20:48:07] Fila 100: sin puesto (depActual='Incontinencia') -> SALTA
[20:48:07] Fila 101: sin puesto (depActual='Incontinencia') -> SALTA
[20:48:07] Fila 102: sin puesto (depActual='Incontinencia') -> SALTA
[20:48:07] Fila 103: sin puesto (depActual='Incontinencia') -> SALTA
[20:48:07] Fila 104: sin puesto (depActual='Incontinencia') -> SALTA
[20:48:07] Fila 105: sin puesto (depActual='Incontinencia') -> SALTA
[20:48:07] Fila 106: sin puesto (depActual='Incontinencia') -> SALTA
[20:48:07] Fila 107: sin puesto (depActual='Incontinencia') -> SALTA
[20:48:07] Fila 108: sin puesto (depActual='Incontinencia') -> SALTA
[20:48:07] Fila 109: sin puesto (depActual='Incontinencia') -> SALTA
[20:48:07] Fila 110: sin puesto (depActual='Incontinencia') -> SALTA
[20:48:07] Fila 111: sin puesto (depActual='Incontinencia') -> SALTA
[20:48:07] Fila 112: sin puesto (depActual='Incontinencia') -> SALTA
[20:48:07] Fila 113: sin puesto (depActual='Incontinencia') -> SALTA
[20:48:07] Fila 114: sin puesto (depActual='Incontinencia') -> SALTA
[20:48:07] Fila 115: sin puesto (depActual='Incontinencia') -> SALTA
[20:48:07] Fila 116: sin puesto (depActual='Incontinencia') -> SALTA
[20:48:07] Fila 117: sin puesto (depActual='Incontinencia') -> SALTA
[20:48:07] Fila 118: sin puesto (depActual='Incontinencia') -> SALTA
[20:48:07] Fila 119: sin puesto (depActual='Incontinencia') -> SALTA
[20:48:07] Fila 120: sin puesto (depActual='Incontinencia') -> SALTA
[20:48:07] Fila 121: sin puesto (depActual='Incontinencia') -> SALTA
[20:48:07] Fila 122: sin puesto (depActual='Incontinencia') -> SALTA
[20:48:07] Fila 123: sin puesto (depActual='Incontinencia') -> SALTA
[20:48:07] Fila 124: sin puesto (depActual='Incontinencia') -> SALTA
[20:48:07] Fila 125: sin puesto (depActual='Incontinencia') -> SALTA
[20:48:07] Fila 126: sin puesto (depActual='Incontinencia') -> SALTA
[20:48:07] Fila 127: sin puesto (depActual='Incontinencia') -> SALTA
[20:48:07] Fila 128: sin puesto (depActual='Incontinencia') -> SALTA
[20:48:07] Fila 129: sin puesto (depActual='Incontinencia') -> SALTA
[20:48:07] Fila 130: sin puesto (depActual='Incontinencia') -> SALTA
[20:48:07] Fila 131: sin puesto (depActual='Incontinencia') -> SALTA
[20:48:07] Fila 132: sin puesto (depActual='Incontinencia') -> SALTA
[20:48:07] Fila 133: sin puesto (depActual='Incontinencia') -> SALTA
[20:48:07] Fila 134: sin puesto (depActual='Incontinencia') -> SALTA
[20:48:07] Fila 135: sin puesto (depActual='Incontinencia') -> SALTA
[20:48:07] Fila 136: sin puesto (depActual='Incontinencia') -> SALTA
[20:48:07] Fila 137: sin puesto (depActual='Incontinencia') -> SALTA
[20:48:07] Fila 138: sin puesto (depActual='Incontinencia') -> SALTA
[20:48:07] Fila 139: sin puesto (depActual='Incontinencia') -> SALTA
[20:48:07] Fila 140: sin puesto (depActual='Incontinencia') -> SALTA
[20:48:07] Fila 141: sin puesto (depActual='Incontinencia') -> SALTA
[20:48:07] Fila 142: sin puesto (depActual='Incontinencia') -> SALTA
[20:48:07] Total de equipos encontrados: 8
[20:48:07] ========================================================
[20:49:20] ==================== NUEVA PETICION ====================
[20:49:21] Departamento recibido: 'Incontinencia'
[20:49:21] Puesto recibido: 'Técnico electrónico'
[20:49:21] Departamento normalizado: 'incontinencia'
[20:49:21] Puesto normalizado: 'tecnico electronico'
[20:49:21] Ruta Excel: C:\xampp\htdocs\Mes\KCMes\EPP\php/FO-OSHPS012-01_Identificación_y_selección_de_EPP.xlsx
[20:49:21] OK: archivo encontrado
[20:49:21] Hoja [0]: 'EPP'
[20:49:21] Hoja [1]: 'Tabla I.1'
[20:49:21] Hoja [2]: 'X supervisor'
[20:49:21] Hoja [3]: 'Para alta'
[20:49:21] Hoja activa: EPP
[20:49:21] Ultima fila con datos: 142
[20:49:21] Fila 6: dep='Contratistas' puesto='Soldador' | depOk=no puestoOk=no
[20:49:21] Fila 7: dep='Contratistas' puesto='Prevencionista' | depOk=no puestoOk=no
[20:49:21] Fila 8: dep='Contratistas' puesto='Ayudante general' | depOk=no puestoOk=no
[20:49:21] Fila 9: dep='Relaciones industriales' puesto='Ayudante general' | depOk=no puestoOk=no
[20:49:21] Fila 10: dep='Relaciones industriales' puesto='Guardia' | depOk=no puestoOk=no
[20:49:21] Fila 11: dep='Relaciones industriales' puesto='Ayudante general' | depOk=no puestoOk=no
[20:49:21] Fila 12: dep='Relaciones industriales' puesto='Personal de intentendencia' | depOk=no puestoOk=no
[20:49:21] Fila 13: dep='Servicios Auxiliares' puesto='Mecánico' | depOk=no puestoOk=no
[20:49:21] Fila 14: dep='Servicios Auxiliares' puesto='Mecánico' | depOk=no puestoOk=no
[20:49:21] Fila 15: dep='Servicios Auxiliares' puesto='Mecánico' | depOk=no puestoOk=no
[20:49:21] Fila 16: dep='Servicios Auxiliares' puesto='Mecánico' | depOk=no puestoOk=no
[20:49:21] Fila 17: dep='Servicios Auxiliares' puesto='Empacador' | depOk=no puestoOk=no
[20:49:21] Fila 18: dep='Telas NoTejidas' puesto='Superintendente mecatronico' | depOk=no puestoOk=no
[20:49:21] Fila 19: dep='Telas NoTejidas' puesto='Ing. Proceso' | depOk=no puestoOk=no
[20:49:21] Fila 20: dep='Telas NoTejidas' puesto='Conductor' | depOk=no puestoOk=no
[20:49:21] Fila 21: dep='Telas NoTejidas' puesto='Ayudante De Operador' | depOk=no puestoOk=no
[20:49:21] Fila 22: dep='Telas NoTejidas' puesto='Empacador' | depOk=no puestoOk=no
[20:49:21] Fila 23: dep='Telas NoTejidas' puesto='Líder de Operación' | depOk=no puestoOk=no
[20:49:21] Fila 24: dep='Telas NoTejidas' puesto='Tecnico Electronico' | depOk=no puestoOk=SI
[20:49:21] Fila 25: dep='Telas NoTejidas' puesto='Mecanico D' | depOk=no puestoOk=no
[20:49:21] Fila 26: dep='Telas NoTejidas' puesto='Mecanico B' | depOk=no puestoOk=no
[20:49:21] Fila 27: dep='Telas NoTejidas' puesto='Electrico D' | depOk=no puestoOk=no
[20:49:21] Fila 28: dep='Telas NoTejidas' puesto='Auxiliar Administrativo' | depOk=no puestoOk=no
[20:49:21] Fila 29: dep='Telas NoTejidas' puesto='Maestro en cardas' | depOk=no puestoOk=no
[20:49:21] Fila 30: dep='Almacén Materia Prima' puesto='Montacarguista' | depOk=no puestoOk=no
[20:49:21] Fila 31: dep='Almacén Materia Prima' puesto='Auxiliar Administrativo' | depOk=no puestoOk=no
[20:49:21] Fila 32: dep='Almacén Materia Prima' puesto='Supervisor' | depOk=no puestoOk=no
[20:49:21] Fila 33: dep='Almacén Materia Prima' puesto='Planeador' | depOk=no puestoOk=no
[20:49:21] Fila 34: dep='Almacén Materia Prima' puesto='Superintendente' | depOk=no puestoOk=no
[20:49:21] Fila 35: dep='Pañal' puesto='sellador' | depOk=no puestoOk=no
[20:49:21] Fila 36: dep='Pañal' puesto='Ing. Proceso' | depOk=no puestoOk=no
[20:49:21] Fila 37: dep='Pañal' puesto='Electrico' | depOk=no puestoOk=no
[20:49:21] Fila 38: dep='Pañal' puesto='Jefe de mantenimiento' | depOk=no puestoOk=no
[20:49:21] Fila 39: dep='Pañal' puesto='Planeador' | depOk=no puestoOk=no
[20:49:21] Fila 40: dep='Pañal' puesto='Electronico' | depOk=no puestoOk=SI
[20:49:21] Fila 41: dep='Pañal' puesto='Supervisor' | depOk=no puestoOk=no
[20:49:21] Fila 42: dep='Pañal' puesto='Super intendente' | depOk=no puestoOk=no
[20:49:21] Fila 43: dep='Pañal' puesto='Conductor' | depOk=no puestoOk=no
[20:49:21] Fila 44: dep='Pañal' puesto='Mecanico' | depOk=no puestoOk=no
[20:49:21] Fila 45: dep='Pañal' puesto='Empacador' | depOk=no puestoOk=no
[20:49:21] Fila 46: dep='Pañal' puesto='Gerente' | depOk=no puestoOk=no
[20:49:21] Fila 47: dep='Pañal' puesto='TSP' | depOk=no puestoOk=no
[20:49:21] Fila 48: dep='Pañal' puesto='Ayudannte' | depOk=no puestoOk=no
[20:49:21] Fila 49: dep='Protección femenina' puesto='Eléctrico' | depOk=no puestoOk=no
[20:49:21] Fila 50: dep='Protección femenina' puesto='Electrónico' | depOk=no puestoOk=SI
[20:49:21] Fila 51: dep='Protección femenina' puesto='Mecánico' | depOk=no puestoOk=no
[20:49:21] Fila 52: dep='Protección femenina' puesto='Ayudante' | depOk=no puestoOk=no
[20:49:21] Fila 53: dep='Protección femenina' puesto='Conductor' | depOk=no puestoOk=no
[20:49:21] Fila 54: dep='Protección femenina' puesto='Empacador' | depOk=no puestoOk=no
[20:49:21] Fila 55: dep='Protección femenina' puesto='Sellador de Linea' | depOk=no puestoOk=no
[20:49:21] Fila 56: dep='Protección femenina' puesto='TCP' | depOk=no puestoOk=no
[20:49:21] Fila 57: dep='Incontinencia' puesto='Gerente de Incontinencia' | depOk=SI puestoOk=no
[20:49:21] Fila 58: dep='Incontinencia' puesto='Superintendente  mantenimiento mecánico' | depOk=SI puestoOk=no
[20:49:21] Fila 59: dep='Incontinencia' puesto='Superintendente mantenimiento electrico' | depOk=SI puestoOk=no
[20:49:21] Fila 60: dep='Incontinencia' puesto='Superintendente de proceso' | depOk=SI puestoOk=no
[20:49:21] Fila 61: dep='Incontinencia' puesto='Supervisor produción' | depOk=SI puestoOk=no
[20:49:21] Fila 62: dep='Incontinencia' puesto='Supervisor Mecánico' | depOk=SI puestoOk=no
[20:49:21] Fila 63: dep='Incontinencia' puesto='Ing. de proceso' | depOk=SI puestoOk=no
[20:49:21] Fila 64: dep='Incontinencia' puesto='Planeador' | depOk=SI puestoOk=no
[20:49:21] Fila 65: dep='Incontinencia' puesto='Electronico' | depOk=SI puestoOk=SI
[20:49:21]    >>> MATCH en fila 65
[20:49:21]       + [Cabeza] B)        Casco dieléctrico
[20:49:21]       + [Ojos y cara] C)        Protector facial
[20:49:21]       + [Oídos] A)        Tapones auditivos
[20:49:21]       + [Aparato respiratorio] A)        Respirador contra partículas
[20:49:21]       + [Extremidades superiores] B)        Guantes dieléctricos
[20:49:21]       + [Tronco] F)      Ropa de alta visibilidad
[20:49:21]       + [Extremidades inferiores] C)        Calzado dieléctrico
[20:49:21]       + [Otros] A)        Equipo de protección contra caídas de altura
[20:49:21] Fila 66: dep='Incontinencia' puesto='Conductor de Maquina' | depOk=SI puestoOk=no
[20:49:21] Fila 67: dep='Incontinencia' puesto='Mecánico categorias A,B,C,D' | depOk=SI puestoOk=no
[20:49:21] Fila 68: dep='Incontinencia' puesto='Electrico categorias A,B,C,D' | depOk=SI puestoOk=no
[20:49:21] Fila 69: dep='Incontinencia' puesto='Ayudannte' | depOk=SI puestoOk=no
[20:49:21] Fila 70: dep='Incontinencia' puesto='sellador' | depOk=SI puestoOk=no
[20:49:21] Fila 71: dep='Incontinencia' puesto='Empacador' | depOk=SI puestoOk=no
[20:49:21] Fila 72: dep='Incontinencia' puesto='Mecánico especialista adhesivos' | depOk=SI puestoOk=no
[20:49:21] Fila 73: dep='Incontinencia' puesto='Mecánico con perfil maquinas herramientas' | depOk=SI puestoOk=no
[20:49:21] Fila 74: sin puesto (depActual='Incontinencia') -> SALTA
[20:49:21] Fila 75: sin puesto (depActual='Incontinencia') -> SALTA
[20:49:21] Fila 76: sin puesto (depActual='Incontinencia') -> SALTA
[20:49:21] Fila 77: sin puesto (depActual='Incontinencia') -> SALTA
[20:49:21] Fila 78: sin puesto (depActual='Incontinencia') -> SALTA
[20:49:21] Fila 79: sin puesto (depActual='Incontinencia') -> SALTA
[20:49:21] Fila 80: sin puesto (depActual='Incontinencia') -> SALTA
[20:49:21] Fila 81: sin puesto (depActual='Incontinencia') -> SALTA
[20:49:21] Fila 82: sin puesto (depActual='Incontinencia') -> SALTA
[20:49:21] Fila 83: sin puesto (depActual='Incontinencia') -> SALTA
[20:49:21] Fila 84: sin puesto (depActual='Incontinencia') -> SALTA
[20:49:21] Fila 85: sin puesto (depActual='Incontinencia') -> SALTA
[20:49:21] Fila 86: sin puesto (depActual='Incontinencia') -> SALTA
[20:49:21] Fila 87: sin puesto (depActual='Incontinencia') -> SALTA
[20:49:21] Fila 88: sin puesto (depActual='Incontinencia') -> SALTA
[20:49:21] Fila 89: sin puesto (depActual='Incontinencia') -> SALTA
[20:49:21] Fila 90: sin puesto (depActual='Incontinencia') -> SALTA
[20:49:21] Fila 91: sin puesto (depActual='Incontinencia') -> SALTA
[20:49:21] Fila 92: sin puesto (depActual='Incontinencia') -> SALTA
[20:49:21] Fila 93: sin puesto (depActual='Incontinencia') -> SALTA
[20:49:21] Fila 94: sin puesto (depActual='Incontinencia') -> SALTA
[20:49:21] Fila 95: sin puesto (depActual='Incontinencia') -> SALTA
[20:49:21] Fila 96: sin puesto (depActual='Incontinencia') -> SALTA
[20:49:21] Fila 97: sin puesto (depActual='Incontinencia') -> SALTA
[20:49:21] Fila 98: sin puesto (depActual='Incontinencia') -> SALTA
[20:49:21] Fila 99: sin puesto (depActual='Incontinencia') -> SALTA
[20:49:21] Fila 100: sin puesto (depActual='Incontinencia') -> SALTA
[20:49:21] Fila 101: sin puesto (depActual='Incontinencia') -> SALTA
[20:49:21] Fila 102: sin puesto (depActual='Incontinencia') -> SALTA
[20:49:21] Fila 103: sin puesto (depActual='Incontinencia') -> SALTA
[20:49:21] Fila 104: sin puesto (depActual='Incontinencia') -> SALTA
[20:49:21] Fila 105: sin puesto (depActual='Incontinencia') -> SALTA
[20:49:21] Fila 106: sin puesto (depActual='Incontinencia') -> SALTA
[20:49:21] Fila 107: sin puesto (depActual='Incontinencia') -> SALTA
[20:49:21] Fila 108: sin puesto (depActual='Incontinencia') -> SALTA
[20:49:21] Fila 109: sin puesto (depActual='Incontinencia') -> SALTA
[20:49:21] Fila 110: sin puesto (depActual='Incontinencia') -> SALTA
[20:49:21] Fila 111: sin puesto (depActual='Incontinencia') -> SALTA
[20:49:21] Fila 112: sin puesto (depActual='Incontinencia') -> SALTA
[20:49:21] Fila 113: sin puesto (depActual='Incontinencia') -> SALTA
[20:49:21] Fila 114: sin puesto (depActual='Incontinencia') -> SALTA
[20:49:21] Fila 115: sin puesto (depActual='Incontinencia') -> SALTA
[20:49:21] Fila 116: sin puesto (depActual='Incontinencia') -> SALTA
[20:49:21] Fila 117: sin puesto (depActual='Incontinencia') -> SALTA
[20:49:21] Fila 118: sin puesto (depActual='Incontinencia') -> SALTA
[20:49:21] Fila 119: sin puesto (depActual='Incontinencia') -> SALTA
[20:49:21] Fila 120: sin puesto (depActual='Incontinencia') -> SALTA
[20:49:21] Fila 121: sin puesto (depActual='Incontinencia') -> SALTA
[20:49:21] Fila 122: sin puesto (depActual='Incontinencia') -> SALTA
[20:49:21] Fila 123: sin puesto (depActual='Incontinencia') -> SALTA
[20:49:21] Fila 124: sin puesto (depActual='Incontinencia') -> SALTA
[20:49:21] Fila 125: sin puesto (depActual='Incontinencia') -> SALTA
[20:49:21] Fila 126: sin puesto (depActual='Incontinencia') -> SALTA
[20:49:21] Fila 127: sin puesto (depActual='Incontinencia') -> SALTA
[20:49:21] Fila 128: sin puesto (depActual='Incontinencia') -> SALTA
[20:49:21] Fila 129: sin puesto (depActual='Incontinencia') -> SALTA
[20:49:21] Fila 130: sin puesto (depActual='Incontinencia') -> SALTA
[20:49:21] Fila 131: sin puesto (depActual='Incontinencia') -> SALTA
[20:49:21] Fila 132: sin puesto (depActual='Incontinencia') -> SALTA
[20:49:21] Fila 133: sin puesto (depActual='Incontinencia') -> SALTA
[20:49:21] Fila 134: sin puesto (depActual='Incontinencia') -> SALTA
[20:49:21] Fila 135: sin puesto (depActual='Incontinencia') -> SALTA
[20:49:21] Fila 136: sin puesto (depActual='Incontinencia') -> SALTA
[20:49:21] Fila 137: sin puesto (depActual='Incontinencia') -> SALTA
[20:49:21] Fila 138: sin puesto (depActual='Incontinencia') -> SALTA
[20:49:21] Fila 139: sin puesto (depActual='Incontinencia') -> SALTA
[20:49:21] Fila 140: sin puesto (depActual='Incontinencia') -> SALTA
[20:49:21] Fila 141: sin puesto (depActual='Incontinencia') -> SALTA
[20:49:21] Fila 142: sin puesto (depActual='Incontinencia') -> SALTA
[20:49:21] Total de equipos encontrados: 8
[20:49:21] ========================================================
[20:50:59] ==================== NUEVA PETICION ====================
[20:50:59] Departamento recibido: 'Incontinencia'
[20:50:59] Puesto recibido: 'Técnico electrónico'
[20:50:59] Departamento normalizado: 'incontinencia'
[20:50:59] Puesto normalizado: 'tecnico electronico'
[20:50:59] Ruta Excel: C:\xampp\htdocs\Mes\KCMes\EPP\php/FO-OSHPS012-01_Identificación_y_selección_de_EPP.xlsx
[20:50:59] OK: archivo encontrado
[20:50:59] Hoja [0]: 'EPP'
[20:50:59] Hoja [1]: 'Tabla I.1'
[20:50:59] Hoja [2]: 'X supervisor'
[20:50:59] Hoja [3]: 'Para alta'
[20:50:59] Hoja activa: EPP
[20:50:59] Ultima fila con datos: 142
[20:50:59] Fila 6: dep='Contratistas' puesto='Soldador' | depOk=no puestoOk=no
[20:50:59] Fila 7: dep='Contratistas' puesto='Prevencionista' | depOk=no puestoOk=no
[20:50:59] Fila 8: dep='Contratistas' puesto='Ayudante general' | depOk=no puestoOk=no
[20:50:59] Fila 9: dep='Relaciones industriales' puesto='Ayudante general' | depOk=no puestoOk=no
[20:50:59] Fila 10: dep='Relaciones industriales' puesto='Guardia' | depOk=no puestoOk=no
[20:50:59] Fila 11: dep='Relaciones industriales' puesto='Ayudante general' | depOk=no puestoOk=no
[20:50:59] Fila 12: dep='Relaciones industriales' puesto='Personal de intentendencia' | depOk=no puestoOk=no
[20:50:59] Fila 13: dep='Servicios Auxiliares' puesto='Mecánico' | depOk=no puestoOk=no
[20:50:59] Fila 14: dep='Servicios Auxiliares' puesto='Mecánico' | depOk=no puestoOk=no
[20:50:59] Fila 15: dep='Servicios Auxiliares' puesto='Mecánico' | depOk=no puestoOk=no
[20:50:59] Fila 16: dep='Servicios Auxiliares' puesto='Mecánico' | depOk=no puestoOk=no
[20:50:59] Fila 17: dep='Servicios Auxiliares' puesto='Empacador' | depOk=no puestoOk=no
[20:50:59] Fila 18: dep='Telas NoTejidas' puesto='Superintendente mecatronico' | depOk=no puestoOk=no
[20:50:59] Fila 19: dep='Telas NoTejidas' puesto='Ing. Proceso' | depOk=no puestoOk=no
[20:50:59] Fila 20: dep='Telas NoTejidas' puesto='Conductor' | depOk=no puestoOk=no
[20:50:59] Fila 21: dep='Telas NoTejidas' puesto='Ayudante De Operador' | depOk=no puestoOk=no
[20:50:59] Fila 22: dep='Telas NoTejidas' puesto='Empacador' | depOk=no puestoOk=no
[20:50:59] Fila 23: dep='Telas NoTejidas' puesto='Líder de Operación' | depOk=no puestoOk=no
[20:50:59] Fila 24: dep='Telas NoTejidas' puesto='Tecnico Electronico' | depOk=no puestoOk=SI
[20:50:59] Fila 25: dep='Telas NoTejidas' puesto='Mecanico D' | depOk=no puestoOk=no
[20:50:59] Fila 26: dep='Telas NoTejidas' puesto='Mecanico B' | depOk=no puestoOk=no
[20:50:59] Fila 27: dep='Telas NoTejidas' puesto='Electrico D' | depOk=no puestoOk=no
[20:50:59] Fila 28: dep='Telas NoTejidas' puesto='Auxiliar Administrativo' | depOk=no puestoOk=no
[20:50:59] Fila 29: dep='Telas NoTejidas' puesto='Maestro en cardas' | depOk=no puestoOk=no
[20:50:59] Fila 30: dep='Almacén Materia Prima' puesto='Montacarguista' | depOk=no puestoOk=no
[20:50:59] Fila 31: dep='Almacén Materia Prima' puesto='Auxiliar Administrativo' | depOk=no puestoOk=no
[20:50:59] Fila 32: dep='Almacén Materia Prima' puesto='Supervisor' | depOk=no puestoOk=no
[20:50:59] Fila 33: dep='Almacén Materia Prima' puesto='Planeador' | depOk=no puestoOk=no
[20:50:59] Fila 34: dep='Almacén Materia Prima' puesto='Superintendente' | depOk=no puestoOk=no
[20:50:59] Fila 35: dep='Pañal' puesto='sellador' | depOk=no puestoOk=no
[20:50:59] Fila 36: dep='Pañal' puesto='Ing. Proceso' | depOk=no puestoOk=no
[20:50:59] Fila 37: dep='Pañal' puesto='Electrico' | depOk=no puestoOk=no
[20:50:59] Fila 38: dep='Pañal' puesto='Jefe de mantenimiento' | depOk=no puestoOk=no
[20:50:59] Fila 39: dep='Pañal' puesto='Planeador' | depOk=no puestoOk=no
[20:50:59] Fila 40: dep='Pañal' puesto='Electronico' | depOk=no puestoOk=SI
[20:50:59] Fila 41: dep='Pañal' puesto='Supervisor' | depOk=no puestoOk=no
[20:50:59] Fila 42: dep='Pañal' puesto='Super intendente' | depOk=no puestoOk=no
[20:50:59] Fila 43: dep='Pañal' puesto='Conductor' | depOk=no puestoOk=no
[20:50:59] Fila 44: dep='Pañal' puesto='Mecanico' | depOk=no puestoOk=no
[20:50:59] Fila 45: dep='Pañal' puesto='Empacador' | depOk=no puestoOk=no
[20:50:59] Fila 46: dep='Pañal' puesto='Gerente' | depOk=no puestoOk=no
[20:50:59] Fila 47: dep='Pañal' puesto='TSP' | depOk=no puestoOk=no
[20:50:59] Fila 48: dep='Pañal' puesto='Ayudannte' | depOk=no puestoOk=no
[20:50:59] Fila 49: dep='Protección femenina' puesto='Eléctrico' | depOk=no puestoOk=no
[20:50:59] Fila 50: dep='Protección femenina' puesto='Electrónico' | depOk=no puestoOk=SI
[20:50:59] Fila 51: dep='Protección femenina' puesto='Mecánico' | depOk=no puestoOk=no
[20:50:59] Fila 52: dep='Protección femenina' puesto='Ayudante' | depOk=no puestoOk=no
[20:50:59] Fila 53: dep='Protección femenina' puesto='Conductor' | depOk=no puestoOk=no
[20:50:59] Fila 54: dep='Protección femenina' puesto='Empacador' | depOk=no puestoOk=no
[20:50:59] Fila 55: dep='Protección femenina' puesto='Sellador de Linea' | depOk=no puestoOk=no
[20:50:59] Fila 56: dep='Protección femenina' puesto='TCP' | depOk=no puestoOk=no
[20:50:59] Fila 57: dep='Incontinencia' puesto='Gerente de Incontinencia' | depOk=SI puestoOk=no
[20:50:59] Fila 58: dep='Incontinencia' puesto='Superintendente  mantenimiento mecánico' | depOk=SI puestoOk=no
[20:50:59] Fila 59: dep='Incontinencia' puesto='Superintendente mantenimiento electrico' | depOk=SI puestoOk=no
[20:50:59] Fila 60: dep='Incontinencia' puesto='Superintendente de proceso' | depOk=SI puestoOk=no
[20:50:59] Fila 61: dep='Incontinencia' puesto='Supervisor produción' | depOk=SI puestoOk=no
[20:50:59] Fila 62: dep='Incontinencia' puesto='Supervisor Mecánico' | depOk=SI puestoOk=no
[20:50:59] Fila 63: dep='Incontinencia' puesto='Ing. de proceso' | depOk=SI puestoOk=no
[20:50:59] Fila 64: dep='Incontinencia' puesto='Planeador' | depOk=SI puestoOk=no
[20:50:59] Fila 65: dep='Incontinencia' puesto='Electronico' | depOk=SI puestoOk=SI
[20:50:59]    >>> MATCH en fila 65
[20:50:59]       + [Cabeza] B)        Casco dieléctrico
[20:50:59]       + [Ojos y cara] C)        Protector facial
[20:50:59]       + [Oídos] A)        Tapones auditivos
[20:50:59]       + [Aparato respiratorio] A)        Respirador contra partículas
[20:50:59]       + [Extremidades superiores] B)        Guantes dieléctricos
[20:50:59]       + [Tronco] F)      Ropa de alta visibilidad
[20:50:59]       + [Extremidades inferiores] C)        Calzado dieléctrico
[20:50:59]       + [Otros] A)        Equipo de protección contra caídas de altura
[20:50:59] Fila 66: dep='Incontinencia' puesto='Conductor de Maquina' | depOk=SI puestoOk=no
[20:50:59] Fila 67: dep='Incontinencia' puesto='Mecánico categorias A,B,C,D' | depOk=SI puestoOk=no
[20:50:59] Fila 68: dep='Incontinencia' puesto='Electrico categorias A,B,C,D' | depOk=SI puestoOk=no
[20:50:59] Fila 69: dep='Incontinencia' puesto='Ayudannte' | depOk=SI puestoOk=no
[20:50:59] Fila 70: dep='Incontinencia' puesto='sellador' | depOk=SI puestoOk=no
[20:50:59] Fila 71: dep='Incontinencia' puesto='Empacador' | depOk=SI puestoOk=no
[20:50:59] Fila 72: dep='Incontinencia' puesto='Mecánico especialista adhesivos' | depOk=SI puestoOk=no
[20:50:59] Fila 73: dep='Incontinencia' puesto='Mecánico con perfil maquinas herramientas' | depOk=SI puestoOk=no
[20:50:59] Fila 74: sin puesto (depActual='Incontinencia') -> SALTA
[20:50:59] Fila 75: sin puesto (depActual='Incontinencia') -> SALTA
[20:50:59] Fila 76: sin puesto (depActual='Incontinencia') -> SALTA
[20:50:59] Fila 77: sin puesto (depActual='Incontinencia') -> SALTA
[20:50:59] Fila 78: sin puesto (depActual='Incontinencia') -> SALTA
[20:50:59] Fila 79: sin puesto (depActual='Incontinencia') -> SALTA
[20:50:59] Fila 80: sin puesto (depActual='Incontinencia') -> SALTA
[20:50:59] Fila 81: sin puesto (depActual='Incontinencia') -> SALTA
[20:50:59] Fila 82: sin puesto (depActual='Incontinencia') -> SALTA
[20:50:59] Fila 83: sin puesto (depActual='Incontinencia') -> SALTA
[20:50:59] Fila 84: sin puesto (depActual='Incontinencia') -> SALTA
[20:50:59] Fila 85: sin puesto (depActual='Incontinencia') -> SALTA
[20:50:59] Fila 86: sin puesto (depActual='Incontinencia') -> SALTA
[20:50:59] Fila 87: sin puesto (depActual='Incontinencia') -> SALTA
[20:50:59] Fila 88: sin puesto (depActual='Incontinencia') -> SALTA
[20:50:59] Fila 89: sin puesto (depActual='Incontinencia') -> SALTA
[20:50:59] Fila 90: sin puesto (depActual='Incontinencia') -> SALTA
[20:50:59] Fila 91: sin puesto (depActual='Incontinencia') -> SALTA
[20:50:59] Fila 92: sin puesto (depActual='Incontinencia') -> SALTA
[20:50:59] Fila 93: sin puesto (depActual='Incontinencia') -> SALTA
[20:50:59] Fila 94: sin puesto (depActual='Incontinencia') -> SALTA
[20:50:59] Fila 95: sin puesto (depActual='Incontinencia') -> SALTA
[20:50:59] Fila 96: sin puesto (depActual='Incontinencia') -> SALTA
[20:50:59] Fila 97: sin puesto (depActual='Incontinencia') -> SALTA
[20:50:59] Fila 98: sin puesto (depActual='Incontinencia') -> SALTA
[20:50:59] Fila 99: sin puesto (depActual='Incontinencia') -> SALTA
[20:50:59] Fila 100: sin puesto (depActual='Incontinencia') -> SALTA
[20:50:59] Fila 101: sin puesto (depActual='Incontinencia') -> SALTA
[20:50:59] Fila 102: sin puesto (depActual='Incontinencia') -> SALTA
[20:50:59] Fila 103: sin puesto (depActual='Incontinencia') -> SALTA
[20:50:59] Fila 104: sin puesto (depActual='Incontinencia') -> SALTA
[20:50:59] Fila 105: sin puesto (depActual='Incontinencia') -> SALTA
[20:50:59] Fila 106: sin puesto (depActual='Incontinencia') -> SALTA
[20:50:59] Fila 107: sin puesto (depActual='Incontinencia') -> SALTA
[20:50:59] Fila 108: sin puesto (depActual='Incontinencia') -> SALTA
[20:50:59] Fila 109: sin puesto (depActual='Incontinencia') -> SALTA
[20:50:59] Fila 110: sin puesto (depActual='Incontinencia') -> SALTA
[20:50:59] Fila 111: sin puesto (depActual='Incontinencia') -> SALTA
[20:50:59] Fila 112: sin puesto (depActual='Incontinencia') -> SALTA
[20:50:59] Fila 113: sin puesto (depActual='Incontinencia') -> SALTA
[20:50:59] Fila 114: sin puesto (depActual='Incontinencia') -> SALTA
[20:50:59] Fila 115: sin puesto (depActual='Incontinencia') -> SALTA
[20:50:59] Fila 116: sin puesto (depActual='Incontinencia') -> SALTA
[20:50:59] Fila 117: sin puesto (depActual='Incontinencia') -> SALTA
[20:50:59] Fila 118: sin puesto (depActual='Incontinencia') -> SALTA
[20:50:59] Fila 119: sin puesto (depActual='Incontinencia') -> SALTA
[20:50:59] Fila 120: sin puesto (depActual='Incontinencia') -> SALTA
[20:50:59] Fila 121: sin puesto (depActual='Incontinencia') -> SALTA
[20:50:59] Fila 122: sin puesto (depActual='Incontinencia') -> SALTA
[20:50:59] Fila 123: sin puesto (depActual='Incontinencia') -> SALTA
[20:50:59] Fila 124: sin puesto (depActual='Incontinencia') -> SALTA
[20:50:59] Fila 125: sin puesto (depActual='Incontinencia') -> SALTA
[20:50:59] Fila 126: sin puesto (depActual='Incontinencia') -> SALTA
[20:50:59] Fila 127: sin puesto (depActual='Incontinencia') -> SALTA
[20:50:59] Fila 128: sin puesto (depActual='Incontinencia') -> SALTA
[20:50:59] Fila 129: sin puesto (depActual='Incontinencia') -> SALTA
[20:50:59] Fila 130: sin puesto (depActual='Incontinencia') -> SALTA
[20:50:59] Fila 131: sin puesto (depActual='Incontinencia') -> SALTA
[20:50:59] Fila 132: sin puesto (depActual='Incontinencia') -> SALTA
[20:50:59] Fila 133: sin puesto (depActual='Incontinencia') -> SALTA
[20:50:59] Fila 134: sin puesto (depActual='Incontinencia') -> SALTA
[20:50:59] Fila 135: sin puesto (depActual='Incontinencia') -> SALTA
[20:50:59] Fila 136: sin puesto (depActual='Incontinencia') -> SALTA
[20:50:59] Fila 137: sin puesto (depActual='Incontinencia') -> SALTA
[20:50:59] Fila 138: sin puesto (depActual='Incontinencia') -> SALTA
[20:50:59] Fila 139: sin puesto (depActual='Incontinencia') -> SALTA
[20:50:59] Fila 140: sin puesto (depActual='Incontinencia') -> SALTA
[20:50:59] Fila 141: sin puesto (depActual='Incontinencia') -> SALTA
[20:50:59] Fila 142: sin puesto (depActual='Incontinencia') -> SALTA
[20:50:59] Total de equipos encontrados: 8
[20:50:59] ========================================================
[20:53:20] ==================== NUEVA PETICION ====================
[20:53:20] Departamento recibido: 'Incontinencia'
[20:53:20] Puesto recibido: 'Técnico electrónico'
[20:53:20] Departamento normalizado: 'incontinencia'
[20:53:20] Puesto normalizado: 'tecnico electronico'
[20:53:20] Ruta Excel: C:\xampp\htdocs\Mes\KCMes\EPP\php/FO-OSHPS012-01_Identificación_y_selección_de_EPP.xlsx
[20:53:20] OK: archivo encontrado
[20:53:20] Hoja [0]: 'EPP'
[20:53:20] Hoja [1]: 'Tabla I.1'
[20:53:20] Hoja [2]: 'X supervisor'
[20:53:20] Hoja [3]: 'Para alta'
[20:53:20] Hoja activa: EPP
[20:53:20] Ultima fila con datos: 142
[20:53:20] Fila 6: dep='Contratistas' puesto='Soldador' | depOk=no puestoOk=no
[20:53:20] Fila 7: dep='Contratistas' puesto='Prevencionista' | depOk=no puestoOk=no
[20:53:20] Fila 8: dep='Contratistas' puesto='Ayudante general' | depOk=no puestoOk=no
[20:53:20] Fila 9: dep='Relaciones industriales' puesto='Ayudante general' | depOk=no puestoOk=no
[20:53:20] Fila 10: dep='Relaciones industriales' puesto='Guardia' | depOk=no puestoOk=no
[20:53:20] Fila 11: dep='Relaciones industriales' puesto='Ayudante general' | depOk=no puestoOk=no
[20:53:20] Fila 12: dep='Relaciones industriales' puesto='Personal de intentendencia' | depOk=no puestoOk=no
[20:53:20] Fila 13: dep='Servicios Auxiliares' puesto='Mecánico' | depOk=no puestoOk=no
[20:53:20] Fila 14: dep='Servicios Auxiliares' puesto='Mecánico' | depOk=no puestoOk=no
[20:53:20] Fila 15: dep='Servicios Auxiliares' puesto='Mecánico' | depOk=no puestoOk=no
[20:53:20] Fila 16: dep='Servicios Auxiliares' puesto='Mecánico' | depOk=no puestoOk=no
[20:53:20] Fila 17: dep='Servicios Auxiliares' puesto='Empacador' | depOk=no puestoOk=no
[20:53:20] Fila 18: dep='Telas NoTejidas' puesto='Superintendente mecatronico' | depOk=no puestoOk=no
[20:53:20] Fila 19: dep='Telas NoTejidas' puesto='Ing. Proceso' | depOk=no puestoOk=no
[20:53:20] Fila 20: dep='Telas NoTejidas' puesto='Conductor' | depOk=no puestoOk=no
[20:53:20] Fila 21: dep='Telas NoTejidas' puesto='Ayudante De Operador' | depOk=no puestoOk=no
[20:53:20] Fila 22: dep='Telas NoTejidas' puesto='Empacador' | depOk=no puestoOk=no
[20:53:20] Fila 23: dep='Telas NoTejidas' puesto='Líder de Operación' | depOk=no puestoOk=no
[20:53:20] Fila 24: dep='Telas NoTejidas' puesto='Tecnico Electronico' | depOk=no puestoOk=SI
[20:53:20] Fila 25: dep='Telas NoTejidas' puesto='Mecanico D' | depOk=no puestoOk=no
[20:53:20] Fila 26: dep='Telas NoTejidas' puesto='Mecanico B' | depOk=no puestoOk=no
[20:53:20] Fila 27: dep='Telas NoTejidas' puesto='Electrico D' | depOk=no puestoOk=no
[20:53:20] Fila 28: dep='Telas NoTejidas' puesto='Auxiliar Administrativo' | depOk=no puestoOk=no
[20:53:20] Fila 29: dep='Telas NoTejidas' puesto='Maestro en cardas' | depOk=no puestoOk=no
[20:53:20] Fila 30: dep='Almacén Materia Prima' puesto='Montacarguista' | depOk=no puestoOk=no
[20:53:20] Fila 31: dep='Almacén Materia Prima' puesto='Auxiliar Administrativo' | depOk=no puestoOk=no
[20:53:20] Fila 32: dep='Almacén Materia Prima' puesto='Supervisor' | depOk=no puestoOk=no
[20:53:20] Fila 33: dep='Almacén Materia Prima' puesto='Planeador' | depOk=no puestoOk=no
[20:53:20] Fila 34: dep='Almacén Materia Prima' puesto='Superintendente' | depOk=no puestoOk=no
[20:53:20] Fila 35: dep='Pañal' puesto='sellador' | depOk=no puestoOk=no
[20:53:20] Fila 36: dep='Pañal' puesto='Ing. Proceso' | depOk=no puestoOk=no
[20:53:20] Fila 37: dep='Pañal' puesto='Electrico' | depOk=no puestoOk=no
[20:53:20] Fila 38: dep='Pañal' puesto='Jefe de mantenimiento' | depOk=no puestoOk=no
[20:53:20] Fila 39: dep='Pañal' puesto='Planeador' | depOk=no puestoOk=no
[20:53:20] Fila 40: dep='Pañal' puesto='Electronico' | depOk=no puestoOk=SI
[20:53:20] Fila 41: dep='Pañal' puesto='Supervisor' | depOk=no puestoOk=no
[20:53:20] Fila 42: dep='Pañal' puesto='Super intendente' | depOk=no puestoOk=no
[20:53:20] Fila 43: dep='Pañal' puesto='Conductor' | depOk=no puestoOk=no
[20:53:20] Fila 44: dep='Pañal' puesto='Mecanico' | depOk=no puestoOk=no
[20:53:20] Fila 45: dep='Pañal' puesto='Empacador' | depOk=no puestoOk=no
[20:53:20] Fila 46: dep='Pañal' puesto='Gerente' | depOk=no puestoOk=no
[20:53:20] Fila 47: dep='Pañal' puesto='TSP' | depOk=no puestoOk=no
[20:53:20] Fila 48: dep='Pañal' puesto='Ayudannte' | depOk=no puestoOk=no
[20:53:20] Fila 49: dep='Protección femenina' puesto='Eléctrico' | depOk=no puestoOk=no
[20:53:20] Fila 50: dep='Protección femenina' puesto='Electrónico' | depOk=no puestoOk=SI
[20:53:20] Fila 51: dep='Protección femenina' puesto='Mecánico' | depOk=no puestoOk=no
[20:53:20] Fila 52: dep='Protección femenina' puesto='Ayudante' | depOk=no puestoOk=no
[20:53:20] Fila 53: dep='Protección femenina' puesto='Conductor' | depOk=no puestoOk=no
[20:53:20] Fila 54: dep='Protección femenina' puesto='Empacador' | depOk=no puestoOk=no
[20:53:20] Fila 55: dep='Protección femenina' puesto='Sellador de Linea' | depOk=no puestoOk=no
[20:53:20] Fila 56: dep='Protección femenina' puesto='TCP' | depOk=no puestoOk=no
[20:53:20] Fila 57: dep='Incontinencia' puesto='Gerente de Incontinencia' | depOk=SI puestoOk=no
[20:53:20] Fila 58: dep='Incontinencia' puesto='Superintendente  mantenimiento mecánico' | depOk=SI puestoOk=no
[20:53:20] Fila 59: dep='Incontinencia' puesto='Superintendente mantenimiento electrico' | depOk=SI puestoOk=no
[20:53:20] Fila 60: dep='Incontinencia' puesto='Superintendente de proceso' | depOk=SI puestoOk=no
[20:53:20] Fila 61: dep='Incontinencia' puesto='Supervisor produción' | depOk=SI puestoOk=no
[20:53:20] Fila 62: dep='Incontinencia' puesto='Supervisor Mecánico' | depOk=SI puestoOk=no
[20:53:20] Fila 63: dep='Incontinencia' puesto='Ing. de proceso' | depOk=SI puestoOk=no
[20:53:20] Fila 64: dep='Incontinencia' puesto='Planeador' | depOk=SI puestoOk=no
[20:53:20] Fila 65: dep='Incontinencia' puesto='Electronico' | depOk=SI puestoOk=SI
[20:53:20]    >>> MATCH en fila 65
[20:53:20]       + [Cabeza] B)        Casco dieléctrico
[20:53:20]       + [Ojos y cara] C)        Protector facial
[20:53:20]       + [Oídos] A)        Tapones auditivos
[20:53:20]       + [Aparato respiratorio] A)        Respirador contra partículas
[20:53:20]       + [Extremidades superiores] B)        Guantes dieléctricos
[20:53:20]       + [Tronco] F)      Ropa de alta visibilidad
[20:53:20]       + [Extremidades inferiores] C)        Calzado dieléctrico
[20:53:20]       + [Otros] A)        Equipo de protección contra caídas de altura
[20:53:20] Fila 66: dep='Incontinencia' puesto='Conductor de Maquina' | depOk=SI puestoOk=no
[20:53:20] Fila 67: dep='Incontinencia' puesto='Mecánico categorias A,B,C,D' | depOk=SI puestoOk=no
[20:53:20] Fila 68: dep='Incontinencia' puesto='Electrico categorias A,B,C,D' | depOk=SI puestoOk=no
[20:53:20] Fila 69: dep='Incontinencia' puesto='Ayudannte' | depOk=SI puestoOk=no
[20:53:20] Fila 70: dep='Incontinencia' puesto='sellador' | depOk=SI puestoOk=no
[20:53:20] Fila 71: dep='Incontinencia' puesto='Empacador' | depOk=SI puestoOk=no
[20:53:20] Fila 72: dep='Incontinencia' puesto='Mecánico especialista adhesivos' | depOk=SI puestoOk=no
[20:53:20] Fila 73: dep='Incontinencia' puesto='Mecánico con perfil maquinas herramientas' | depOk=SI puestoOk=no
[20:53:20] Fila 74: sin puesto (depActual='Incontinencia') -> SALTA
[20:53:20] Fila 75: sin puesto (depActual='Incontinencia') -> SALTA
[20:53:20] Fila 76: sin puesto (depActual='Incontinencia') -> SALTA
[20:53:20] Fila 77: sin puesto (depActual='Incontinencia') -> SALTA
[20:53:20] Fila 78: sin puesto (depActual='Incontinencia') -> SALTA
[20:53:20] Fila 79: sin puesto (depActual='Incontinencia') -> SALTA
[20:53:20] Fila 80: sin puesto (depActual='Incontinencia') -> SALTA
[20:53:20] Fila 81: sin puesto (depActual='Incontinencia') -> SALTA
[20:53:20] Fila 82: sin puesto (depActual='Incontinencia') -> SALTA
[20:53:20] Fila 83: sin puesto (depActual='Incontinencia') -> SALTA
[20:53:20] Fila 84: sin puesto (depActual='Incontinencia') -> SALTA
[20:53:20] Fila 85: sin puesto (depActual='Incontinencia') -> SALTA
[20:53:20] Fila 86: sin puesto (depActual='Incontinencia') -> SALTA
[20:53:20] Fila 87: sin puesto (depActual='Incontinencia') -> SALTA
[20:53:20] Fila 88: sin puesto (depActual='Incontinencia') -> SALTA
[20:53:20] Fila 89: sin puesto (depActual='Incontinencia') -> SALTA
[20:53:20] Fila 90: sin puesto (depActual='Incontinencia') -> SALTA
[20:53:20] Fila 91: sin puesto (depActual='Incontinencia') -> SALTA
[20:53:20] Fila 92: sin puesto (depActual='Incontinencia') -> SALTA
[20:53:20] Fila 93: sin puesto (depActual='Incontinencia') -> SALTA
[20:53:20] Fila 94: sin puesto (depActual='Incontinencia') -> SALTA
[20:53:20] Fila 95: sin puesto (depActual='Incontinencia') -> SALTA
[20:53:20] Fila 96: sin puesto (depActual='Incontinencia') -> SALTA
[20:53:20] Fila 97: sin puesto (depActual='Incontinencia') -> SALTA
[20:53:20] Fila 98: sin puesto (depActual='Incontinencia') -> SALTA
[20:53:20] Fila 99: sin puesto (depActual='Incontinencia') -> SALTA
[20:53:20] Fila 100: sin puesto (depActual='Incontinencia') -> SALTA
[20:53:20] Fila 101: sin puesto (depActual='Incontinencia') -> SALTA
[20:53:20] Fila 102: sin puesto (depActual='Incontinencia') -> SALTA
[20:53:20] Fila 103: sin puesto (depActual='Incontinencia') -> SALTA
[20:53:20] Fila 104: sin puesto (depActual='Incontinencia') -> SALTA
[20:53:20] Fila 105: sin puesto (depActual='Incontinencia') -> SALTA
[20:53:20] Fila 106: sin puesto (depActual='Incontinencia') -> SALTA
[20:53:20] Fila 107: sin puesto (depActual='Incontinencia') -> SALTA
[20:53:20] Fila 108: sin puesto (depActual='Incontinencia') -> SALTA
[20:53:20] Fila 109: sin puesto (depActual='Incontinencia') -> SALTA
[20:53:20] Fila 110: sin puesto (depActual='Incontinencia') -> SALTA
[20:53:20] Fila 111: sin puesto (depActual='Incontinencia') -> SALTA
[20:53:20] Fila 112: sin puesto (depActual='Incontinencia') -> SALTA
[20:53:20] Fila 113: sin puesto (depActual='Incontinencia') -> SALTA
[20:53:20] Fila 114: sin puesto (depActual='Incontinencia') -> SALTA
[20:53:20] Fila 115: sin puesto (depActual='Incontinencia') -> SALTA
[20:53:20] Fila 116: sin puesto (depActual='Incontinencia') -> SALTA
[20:53:20] Fila 117: sin puesto (depActual='Incontinencia') -> SALTA
[20:53:20] Fila 118: sin puesto (depActual='Incontinencia') -> SALTA
[20:53:20] Fila 119: sin puesto (depActual='Incontinencia') -> SALTA
[20:53:20] Fila 120: sin puesto (depActual='Incontinencia') -> SALTA
[20:53:20] Fila 121: sin puesto (depActual='Incontinencia') -> SALTA
[20:53:20] Fila 122: sin puesto (depActual='Incontinencia') -> SALTA
[20:53:20] Fila 123: sin puesto (depActual='Incontinencia') -> SALTA
[20:53:20] Fila 124: sin puesto (depActual='Incontinencia') -> SALTA
[20:53:20] Fila 125: sin puesto (depActual='Incontinencia') -> SALTA
[20:53:20] Fila 126: sin puesto (depActual='Incontinencia') -> SALTA
[20:53:20] Fila 127: sin puesto (depActual='Incontinencia') -> SALTA
[20:53:20] Fila 128: sin puesto (depActual='Incontinencia') -> SALTA
[20:53:20] Fila 129: sin puesto (depActual='Incontinencia') -> SALTA
[20:53:20] Fila 130: sin puesto (depActual='Incontinencia') -> SALTA
[20:53:20] Fila 131: sin puesto (depActual='Incontinencia') -> SALTA
[20:53:20] Fila 132: sin puesto (depActual='Incontinencia') -> SALTA
[20:53:20] Fila 133: sin puesto (depActual='Incontinencia') -> SALTA
[20:53:20] Fila 134: sin puesto (depActual='Incontinencia') -> SALTA
[20:53:20] Fila 135: sin puesto (depActual='Incontinencia') -> SALTA
[20:53:20] Fila 136: sin puesto (depActual='Incontinencia') -> SALTA
[20:53:20] Fila 137: sin puesto (depActual='Incontinencia') -> SALTA
[20:53:20] Fila 138: sin puesto (depActual='Incontinencia') -> SALTA
[20:53:20] Fila 139: sin puesto (depActual='Incontinencia') -> SALTA
[20:53:20] Fila 140: sin puesto (depActual='Incontinencia') -> SALTA
[20:53:20] Fila 141: sin puesto (depActual='Incontinencia') -> SALTA
[20:53:20] Fila 142: sin puesto (depActual='Incontinencia') -> SALTA
[20:53:20] Total de equipos encontrados: 8
[20:53:20] ========================================================
[20:53:47] ==================== NUEVA PETICION ====================
[20:53:47] Departamento recibido: 'Incontinencia'
[20:53:47] Puesto recibido: 'Técnico electrónico'
[20:53:47] Departamento normalizado: 'incontinencia'
[20:53:47] Puesto normalizado: 'tecnico electronico'
[20:53:47] Ruta Excel: C:\xampp\htdocs\Mes\KCMes\EPP\php/FO-OSHPS012-01_Identificación_y_selección_de_EPP.xlsx
[20:53:47] OK: archivo encontrado
[20:53:48] Hoja [0]: 'EPP'
[20:53:48] Hoja [1]: 'Tabla I.1'
[20:53:48] Hoja [2]: 'X supervisor'
[20:53:48] Hoja [3]: 'Para alta'
[20:53:48] Hoja activa: EPP
[20:53:48] Ultima fila con datos: 142
[20:53:48] Fila 6: dep='Contratistas' puesto='Soldador' | depOk=no puestoOk=no
[20:53:48] Fila 7: dep='Contratistas' puesto='Prevencionista' | depOk=no puestoOk=no
[20:53:48] Fila 8: dep='Contratistas' puesto='Ayudante general' | depOk=no puestoOk=no
[20:53:48] Fila 9: dep='Relaciones industriales' puesto='Ayudante general' | depOk=no puestoOk=no
[20:53:48] Fila 10: dep='Relaciones industriales' puesto='Guardia' | depOk=no puestoOk=no
[20:53:48] Fila 11: dep='Relaciones industriales' puesto='Ayudante general' | depOk=no puestoOk=no
[20:53:48] Fila 12: dep='Relaciones industriales' puesto='Personal de intentendencia' | depOk=no puestoOk=no
[20:53:48] Fila 13: dep='Servicios Auxiliares' puesto='Mecánico' | depOk=no puestoOk=no
[20:53:48] Fila 14: dep='Servicios Auxiliares' puesto='Mecánico' | depOk=no puestoOk=no
[20:53:48] Fila 15: dep='Servicios Auxiliares' puesto='Mecánico' | depOk=no puestoOk=no
[20:53:48] Fila 16: dep='Servicios Auxiliares' puesto='Mecánico' | depOk=no puestoOk=no
[20:53:48] Fila 17: dep='Servicios Auxiliares' puesto='Empacador' | depOk=no puestoOk=no
[20:53:48] Fila 18: dep='Telas NoTejidas' puesto='Superintendente mecatronico' | depOk=no puestoOk=no
[20:53:48] Fila 19: dep='Telas NoTejidas' puesto='Ing. Proceso' | depOk=no puestoOk=no
[20:53:48] Fila 20: dep='Telas NoTejidas' puesto='Conductor' | depOk=no puestoOk=no
[20:53:48] Fila 21: dep='Telas NoTejidas' puesto='Ayudante De Operador' | depOk=no puestoOk=no
[20:53:48] Fila 22: dep='Telas NoTejidas' puesto='Empacador' | depOk=no puestoOk=no
[20:53:48] Fila 23: dep='Telas NoTejidas' puesto='Líder de Operación' | depOk=no puestoOk=no
[20:53:48] Fila 24: dep='Telas NoTejidas' puesto='Tecnico Electronico' | depOk=no puestoOk=SI
[20:53:48] Fila 25: dep='Telas NoTejidas' puesto='Mecanico D' | depOk=no puestoOk=no
[20:53:48] Fila 26: dep='Telas NoTejidas' puesto='Mecanico B' | depOk=no puestoOk=no
[20:53:48] Fila 27: dep='Telas NoTejidas' puesto='Electrico D' | depOk=no puestoOk=no
[20:53:48] Fila 28: dep='Telas NoTejidas' puesto='Auxiliar Administrativo' | depOk=no puestoOk=no
[20:53:48] Fila 29: dep='Telas NoTejidas' puesto='Maestro en cardas' | depOk=no puestoOk=no
[20:53:48] Fila 30: dep='Almacén Materia Prima' puesto='Montacarguista' | depOk=no puestoOk=no
[20:53:48] Fila 31: dep='Almacén Materia Prima' puesto='Auxiliar Administrativo' | depOk=no puestoOk=no
[20:53:48] Fila 32: dep='Almacén Materia Prima' puesto='Supervisor' | depOk=no puestoOk=no
[20:53:48] Fila 33: dep='Almacén Materia Prima' puesto='Planeador' | depOk=no puestoOk=no
[20:53:48] Fila 34: dep='Almacén Materia Prima' puesto='Superintendente' | depOk=no puestoOk=no
[20:53:48] Fila 35: dep='Pañal' puesto='sellador' | depOk=no puestoOk=no
[20:53:48] Fila 36: dep='Pañal' puesto='Ing. Proceso' | depOk=no puestoOk=no
[20:53:48] Fila 37: dep='Pañal' puesto='Electrico' | depOk=no puestoOk=no
[20:53:48] Fila 38: dep='Pañal' puesto='Jefe de mantenimiento' | depOk=no puestoOk=no
[20:53:48] Fila 39: dep='Pañal' puesto='Planeador' | depOk=no puestoOk=no
[20:53:48] Fila 40: dep='Pañal' puesto='Electronico' | depOk=no puestoOk=SI
[20:53:48] Fila 41: dep='Pañal' puesto='Supervisor' | depOk=no puestoOk=no
[20:53:48] Fila 42: dep='Pañal' puesto='Super intendente' | depOk=no puestoOk=no
[20:53:48] Fila 43: dep='Pañal' puesto='Conductor' | depOk=no puestoOk=no
[20:53:48] Fila 44: dep='Pañal' puesto='Mecanico' | depOk=no puestoOk=no
[20:53:48] Fila 45: dep='Pañal' puesto='Empacador' | depOk=no puestoOk=no
[20:53:48] Fila 46: dep='Pañal' puesto='Gerente' | depOk=no puestoOk=no
[20:53:48] Fila 47: dep='Pañal' puesto='TSP' | depOk=no puestoOk=no
[20:53:48] Fila 48: dep='Pañal' puesto='Ayudannte' | depOk=no puestoOk=no
[20:53:48] Fila 49: dep='Protección femenina' puesto='Eléctrico' | depOk=no puestoOk=no
[20:53:48] Fila 50: dep='Protección femenina' puesto='Electrónico' | depOk=no puestoOk=SI
[20:53:48] Fila 51: dep='Protección femenina' puesto='Mecánico' | depOk=no puestoOk=no
[20:53:48] Fila 52: dep='Protección femenina' puesto='Ayudante' | depOk=no puestoOk=no
[20:53:48] Fila 53: dep='Protección femenina' puesto='Conductor' | depOk=no puestoOk=no
[20:53:48] Fila 54: dep='Protección femenina' puesto='Empacador' | depOk=no puestoOk=no
[20:53:48] Fila 55: dep='Protección femenina' puesto='Sellador de Linea' | depOk=no puestoOk=no
[20:53:48] Fila 56: dep='Protección femenina' puesto='TCP' | depOk=no puestoOk=no
[20:53:48] Fila 57: dep='Incontinencia' puesto='Gerente de Incontinencia' | depOk=SI puestoOk=no
[20:53:48] Fila 58: dep='Incontinencia' puesto='Superintendente  mantenimiento mecánico' | depOk=SI puestoOk=no
[20:53:48] Fila 59: dep='Incontinencia' puesto='Superintendente mantenimiento electrico' | depOk=SI puestoOk=no
[20:53:48] Fila 60: dep='Incontinencia' puesto='Superintendente de proceso' | depOk=SI puestoOk=no
[20:53:48] Fila 61: dep='Incontinencia' puesto='Supervisor produción' | depOk=SI puestoOk=no
[20:53:48] Fila 62: dep='Incontinencia' puesto='Supervisor Mecánico' | depOk=SI puestoOk=no
[20:53:48] Fila 63: dep='Incontinencia' puesto='Ing. de proceso' | depOk=SI puestoOk=no
[20:53:48] Fila 64: dep='Incontinencia' puesto='Planeador' | depOk=SI puestoOk=no
[20:53:48] Fila 65: dep='Incontinencia' puesto='Electronico' | depOk=SI puestoOk=SI
[20:53:48]    >>> MATCH en fila 65
[20:53:48]       + [Cabeza] B)        Casco dieléctrico
[20:53:48]       + [Ojos y cara] C)        Protector facial
[20:53:48]       + [Oídos] A)        Tapones auditivos
[20:53:48]       + [Aparato respiratorio] A)        Respirador contra partículas
[20:53:48]       + [Extremidades superiores] B)        Guantes dieléctricos
[20:53:48]       + [Tronco] F)      Ropa de alta visibilidad
[20:53:48]       + [Extremidades inferiores] C)        Calzado dieléctrico
[20:53:48]       + [Otros] A)        Equipo de protección contra caídas de altura
[20:53:48] Fila 66: dep='Incontinencia' puesto='Conductor de Maquina' | depOk=SI puestoOk=no
[20:53:48] Fila 67: dep='Incontinencia' puesto='Mecánico categorias A,B,C,D' | depOk=SI puestoOk=no
[20:53:48] Fila 68: dep='Incontinencia' puesto='Electrico categorias A,B,C,D' | depOk=SI puestoOk=no
[20:53:48] Fila 69: dep='Incontinencia' puesto='Ayudannte' | depOk=SI puestoOk=no
[20:53:48] Fila 70: dep='Incontinencia' puesto='sellador' | depOk=SI puestoOk=no
[20:53:48] Fila 71: dep='Incontinencia' puesto='Empacador' | depOk=SI puestoOk=no
[20:53:48] Fila 72: dep='Incontinencia' puesto='Mecánico especialista adhesivos' | depOk=SI puestoOk=no
[20:53:48] Fila 73: dep='Incontinencia' puesto='Mecánico con perfil maquinas herramientas' | depOk=SI puestoOk=no
[20:53:48] Fila 74: sin puesto (depActual='Incontinencia') -> SALTA
[20:53:48] Fila 75: sin puesto (depActual='Incontinencia') -> SALTA
[20:53:48] Fila 76: sin puesto (depActual='Incontinencia') -> SALTA
[20:53:48] Fila 77: sin puesto (depActual='Incontinencia') -> SALTA
[20:53:48] Fila 78: sin puesto (depActual='Incontinencia') -> SALTA
[20:53:48] Fila 79: sin puesto (depActual='Incontinencia') -> SALTA
[20:53:48] Fila 80: sin puesto (depActual='Incontinencia') -> SALTA
[20:53:48] Fila 81: sin puesto (depActual='Incontinencia') -> SALTA
[20:53:48] Fila 82: sin puesto (depActual='Incontinencia') -> SALTA
[20:53:48] Fila 83: sin puesto (depActual='Incontinencia') -> SALTA
[20:53:48] Fila 84: sin puesto (depActual='Incontinencia') -> SALTA
[20:53:48] Fila 85: sin puesto (depActual='Incontinencia') -> SALTA
[20:53:48] Fila 86: sin puesto (depActual='Incontinencia') -> SALTA
[20:53:48] Fila 87: sin puesto (depActual='Incontinencia') -> SALTA
[20:53:48] Fila 88: sin puesto (depActual='Incontinencia') -> SALTA
[20:53:48] Fila 89: sin puesto (depActual='Incontinencia') -> SALTA
[20:53:48] Fila 90: sin puesto (depActual='Incontinencia') -> SALTA
[20:53:48] Fila 91: sin puesto (depActual='Incontinencia') -> SALTA
[20:53:48] Fila 92: sin puesto (depActual='Incontinencia') -> SALTA
[20:53:48] Fila 93: sin puesto (depActual='Incontinencia') -> SALTA
[20:53:48] Fila 94: sin puesto (depActual='Incontinencia') -> SALTA
[20:53:48] Fila 95: sin puesto (depActual='Incontinencia') -> SALTA
[20:53:48] Fila 96: sin puesto (depActual='Incontinencia') -> SALTA
[20:53:48] Fila 97: sin puesto (depActual='Incontinencia') -> SALTA
[20:53:48] Fila 98: sin puesto (depActual='Incontinencia') -> SALTA
[20:53:48] Fila 99: sin puesto (depActual='Incontinencia') -> SALTA
[20:53:48] Fila 100: sin puesto (depActual='Incontinencia') -> SALTA
[20:53:48] Fila 101: sin puesto (depActual='Incontinencia') -> SALTA
[20:53:48] Fila 102: sin puesto (depActual='Incontinencia') -> SALTA
[20:53:48] Fila 103: sin puesto (depActual='Incontinencia') -> SALTA
[20:53:48] Fila 104: sin puesto (depActual='Incontinencia') -> SALTA
[20:53:48] Fila 105: sin puesto (depActual='Incontinencia') -> SALTA
[20:53:48] Fila 106: sin puesto (depActual='Incontinencia') -> SALTA
[20:53:48] Fila 107: sin puesto (depActual='Incontinencia') -> SALTA
[20:53:48] Fila 108: sin puesto (depActual='Incontinencia') -> SALTA
[20:53:48] Fila 109: sin puesto (depActual='Incontinencia') -> SALTA
[20:53:48] Fila 110: sin puesto (depActual='Incontinencia') -> SALTA
[20:53:48] Fila 111: sin puesto (depActual='Incontinencia') -> SALTA
[20:53:48] Fila 112: sin puesto (depActual='Incontinencia') -> SALTA
[20:53:48] Fila 113: sin puesto (depActual='Incontinencia') -> SALTA
[20:53:48] Fila 114: sin puesto (depActual='Incontinencia') -> SALTA
[20:53:48] Fila 115: sin puesto (depActual='Incontinencia') -> SALTA
[20:53:48] Fila 116: sin puesto (depActual='Incontinencia') -> SALTA
[20:53:48] Fila 117: sin puesto (depActual='Incontinencia') -> SALTA
[20:53:48] Fila 118: sin puesto (depActual='Incontinencia') -> SALTA
[20:53:48] Fila 119: sin puesto (depActual='Incontinencia') -> SALTA
[20:53:48] Fila 120: sin puesto (depActual='Incontinencia') -> SALTA
[20:53:48] Fila 121: sin puesto (depActual='Incontinencia') -> SALTA
[20:53:48] Fila 122: sin puesto (depActual='Incontinencia') -> SALTA
[20:53:48] Fila 123: sin puesto (depActual='Incontinencia') -> SALTA
[20:53:48] Fila 124: sin puesto (depActual='Incontinencia') -> SALTA
[20:53:48] Fila 125: sin puesto (depActual='Incontinencia') -> SALTA
[20:53:48] Fila 126: sin puesto (depActual='Incontinencia') -> SALTA
[20:53:48] Fila 127: sin puesto (depActual='Incontinencia') -> SALTA
[20:53:48] Fila 128: sin puesto (depActual='Incontinencia') -> SALTA
[20:53:48] Fila 129: sin puesto (depActual='Incontinencia') -> SALTA
[20:53:48] Fila 130: sin puesto (depActual='Incontinencia') -> SALTA
[20:53:48] Fila 131: sin puesto (depActual='Incontinencia') -> SALTA
[20:53:48] Fila 132: sin puesto (depActual='Incontinencia') -> SALTA
[20:53:48] Fila 133: sin puesto (depActual='Incontinencia') -> SALTA
[20:53:48] Fila 134: sin puesto (depActual='Incontinencia') -> SALTA
[20:53:48] Fila 135: sin puesto (depActual='Incontinencia') -> SALTA
[20:53:48] Fila 136: sin puesto (depActual='Incontinencia') -> SALTA
[20:53:48] Fila 137: sin puesto (depActual='Incontinencia') -> SALTA
[20:53:48] Fila 138: sin puesto (depActual='Incontinencia') -> SALTA
[20:53:48] Fila 139: sin puesto (depActual='Incontinencia') -> SALTA
[20:53:48] Fila 140: sin puesto (depActual='Incontinencia') -> SALTA
[20:53:48] Fila 141: sin puesto (depActual='Incontinencia') -> SALTA
[20:53:48] Fila 142: sin puesto (depActual='Incontinencia') -> SALTA
[20:53:48] Total de equipos encontrados: 8
[20:53:48] ========================================================
[20:55:15] ==================== NUEVA PETICION ====================
[20:55:15] Departamento recibido: 'Incontinencia'
[20:55:15] Puesto recibido: 'Técnico electrónico'
[20:55:15] Departamento normalizado: 'incontinencia'
[20:55:15] Puesto normalizado: 'tecnico electronico'
[20:55:15] Ruta Excel: C:\xampp\htdocs\Mes\KCMes\EPP\php/FO-OSHPS012-01_Identificación_y_selección_de_EPP.xlsx
[20:55:15] OK: archivo encontrado
[20:55:15] Hoja [0]: 'EPP'
[20:55:15] Hoja [1]: 'Tabla I.1'
[20:55:15] Hoja [2]: 'X supervisor'
[20:55:15] Hoja [3]: 'Para alta'
[20:55:15] Hoja activa: EPP
[20:55:15] Ultima fila con datos: 142
[20:55:15] Fila 6: dep='Contratistas' puesto='Soldador' | depOk=no puestoOk=no
[20:55:15] Fila 7: dep='Contratistas' puesto='Prevencionista' | depOk=no puestoOk=no
[20:55:15] Fila 8: dep='Contratistas' puesto='Ayudante general' | depOk=no puestoOk=no
[20:55:15] Fila 9: dep='Relaciones industriales' puesto='Ayudante general' | depOk=no puestoOk=no
[20:55:15] Fila 10: dep='Relaciones industriales' puesto='Guardia' | depOk=no puestoOk=no
[20:55:15] Fila 11: dep='Relaciones industriales' puesto='Ayudante general' | depOk=no puestoOk=no
[20:55:15] Fila 12: dep='Relaciones industriales' puesto='Personal de intentendencia' | depOk=no puestoOk=no
[20:55:15] Fila 13: dep='Servicios Auxiliares' puesto='Mecánico' | depOk=no puestoOk=no
[20:55:15] Fila 14: dep='Servicios Auxiliares' puesto='Mecánico' | depOk=no puestoOk=no
[20:55:15] Fila 15: dep='Servicios Auxiliares' puesto='Mecánico' | depOk=no puestoOk=no
[20:55:15] Fila 16: dep='Servicios Auxiliares' puesto='Mecánico' | depOk=no puestoOk=no
[20:55:15] Fila 17: dep='Servicios Auxiliares' puesto='Empacador' | depOk=no puestoOk=no
[20:55:15] Fila 18: dep='Telas NoTejidas' puesto='Superintendente mecatronico' | depOk=no puestoOk=no
[20:55:15] Fila 19: dep='Telas NoTejidas' puesto='Ing. Proceso' | depOk=no puestoOk=no
[20:55:15] Fila 20: dep='Telas NoTejidas' puesto='Conductor' | depOk=no puestoOk=no
[20:55:15] Fila 21: dep='Telas NoTejidas' puesto='Ayudante De Operador' | depOk=no puestoOk=no
[20:55:15] Fila 22: dep='Telas NoTejidas' puesto='Empacador' | depOk=no puestoOk=no
[20:55:15] Fila 23: dep='Telas NoTejidas' puesto='Líder de Operación' | depOk=no puestoOk=no
[20:55:15] Fila 24: dep='Telas NoTejidas' puesto='Tecnico Electronico' | depOk=no puestoOk=SI
[20:55:15] Fila 25: dep='Telas NoTejidas' puesto='Mecanico D' | depOk=no puestoOk=no
[20:55:15] Fila 26: dep='Telas NoTejidas' puesto='Mecanico B' | depOk=no puestoOk=no
[20:55:15] Fila 27: dep='Telas NoTejidas' puesto='Electrico D' | depOk=no puestoOk=no
[20:55:15] Fila 28: dep='Telas NoTejidas' puesto='Auxiliar Administrativo' | depOk=no puestoOk=no
[20:55:15] Fila 29: dep='Telas NoTejidas' puesto='Maestro en cardas' | depOk=no puestoOk=no
[20:55:15] Fila 30: dep='Almacén Materia Prima' puesto='Montacarguista' | depOk=no puestoOk=no
[20:55:15] Fila 31: dep='Almacén Materia Prima' puesto='Auxiliar Administrativo' | depOk=no puestoOk=no
[20:55:15] Fila 32: dep='Almacén Materia Prima' puesto='Supervisor' | depOk=no puestoOk=no
[20:55:15] Fila 33: dep='Almacén Materia Prima' puesto='Planeador' | depOk=no puestoOk=no
[20:55:15] Fila 34: dep='Almacén Materia Prima' puesto='Superintendente' | depOk=no puestoOk=no
[20:55:15] Fila 35: dep='Pañal' puesto='sellador' | depOk=no puestoOk=no
[20:55:15] Fila 36: dep='Pañal' puesto='Ing. Proceso' | depOk=no puestoOk=no
[20:55:15] Fila 37: dep='Pañal' puesto='Electrico' | depOk=no puestoOk=no
[20:55:15] Fila 38: dep='Pañal' puesto='Jefe de mantenimiento' | depOk=no puestoOk=no
[20:55:15] Fila 39: dep='Pañal' puesto='Planeador' | depOk=no puestoOk=no
[20:55:15] Fila 40: dep='Pañal' puesto='Electronico' | depOk=no puestoOk=SI
[20:55:15] Fila 41: dep='Pañal' puesto='Supervisor' | depOk=no puestoOk=no
[20:55:15] Fila 42: dep='Pañal' puesto='Super intendente' | depOk=no puestoOk=no
[20:55:15] Fila 43: dep='Pañal' puesto='Conductor' | depOk=no puestoOk=no
[20:55:15] Fila 44: dep='Pañal' puesto='Mecanico' | depOk=no puestoOk=no
[20:55:15] Fila 45: dep='Pañal' puesto='Empacador' | depOk=no puestoOk=no
[20:55:15] Fila 46: dep='Pañal' puesto='Gerente' | depOk=no puestoOk=no
[20:55:15] Fila 47: dep='Pañal' puesto='TSP' | depOk=no puestoOk=no
[20:55:15] Fila 48: dep='Pañal' puesto='Ayudannte' | depOk=no puestoOk=no
[20:55:15] Fila 49: dep='Protección femenina' puesto='Eléctrico' | depOk=no puestoOk=no
[20:55:15] Fila 50: dep='Protección femenina' puesto='Electrónico' | depOk=no puestoOk=SI
[20:55:15] Fila 51: dep='Protección femenina' puesto='Mecánico' | depOk=no puestoOk=no
[20:55:15] Fila 52: dep='Protección femenina' puesto='Ayudante' | depOk=no puestoOk=no
[20:55:15] Fila 53: dep='Protección femenina' puesto='Conductor' | depOk=no puestoOk=no
[20:55:15] Fila 54: dep='Protección femenina' puesto='Empacador' | depOk=no puestoOk=no
[20:55:15] Fila 55: dep='Protección femenina' puesto='Sellador de Linea' | depOk=no puestoOk=no
[20:55:15] Fila 56: dep='Protección femenina' puesto='TCP' | depOk=no puestoOk=no
[20:55:15] Fila 57: dep='Incontinencia' puesto='Gerente de Incontinencia' | depOk=SI puestoOk=no
[20:55:15] Fila 58: dep='Incontinencia' puesto='Superintendente  mantenimiento mecánico' | depOk=SI puestoOk=no
[20:55:15] Fila 59: dep='Incontinencia' puesto='Superintendente mantenimiento electrico' | depOk=SI puestoOk=no
[20:55:15] Fila 60: dep='Incontinencia' puesto='Superintendente de proceso' | depOk=SI puestoOk=no
[20:55:15] Fila 61: dep='Incontinencia' puesto='Supervisor produción' | depOk=SI puestoOk=no
[20:55:15] Fila 62: dep='Incontinencia' puesto='Supervisor Mecánico' | depOk=SI puestoOk=no
[20:55:15] Fila 63: dep='Incontinencia' puesto='Ing. de proceso' | depOk=SI puestoOk=no
[20:55:15] Fila 64: dep='Incontinencia' puesto='Planeador' | depOk=SI puestoOk=no
[20:55:15] Fila 65: dep='Incontinencia' puesto='Electronico' | depOk=SI puestoOk=SI
[20:55:15]    >>> MATCH en fila 65
[20:55:15]       + [Cabeza] B)        Casco dieléctrico
[20:55:15]       + [Ojos y cara] C)        Protector facial
[20:55:15]       + [Oídos] A)        Tapones auditivos
[20:55:15]       + [Aparato respiratorio] A)        Respirador contra partículas
[20:55:15]       + [Extremidades superiores] B)        Guantes dieléctricos
[20:55:15]       + [Tronco] F)      Ropa de alta visibilidad
[20:55:15]       + [Extremidades inferiores] C)        Calzado dieléctrico
[20:55:15]       + [Otros] A)        Equipo de protección contra caídas de altura
[20:55:15] Fila 66: dep='Incontinencia' puesto='Conductor de Maquina' | depOk=SI puestoOk=no
[20:55:15] Fila 67: dep='Incontinencia' puesto='Mecánico categorias A,B,C,D' | depOk=SI puestoOk=no
[20:55:15] Fila 68: dep='Incontinencia' puesto='Electrico categorias A,B,C,D' | depOk=SI puestoOk=no
[20:55:15] Fila 69: dep='Incontinencia' puesto='Ayudannte' | depOk=SI puestoOk=no
[20:55:15] Fila 70: dep='Incontinencia' puesto='sellador' | depOk=SI puestoOk=no
[20:55:15] Fila 71: dep='Incontinencia' puesto='Empacador' | depOk=SI puestoOk=no
[20:55:15] Fila 72: dep='Incontinencia' puesto='Mecánico especialista adhesivos' | depOk=SI puestoOk=no
[20:55:15] Fila 73: dep='Incontinencia' puesto='Mecánico con perfil maquinas herramientas' | depOk=SI puestoOk=no
[20:55:15] Fila 74: sin puesto (depActual='Incontinencia') -> SALTA
[20:55:15] Fila 75: sin puesto (depActual='Incontinencia') -> SALTA
[20:55:15] Fila 76: sin puesto (depActual='Incontinencia') -> SALTA
[20:55:15] Fila 77: sin puesto (depActual='Incontinencia') -> SALTA
[20:55:15] Fila 78: sin puesto (depActual='Incontinencia') -> SALTA
[20:55:15] Fila 79: sin puesto (depActual='Incontinencia') -> SALTA
[20:55:15] Fila 80: sin puesto (depActual='Incontinencia') -> SALTA
[20:55:15] Fila 81: sin puesto (depActual='Incontinencia') -> SALTA
[20:55:15] Fila 82: sin puesto (depActual='Incontinencia') -> SALTA
[20:55:15] Fila 83: sin puesto (depActual='Incontinencia') -> SALTA
[20:55:15] Fila 84: sin puesto (depActual='Incontinencia') -> SALTA
[20:55:15] Fila 85: sin puesto (depActual='Incontinencia') -> SALTA
[20:55:15] Fila 86: sin puesto (depActual='Incontinencia') -> SALTA
[20:55:15] Fila 87: sin puesto (depActual='Incontinencia') -> SALTA
[20:55:15] Fila 88: sin puesto (depActual='Incontinencia') -> SALTA
[20:55:15] Fila 89: sin puesto (depActual='Incontinencia') -> SALTA
[20:55:15] Fila 90: sin puesto (depActual='Incontinencia') -> SALTA
[20:55:15] Fila 91: sin puesto (depActual='Incontinencia') -> SALTA
[20:55:15] Fila 92: sin puesto (depActual='Incontinencia') -> SALTA
[20:55:15] Fila 93: sin puesto (depActual='Incontinencia') -> SALTA
[20:55:15] Fila 94: sin puesto (depActual='Incontinencia') -> SALTA
[20:55:15] Fila 95: sin puesto (depActual='Incontinencia') -> SALTA
[20:55:15] Fila 96: sin puesto (depActual='Incontinencia') -> SALTA
[20:55:15] Fila 97: sin puesto (depActual='Incontinencia') -> SALTA
[20:55:15] Fila 98: sin puesto (depActual='Incontinencia') -> SALTA
[20:55:15] Fila 99: sin puesto (depActual='Incontinencia') -> SALTA
[20:55:15] Fila 100: sin puesto (depActual='Incontinencia') -> SALTA
[20:55:15] Fila 101: sin puesto (depActual='Incontinencia') -> SALTA
[20:55:15] Fila 102: sin puesto (depActual='Incontinencia') -> SALTA
[20:55:15] Fila 103: sin puesto (depActual='Incontinencia') -> SALTA
[20:55:15] Fila 104: sin puesto (depActual='Incontinencia') -> SALTA
[20:55:15] Fila 105: sin puesto (depActual='Incontinencia') -> SALTA
[20:55:15] Fila 106: sin puesto (depActual='Incontinencia') -> SALTA
[20:55:15] Fila 107: sin puesto (depActual='Incontinencia') -> SALTA
[20:55:15] Fila 108: sin puesto (depActual='Incontinencia') -> SALTA
[20:55:15] Fila 109: sin puesto (depActual='Incontinencia') -> SALTA
[20:55:15] Fila 110: sin puesto (depActual='Incontinencia') -> SALTA
[20:55:15] Fila 111: sin puesto (depActual='Incontinencia') -> SALTA
[20:55:15] Fila 112: sin puesto (depActual='Incontinencia') -> SALTA
[20:55:15] Fila 113: sin puesto (depActual='Incontinencia') -> SALTA
[20:55:15] Fila 114: sin puesto (depActual='Incontinencia') -> SALTA
[20:55:15] Fila 115: sin puesto (depActual='Incontinencia') -> SALTA
[20:55:15] Fila 116: sin puesto (depActual='Incontinencia') -> SALTA
[20:55:15] Fila 117: sin puesto (depActual='Incontinencia') -> SALTA
[20:55:15] Fila 118: sin puesto (depActual='Incontinencia') -> SALTA
[20:55:15] Fila 119: sin puesto (depActual='Incontinencia') -> SALTA
[20:55:15] Fila 120: sin puesto (depActual='Incontinencia') -> SALTA
[20:55:15] Fila 121: sin puesto (depActual='Incontinencia') -> SALTA
[20:55:15] Fila 122: sin puesto (depActual='Incontinencia') -> SALTA
[20:55:15] Fila 123: sin puesto (depActual='Incontinencia') -> SALTA
[20:55:15] Fila 124: sin puesto (depActual='Incontinencia') -> SALTA
[20:55:15] Fila 125: sin puesto (depActual='Incontinencia') -> SALTA
[20:55:15] Fila 126: sin puesto (depActual='Incontinencia') -> SALTA
[20:55:15] Fila 127: sin puesto (depActual='Incontinencia') -> SALTA
[20:55:15] Fila 128: sin puesto (depActual='Incontinencia') -> SALTA
[20:55:15] Fila 129: sin puesto (depActual='Incontinencia') -> SALTA
[20:55:15] Fila 130: sin puesto (depActual='Incontinencia') -> SALTA
[20:55:15] Fila 131: sin puesto (depActual='Incontinencia') -> SALTA
[20:55:15] Fila 132: sin puesto (depActual='Incontinencia') -> SALTA
[20:55:15] Fila 133: sin puesto (depActual='Incontinencia') -> SALTA
[20:55:15] Fila 134: sin puesto (depActual='Incontinencia') -> SALTA
[20:55:15] Fila 135: sin puesto (depActual='Incontinencia') -> SALTA
[20:55:15] Fila 136: sin puesto (depActual='Incontinencia') -> SALTA
[20:55:15] Fila 137: sin puesto (depActual='Incontinencia') -> SALTA
[20:55:15] Fila 138: sin puesto (depActual='Incontinencia') -> SALTA
[20:55:15] Fila 139: sin puesto (depActual='Incontinencia') -> SALTA
[20:55:15] Fila 140: sin puesto (depActual='Incontinencia') -> SALTA
[20:55:15] Fila 141: sin puesto (depActual='Incontinencia') -> SALTA
[20:55:15] Fila 142: sin puesto (depActual='Incontinencia') -> SALTA
[20:55:15] Total de equipos encontrados: 8
[20:55:15] ========================================================
[20:57:08] ==================== NUEVA PETICION ====================
[20:57:08] Departamento recibido: 'Incontinencia'
[20:57:08] Puesto recibido: 'Técnico electrónico'
[20:57:08] Departamento normalizado: 'incontinencia'
[20:57:08] Puesto normalizado: 'tecnico electronico'
[20:57:08] Ruta Excel: C:\xampp\htdocs\Mes\KCMes\EPP\php/FO-OSHPS012-01_Identificación_y_selección_de_EPP.xlsx
[20:57:08] OK: archivo encontrado
[20:57:08] Hoja [0]: 'EPP'
[20:57:08] Hoja [1]: 'Tabla I.1'
[20:57:08] Hoja [2]: 'X supervisor'
[20:57:08] Hoja [3]: 'Para alta'
[20:57:08] Hoja activa: EPP
[20:57:08] Ultima fila con datos: 142
[20:57:08] Fila 6: dep='Contratistas' puesto='Soldador' | depOk=no puestoOk=no
[20:57:08] Fila 7: dep='Contratistas' puesto='Prevencionista' | depOk=no puestoOk=no
[20:57:08] Fila 8: dep='Contratistas' puesto='Ayudante general' | depOk=no puestoOk=no
[20:57:08] Fila 9: dep='Relaciones industriales' puesto='Ayudante general' | depOk=no puestoOk=no
[20:57:08] Fila 10: dep='Relaciones industriales' puesto='Guardia' | depOk=no puestoOk=no
[20:57:08] Fila 11: dep='Relaciones industriales' puesto='Ayudante general' | depOk=no puestoOk=no
[20:57:08] Fila 12: dep='Relaciones industriales' puesto='Personal de intentendencia' | depOk=no puestoOk=no
[20:57:08] Fila 13: dep='Servicios Auxiliares' puesto='Mecánico' | depOk=no puestoOk=no
[20:57:08] Fila 14: dep='Servicios Auxiliares' puesto='Mecánico' | depOk=no puestoOk=no
[20:57:08] Fila 15: dep='Servicios Auxiliares' puesto='Mecánico' | depOk=no puestoOk=no
[20:57:08] Fila 16: dep='Servicios Auxiliares' puesto='Mecánico' | depOk=no puestoOk=no
[20:57:08] Fila 17: dep='Servicios Auxiliares' puesto='Empacador' | depOk=no puestoOk=no
[20:57:08] Fila 18: dep='Telas NoTejidas' puesto='Superintendente mecatronico' | depOk=no puestoOk=no
[20:57:08] Fila 19: dep='Telas NoTejidas' puesto='Ing. Proceso' | depOk=no puestoOk=no
[20:57:08] Fila 20: dep='Telas NoTejidas' puesto='Conductor' | depOk=no puestoOk=no
[20:57:08] Fila 21: dep='Telas NoTejidas' puesto='Ayudante De Operador' | depOk=no puestoOk=no
[20:57:08] Fila 22: dep='Telas NoTejidas' puesto='Empacador' | depOk=no puestoOk=no
[20:57:08] Fila 23: dep='Telas NoTejidas' puesto='Líder de Operación' | depOk=no puestoOk=no
[20:57:08] Fila 24: dep='Telas NoTejidas' puesto='Tecnico Electronico' | depOk=no puestoOk=SI
[20:57:08] Fila 25: dep='Telas NoTejidas' puesto='Mecanico D' | depOk=no puestoOk=no
[20:57:08] Fila 26: dep='Telas NoTejidas' puesto='Mecanico B' | depOk=no puestoOk=no
[20:57:08] Fila 27: dep='Telas NoTejidas' puesto='Electrico D' | depOk=no puestoOk=no
[20:57:08] Fila 28: dep='Telas NoTejidas' puesto='Auxiliar Administrativo' | depOk=no puestoOk=no
[20:57:08] Fila 29: dep='Telas NoTejidas' puesto='Maestro en cardas' | depOk=no puestoOk=no
[20:57:08] Fila 30: dep='Almacén Materia Prima' puesto='Montacarguista' | depOk=no puestoOk=no
[20:57:08] Fila 31: dep='Almacén Materia Prima' puesto='Auxiliar Administrativo' | depOk=no puestoOk=no
[20:57:08] Fila 32: dep='Almacén Materia Prima' puesto='Supervisor' | depOk=no puestoOk=no
[20:57:08] Fila 33: dep='Almacén Materia Prima' puesto='Planeador' | depOk=no puestoOk=no
[20:57:08] Fila 34: dep='Almacén Materia Prima' puesto='Superintendente' | depOk=no puestoOk=no
[20:57:08] Fila 35: dep='Pañal' puesto='sellador' | depOk=no puestoOk=no
[20:57:08] Fila 36: dep='Pañal' puesto='Ing. Proceso' | depOk=no puestoOk=no
[20:57:08] Fila 37: dep='Pañal' puesto='Electrico' | depOk=no puestoOk=no
[20:57:08] Fila 38: dep='Pañal' puesto='Jefe de mantenimiento' | depOk=no puestoOk=no
[20:57:08] Fila 39: dep='Pañal' puesto='Planeador' | depOk=no puestoOk=no
[20:57:08] Fila 40: dep='Pañal' puesto='Electronico' | depOk=no puestoOk=SI
[20:57:08] Fila 41: dep='Pañal' puesto='Supervisor' | depOk=no puestoOk=no
[20:57:08] Fila 42: dep='Pañal' puesto='Super intendente' | depOk=no puestoOk=no
[20:57:08] Fila 43: dep='Pañal' puesto='Conductor' | depOk=no puestoOk=no
[20:57:08] Fila 44: dep='Pañal' puesto='Mecanico' | depOk=no puestoOk=no
[20:57:08] Fila 45: dep='Pañal' puesto='Empacador' | depOk=no puestoOk=no
[20:57:08] Fila 46: dep='Pañal' puesto='Gerente' | depOk=no puestoOk=no
[20:57:08] Fila 47: dep='Pañal' puesto='TSP' | depOk=no puestoOk=no
[20:57:08] Fila 48: dep='Pañal' puesto='Ayudannte' | depOk=no puestoOk=no
[20:57:08] Fila 49: dep='Protección femenina' puesto='Eléctrico' | depOk=no puestoOk=no
[20:57:08] Fila 50: dep='Protección femenina' puesto='Electrónico' | depOk=no puestoOk=SI
[20:57:08] Fila 51: dep='Protección femenina' puesto='Mecánico' | depOk=no puestoOk=no
[20:57:08] Fila 52: dep='Protección femenina' puesto='Ayudante' | depOk=no puestoOk=no
[20:57:08] Fila 53: dep='Protección femenina' puesto='Conductor' | depOk=no puestoOk=no
[20:57:08] Fila 54: dep='Protección femenina' puesto='Empacador' | depOk=no puestoOk=no
[20:57:08] Fila 55: dep='Protección femenina' puesto='Sellador de Linea' | depOk=no puestoOk=no
[20:57:08] Fila 56: dep='Protección femenina' puesto='TCP' | depOk=no puestoOk=no
[20:57:08] Fila 57: dep='Incontinencia' puesto='Gerente de Incontinencia' | depOk=SI puestoOk=no
[20:57:08] Fila 58: dep='Incontinencia' puesto='Superintendente  mantenimiento mecánico' | depOk=SI puestoOk=no
[20:57:08] Fila 59: dep='Incontinencia' puesto='Superintendente mantenimiento electrico' | depOk=SI puestoOk=no
[20:57:08] Fila 60: dep='Incontinencia' puesto='Superintendente de proceso' | depOk=SI puestoOk=no
[20:57:08] Fila 61: dep='Incontinencia' puesto='Supervisor produción' | depOk=SI puestoOk=no
[20:57:08] Fila 62: dep='Incontinencia' puesto='Supervisor Mecánico' | depOk=SI puestoOk=no
[20:57:08] Fila 63: dep='Incontinencia' puesto='Ing. de proceso' | depOk=SI puestoOk=no
[20:57:08] Fila 64: dep='Incontinencia' puesto='Planeador' | depOk=SI puestoOk=no
[20:57:08] Fila 65: dep='Incontinencia' puesto='Electronico' | depOk=SI puestoOk=SI
[20:57:08]    >>> MATCH en fila 65
[20:57:08]       + [Cabeza] B)        Casco dieléctrico
[20:57:08]       + [Ojos y cara] C)        Protector facial
[20:57:08]       + [Oídos] A)        Tapones auditivos
[20:57:08]       + [Aparato respiratorio] A)        Respirador contra partículas
[20:57:08]       + [Extremidades superiores] B)        Guantes dieléctricos
[20:57:08]       + [Tronco] F)      Ropa de alta visibilidad
[20:57:08]       + [Extremidades inferiores] C)        Calzado dieléctrico
[20:57:08]       + [Otros] A)        Equipo de protección contra caídas de altura
[20:57:08] Fila 66: dep='Incontinencia' puesto='Conductor de Maquina' | depOk=SI puestoOk=no
[20:57:08] Fila 67: dep='Incontinencia' puesto='Mecánico categorias A,B,C,D' | depOk=SI puestoOk=no
[20:57:08] Fila 68: dep='Incontinencia' puesto='Electrico categorias A,B,C,D' | depOk=SI puestoOk=no
[20:57:08] Fila 69: dep='Incontinencia' puesto='Ayudannte' | depOk=SI puestoOk=no
[20:57:08] Fila 70: dep='Incontinencia' puesto='sellador' | depOk=SI puestoOk=no
[20:57:08] Fila 71: dep='Incontinencia' puesto='Empacador' | depOk=SI puestoOk=no
[20:57:08] Fila 72: dep='Incontinencia' puesto='Mecánico especialista adhesivos' | depOk=SI puestoOk=no
[20:57:08] Fila 73: dep='Incontinencia' puesto='Mecánico con perfil maquinas herramientas' | depOk=SI puestoOk=no
[20:57:08] Fila 74: sin puesto (depActual='Incontinencia') -> SALTA
[20:57:08] Fila 75: sin puesto (depActual='Incontinencia') -> SALTA
[20:57:08] Fila 76: sin puesto (depActual='Incontinencia') -> SALTA
[20:57:08] Fila 77: sin puesto (depActual='Incontinencia') -> SALTA
[20:57:08] Fila 78: sin puesto (depActual='Incontinencia') -> SALTA
[20:57:08] Fila 79: sin puesto (depActual='Incontinencia') -> SALTA
[20:57:08] Fila 80: sin puesto (depActual='Incontinencia') -> SALTA
[20:57:08] Fila 81: sin puesto (depActual='Incontinencia') -> SALTA
[20:57:08] Fila 82: sin puesto (depActual='Incontinencia') -> SALTA
[20:57:08] Fila 83: sin puesto (depActual='Incontinencia') -> SALTA
[20:57:08] Fila 84: sin puesto (depActual='Incontinencia') -> SALTA
[20:57:08] Fila 85: sin puesto (depActual='Incontinencia') -> SALTA
[20:57:08] Fila 86: sin puesto (depActual='Incontinencia') -> SALTA
[20:57:08] Fila 87: sin puesto (depActual='Incontinencia') -> SALTA
[20:57:08] Fila 88: sin puesto (depActual='Incontinencia') -> SALTA
[20:57:08] Fila 89: sin puesto (depActual='Incontinencia') -> SALTA
[20:57:08] Fila 90: sin puesto (depActual='Incontinencia') -> SALTA
[20:57:08] Fila 91: sin puesto (depActual='Incontinencia') -> SALTA
[20:57:08] Fila 92: sin puesto (depActual='Incontinencia') -> SALTA
[20:57:08] Fila 93: sin puesto (depActual='Incontinencia') -> SALTA
[20:57:08] Fila 94: sin puesto (depActual='Incontinencia') -> SALTA
[20:57:08] Fila 95: sin puesto (depActual='Incontinencia') -> SALTA
[20:57:08] Fila 96: sin puesto (depActual='Incontinencia') -> SALTA
[20:57:08] Fila 97: sin puesto (depActual='Incontinencia') -> SALTA
[20:57:08] Fila 98: sin puesto (depActual='Incontinencia') -> SALTA
[20:57:08] Fila 99: sin puesto (depActual='Incontinencia') -> SALTA
[20:57:08] Fila 100: sin puesto (depActual='Incontinencia') -> SALTA
[20:57:08] Fila 101: sin puesto (depActual='Incontinencia') -> SALTA
[20:57:08] Fila 102: sin puesto (depActual='Incontinencia') -> SALTA
[20:57:08] Fila 103: sin puesto (depActual='Incontinencia') -> SALTA
[20:57:08] Fila 104: sin puesto (depActual='Incontinencia') -> SALTA
[20:57:08] Fila 105: sin puesto (depActual='Incontinencia') -> SALTA
[20:57:08] Fila 106: sin puesto (depActual='Incontinencia') -> SALTA
[20:57:08] Fila 107: sin puesto (depActual='Incontinencia') -> SALTA
[20:57:08] Fila 108: sin puesto (depActual='Incontinencia') -> SALTA
[20:57:08] Fila 109: sin puesto (depActual='Incontinencia') -> SALTA
[20:57:08] Fila 110: sin puesto (depActual='Incontinencia') -> SALTA
[20:57:08] Fila 111: sin puesto (depActual='Incontinencia') -> SALTA
[20:57:08] Fila 112: sin puesto (depActual='Incontinencia') -> SALTA
[20:57:08] Fila 113: sin puesto (depActual='Incontinencia') -> SALTA
[20:57:08] Fila 114: sin puesto (depActual='Incontinencia') -> SALTA
[20:57:08] Fila 115: sin puesto (depActual='Incontinencia') -> SALTA
[20:57:08] Fila 116: sin puesto (depActual='Incontinencia') -> SALTA
[20:57:08] Fila 117: sin puesto (depActual='Incontinencia') -> SALTA
[20:57:08] Fila 118: sin puesto (depActual='Incontinencia') -> SALTA
[20:57:08] Fila 119: sin puesto (depActual='Incontinencia') -> SALTA
[20:57:08] Fila 120: sin puesto (depActual='Incontinencia') -> SALTA
[20:57:08] Fila 121: sin puesto (depActual='Incontinencia') -> SALTA
[20:57:08] Fila 122: sin puesto (depActual='Incontinencia') -> SALTA
[20:57:08] Fila 123: sin puesto (depActual='Incontinencia') -> SALTA
[20:57:08] Fila 124: sin puesto (depActual='Incontinencia') -> SALTA
[20:57:08] Fila 125: sin puesto (depActual='Incontinencia') -> SALTA
[20:57:08] Fila 126: sin puesto (depActual='Incontinencia') -> SALTA
[20:57:08] Fila 127: sin puesto (depActual='Incontinencia') -> SALTA
[20:57:08] Fila 128: sin puesto (depActual='Incontinencia') -> SALTA
[20:57:08] Fila 129: sin puesto (depActual='Incontinencia') -> SALTA
[20:57:08] Fila 130: sin puesto (depActual='Incontinencia') -> SALTA
[20:57:08] Fila 131: sin puesto (depActual='Incontinencia') -> SALTA
[20:57:08] Fila 132: sin puesto (depActual='Incontinencia') -> SALTA
[20:57:08] Fila 133: sin puesto (depActual='Incontinencia') -> SALTA
[20:57:08] Fila 134: sin puesto (depActual='Incontinencia') -> SALTA
[20:57:08] Fila 135: sin puesto (depActual='Incontinencia') -> SALTA
[20:57:08] Fila 136: sin puesto (depActual='Incontinencia') -> SALTA
[20:57:08] Fila 137: sin puesto (depActual='Incontinencia') -> SALTA
[20:57:08] Fila 138: sin puesto (depActual='Incontinencia') -> SALTA
[20:57:08] Fila 139: sin puesto (depActual='Incontinencia') -> SALTA
[20:57:08] Fila 140: sin puesto (depActual='Incontinencia') -> SALTA
[20:57:08] Fila 141: sin puesto (depActual='Incontinencia') -> SALTA
[20:57:08] Fila 142: sin puesto (depActual='Incontinencia') -> SALTA
[20:57:08] Total de equipos encontrados: 8
[20:57:08] ========================================================
[21:17:04] ==================== NUEVA PETICION ====================
[21:17:04] Departamento recibido: 'Incontinencia'
[21:17:04] Puesto recibido: 'Técnico electrónico'
[21:17:04] Departamento normalizado: 'incontinencia'
[21:17:04] Puesto normalizado: 'tecnico electronico'
[21:17:04] Ruta Excel: C:\xampp\htdocs\Mes\KCMes\EPP\php/FO-OSHPS012-01_Identificación_y_selección_de_EPP.xlsx
[21:17:04] OK: archivo encontrado
[21:17:06] Hoja [0]: 'EPP'
[21:17:06] Hoja [1]: 'Tabla I.1'
[21:17:06] Hoja [2]: 'X supervisor'
[21:17:06] Hoja [3]: 'Para alta'
[21:17:06] Hoja activa: EPP
[21:17:06] Ultima fila con datos: 142
[21:17:06] Fila 6: dep='Contratistas' puesto='Soldador' | depOk=no puestoOk=no
[21:17:06] Fila 7: dep='Contratistas' puesto='Prevencionista' | depOk=no puestoOk=no
[21:17:06] Fila 8: dep='Contratistas' puesto='Ayudante general' | depOk=no puestoOk=no
[21:17:06] Fila 9: dep='Relaciones industriales' puesto='Ayudante general' | depOk=no puestoOk=no
[21:17:06] Fila 10: dep='Relaciones industriales' puesto='Guardia' | depOk=no puestoOk=no
[21:17:06] Fila 11: dep='Relaciones industriales' puesto='Ayudante general' | depOk=no puestoOk=no
[21:17:06] Fila 12: dep='Relaciones industriales' puesto='Personal de intentendencia' | depOk=no puestoOk=no
[21:17:06] Fila 13: dep='Servicios Auxiliares' puesto='Mecánico' | depOk=no puestoOk=no
[21:17:06] Fila 14: dep='Servicios Auxiliares' puesto='Mecánico' | depOk=no puestoOk=no
[21:17:06] Fila 15: dep='Servicios Auxiliares' puesto='Mecánico' | depOk=no puestoOk=no
[21:17:06] Fila 16: dep='Servicios Auxiliares' puesto='Mecánico' | depOk=no puestoOk=no
[21:17:06] Fila 17: dep='Servicios Auxiliares' puesto='Empacador' | depOk=no puestoOk=no
[21:17:06] Fila 18: dep='Telas NoTejidas' puesto='Superintendente mecatronico' | depOk=no puestoOk=no
[21:17:06] Fila 19: dep='Telas NoTejidas' puesto='Ing. Proceso' | depOk=no puestoOk=no
[21:17:06] Fila 20: dep='Telas NoTejidas' puesto='Conductor' | depOk=no puestoOk=no
[21:17:06] Fila 21: dep='Telas NoTejidas' puesto='Ayudante De Operador' | depOk=no puestoOk=no
[21:17:06] Fila 22: dep='Telas NoTejidas' puesto='Empacador' | depOk=no puestoOk=no
[21:17:06] Fila 23: dep='Telas NoTejidas' puesto='Líder de Operación' | depOk=no puestoOk=no
[21:17:06] Fila 24: dep='Telas NoTejidas' puesto='Tecnico Electronico' | depOk=no puestoOk=SI
[21:17:06] Fila 25: dep='Telas NoTejidas' puesto='Mecanico D' | depOk=no puestoOk=no
[21:17:06] Fila 26: dep='Telas NoTejidas' puesto='Mecanico B' | depOk=no puestoOk=no
[21:17:06] Fila 27: dep='Telas NoTejidas' puesto='Electrico D' | depOk=no puestoOk=no
[21:17:06] Fila 28: dep='Telas NoTejidas' puesto='Auxiliar Administrativo' | depOk=no puestoOk=no
[21:17:06] Fila 29: dep='Telas NoTejidas' puesto='Maestro en cardas' | depOk=no puestoOk=no
[21:17:06] Fila 30: dep='Almacén Materia Prima' puesto='Montacarguista' | depOk=no puestoOk=no
[21:17:06] Fila 31: dep='Almacén Materia Prima' puesto='Auxiliar Administrativo' | depOk=no puestoOk=no
[21:17:06] Fila 32: dep='Almacén Materia Prima' puesto='Supervisor' | depOk=no puestoOk=no
[21:17:06] Fila 33: dep='Almacén Materia Prima' puesto='Planeador' | depOk=no puestoOk=no
[21:17:06] Fila 34: dep='Almacén Materia Prima' puesto='Superintendente' | depOk=no puestoOk=no
[21:17:06] Fila 35: dep='Pañal' puesto='sellador' | depOk=no puestoOk=no
[21:17:06] Fila 36: dep='Pañal' puesto='Ing. Proceso' | depOk=no puestoOk=no
[21:17:06] Fila 37: dep='Pañal' puesto='Electrico' | depOk=no puestoOk=no
[21:17:06] Fila 38: dep='Pañal' puesto='Jefe de mantenimiento' | depOk=no puestoOk=no
[21:17:06] Fila 39: dep='Pañal' puesto='Planeador' | depOk=no puestoOk=no
[21:17:06] Fila 40: dep='Pañal' puesto='Electronico' | depOk=no puestoOk=SI
[21:17:06] Fila 41: dep='Pañal' puesto='Supervisor' | depOk=no puestoOk=no
[21:17:06] Fila 42: dep='Pañal' puesto='Super intendente' | depOk=no puestoOk=no
[21:17:06] Fila 43: dep='Pañal' puesto='Conductor' | depOk=no puestoOk=no
[21:17:06] Fila 44: dep='Pañal' puesto='Mecanico' | depOk=no puestoOk=no
[21:17:06] Fila 45: dep='Pañal' puesto='Empacador' | depOk=no puestoOk=no
[21:17:06] Fila 46: dep='Pañal' puesto='Gerente' | depOk=no puestoOk=no
[21:17:06] Fila 47: dep='Pañal' puesto='TSP' | depOk=no puestoOk=no
[21:17:06] Fila 48: dep='Pañal' puesto='Ayudannte' | depOk=no puestoOk=no
[21:17:06] Fila 49: dep='Protección femenina' puesto='Eléctrico' | depOk=no puestoOk=no
[21:17:06] Fila 50: dep='Protección femenina' puesto='Electrónico' | depOk=no puestoOk=SI
[21:17:06] Fila 51: dep='Protección femenina' puesto='Mecánico' | depOk=no puestoOk=no
[21:17:06] Fila 52: dep='Protección femenina' puesto='Ayudante' | depOk=no puestoOk=no
[21:17:06] Fila 53: dep='Protección femenina' puesto='Conductor' | depOk=no puestoOk=no
[21:17:06] Fila 54: dep='Protección femenina' puesto='Empacador' | depOk=no puestoOk=no
[21:17:06] Fila 55: dep='Protección femenina' puesto='Sellador de Linea' | depOk=no puestoOk=no
[21:17:06] Fila 56: dep='Protección femenina' puesto='TCP' | depOk=no puestoOk=no
[21:17:06] Fila 57: dep='Incontinencia' puesto='Gerente de Incontinencia' | depOk=SI puestoOk=no
[21:17:06] Fila 58: dep='Incontinencia' puesto='Superintendente  mantenimiento mecánico' | depOk=SI puestoOk=no
[21:17:06] Fila 59: dep='Incontinencia' puesto='Superintendente mantenimiento electrico' | depOk=SI puestoOk=no
[21:17:06] Fila 60: dep='Incontinencia' puesto='Superintendente de proceso' | depOk=SI puestoOk=no
[21:17:06] Fila 61: dep='Incontinencia' puesto='Supervisor produción' | depOk=SI puestoOk=no
[21:17:06] Fila 62: dep='Incontinencia' puesto='Supervisor Mecánico' | depOk=SI puestoOk=no
[21:17:06] Fila 63: dep='Incontinencia' puesto='Ing. de proceso' | depOk=SI puestoOk=no
[21:17:06] Fila 64: dep='Incontinencia' puesto='Planeador' | depOk=SI puestoOk=no
[21:17:06] Fila 65: dep='Incontinencia' puesto='Electronico' | depOk=SI puestoOk=SI
[21:17:06]    >>> MATCH en fila 65
[21:17:06]       + [Cabeza] B)        Casco dieléctrico
[21:17:06]       + [Ojos y cara] C)        Protector facial
[21:17:06]       + [Oídos] A)        Tapones auditivos
[21:17:06]       + [Aparato respiratorio] A)        Respirador contra partículas
[21:17:06]       + [Extremidades superiores] B)        Guantes dieléctricos
[21:17:06]       + [Tronco] F)      Ropa de alta visibilidad
[21:17:06]       + [Extremidades inferiores] C)        Calzado dieléctrico
[21:17:06]       + [Otros] A)        Equipo de protección contra caídas de altura
[21:17:06] Fila 66: dep='Incontinencia' puesto='Conductor de Maquina' | depOk=SI puestoOk=no
[21:17:06] Fila 67: dep='Incontinencia' puesto='Mecánico categorias A,B,C,D' | depOk=SI puestoOk=no
[21:17:06] Fila 68: dep='Incontinencia' puesto='Electrico categorias A,B,C,D' | depOk=SI puestoOk=no
[21:17:06] Fila 69: dep='Incontinencia' puesto='Ayudannte' | depOk=SI puestoOk=no
[21:17:06] Fila 70: dep='Incontinencia' puesto='sellador' | depOk=SI puestoOk=no
[21:17:06] Fila 71: dep='Incontinencia' puesto='Empacador' | depOk=SI puestoOk=no
[21:17:06] Fila 72: dep='Incontinencia' puesto='Mecánico especialista adhesivos' | depOk=SI puestoOk=no
[21:17:06] Fila 73: dep='Incontinencia' puesto='Mecánico con perfil maquinas herramientas' | depOk=SI puestoOk=no
[21:17:06] Fila 74: sin puesto (depActual='Incontinencia') -> SALTA
[21:17:06] Fila 75: sin puesto (depActual='Incontinencia') -> SALTA
[21:17:06] Fila 76: sin puesto (depActual='Incontinencia') -> SALTA
[21:17:06] Fila 77: sin puesto (depActual='Incontinencia') -> SALTA
[21:17:06] Fila 78: sin puesto (depActual='Incontinencia') -> SALTA
[21:17:06] Fila 79: sin puesto (depActual='Incontinencia') -> SALTA
[21:17:06] Fila 80: sin puesto (depActual='Incontinencia') -> SALTA
[21:17:06] Fila 81: sin puesto (depActual='Incontinencia') -> SALTA
[21:17:06] Fila 82: sin puesto (depActual='Incontinencia') -> SALTA
[21:17:06] Fila 83: sin puesto (depActual='Incontinencia') -> SALTA
[21:17:06] Fila 84: sin puesto (depActual='Incontinencia') -> SALTA
[21:17:06] Fila 85: sin puesto (depActual='Incontinencia') -> SALTA
[21:17:06] Fila 86: sin puesto (depActual='Incontinencia') -> SALTA
[21:17:06] Fila 87: sin puesto (depActual='Incontinencia') -> SALTA
[21:17:06] Fila 88: sin puesto (depActual='Incontinencia') -> SALTA
[21:17:06] Fila 89: sin puesto (depActual='Incontinencia') -> SALTA
[21:17:06] Fila 90: sin puesto (depActual='Incontinencia') -> SALTA
[21:17:06] Fila 91: sin puesto (depActual='Incontinencia') -> SALTA
[21:17:06] Fila 92: sin puesto (depActual='Incontinencia') -> SALTA
[21:17:06] Fila 93: sin puesto (depActual='Incontinencia') -> SALTA
[21:17:06] Fila 94: sin puesto (depActual='Incontinencia') -> SALTA
[21:17:06] Fila 95: sin puesto (depActual='Incontinencia') -> SALTA
[21:17:06] Fila 96: sin puesto (depActual='Incontinencia') -> SALTA
[21:17:06] Fila 97: sin puesto (depActual='Incontinencia') -> SALTA
[21:17:06] Fila 98: sin puesto (depActual='Incontinencia') -> SALTA
[21:17:06] Fila 99: sin puesto (depActual='Incontinencia') -> SALTA
[21:17:06] Fila 100: sin puesto (depActual='Incontinencia') -> SALTA
[21:17:06] Fila 101: sin puesto (depActual='Incontinencia') -> SALTA
[21:17:06] Fila 102: sin puesto (depActual='Incontinencia') -> SALTA
[21:17:06] Fila 103: sin puesto (depActual='Incontinencia') -> SALTA
[21:17:06] Fila 104: sin puesto (depActual='Incontinencia') -> SALTA
[21:17:06] Fila 105: sin puesto (depActual='Incontinencia') -> SALTA
[21:17:06] Fila 106: sin puesto (depActual='Incontinencia') -> SALTA
[21:17:06] Fila 107: sin puesto (depActual='Incontinencia') -> SALTA
[21:17:06] Fila 108: sin puesto (depActual='Incontinencia') -> SALTA
[21:17:06] Fila 109: sin puesto (depActual='Incontinencia') -> SALTA
[21:17:06] Fila 110: sin puesto (depActual='Incontinencia') -> SALTA
[21:17:06] Fila 111: sin puesto (depActual='Incontinencia') -> SALTA
[21:17:06] Fila 112: sin puesto (depActual='Incontinencia') -> SALTA
[21:17:06] Fila 113: sin puesto (depActual='Incontinencia') -> SALTA
[21:17:06] Fila 114: sin puesto (depActual='Incontinencia') -> SALTA
[21:17:06] Fila 115: sin puesto (depActual='Incontinencia') -> SALTA
[21:17:06] Fila 116: sin puesto (depActual='Incontinencia') -> SALTA
[21:17:06] Fila 117: sin puesto (depActual='Incontinencia') -> SALTA
[21:17:06] Fila 118: sin puesto (depActual='Incontinencia') -> SALTA
[21:17:06] Fila 119: sin puesto (depActual='Incontinencia') -> SALTA
[21:17:06] Fila 120: sin puesto (depActual='Incontinencia') -> SALTA
[21:17:06] Fila 121: sin puesto (depActual='Incontinencia') -> SALTA
[21:17:06] Fila 122: sin puesto (depActual='Incontinencia') -> SALTA
[21:17:06] Fila 123: sin puesto (depActual='Incontinencia') -> SALTA
[21:17:06] Fila 124: sin puesto (depActual='Incontinencia') -> SALTA
[21:17:06] Fila 125: sin puesto (depActual='Incontinencia') -> SALTA
[21:17:06] Fila 126: sin puesto (depActual='Incontinencia') -> SALTA
[21:17:06] Fila 127: sin puesto (depActual='Incontinencia') -> SALTA
[21:17:06] Fila 128: sin puesto (depActual='Incontinencia') -> SALTA
[21:17:06] Fila 129: sin puesto (depActual='Incontinencia') -> SALTA
[21:17:06] Fila 130: sin puesto (depActual='Incontinencia') -> SALTA
[21:17:06] Fila 131: sin puesto (depActual='Incontinencia') -> SALTA
[21:17:06] Fila 132: sin puesto (depActual='Incontinencia') -> SALTA
[21:17:06] Fila 133: sin puesto (depActual='Incontinencia') -> SALTA
[21:17:06] Fila 134: sin puesto (depActual='Incontinencia') -> SALTA
[21:17:06] Fila 135: sin puesto (depActual='Incontinencia') -> SALTA
[21:17:06] Fila 136: sin puesto (depActual='Incontinencia') -> SALTA
[21:17:06] Fila 137: sin puesto (depActual='Incontinencia') -> SALTA
[21:17:06] Fila 138: sin puesto (depActual='Incontinencia') -> SALTA
[21:17:06] Fila 139: sin puesto (depActual='Incontinencia') -> SALTA
[21:17:06] Fila 140: sin puesto (depActual='Incontinencia') -> SALTA
[21:17:06] Fila 141: sin puesto (depActual='Incontinencia') -> SALTA
[21:17:06] Fila 142: sin puesto (depActual='Incontinencia') -> SALTA
[21:17:06] Total de equipos encontrados: 8
[21:17:06] ========================================================
[21:17:33] ==================== NUEVA PETICION ====================
[21:17:33] Departamento recibido: 'Incontinencia'
[21:17:33] Puesto recibido: 'Técnico electrónico'
[21:17:33] Departamento normalizado: 'incontinencia'
[21:17:33] Puesto normalizado: 'tecnico electronico'
[21:17:33] Ruta Excel: C:\xampp\htdocs\Mes\KCMes\EPP\php/FO-OSHPS012-01_Identificación_y_selección_de_EPP.xlsx
[21:17:33] OK: archivo encontrado
[21:17:33] Hoja [0]: 'EPP'
[21:17:33] Hoja [1]: 'Tabla I.1'
[21:17:33] Hoja [2]: 'X supervisor'
[21:17:33] Hoja [3]: 'Para alta'
[21:17:33] Hoja activa: EPP
[21:17:33] Ultima fila con datos: 142
[21:17:33] Fila 6: dep='Contratistas' puesto='Soldador' | depOk=no puestoOk=no
[21:17:33] Fila 7: dep='Contratistas' puesto='Prevencionista' | depOk=no puestoOk=no
[21:17:33] Fila 8: dep='Contratistas' puesto='Ayudante general' | depOk=no puestoOk=no
[21:17:33] Fila 9: dep='Relaciones industriales' puesto='Ayudante general' | depOk=no puestoOk=no
[21:17:33] Fila 10: dep='Relaciones industriales' puesto='Guardia' | depOk=no puestoOk=no
[21:17:33] Fila 11: dep='Relaciones industriales' puesto='Ayudante general' | depOk=no puestoOk=no
[21:17:33] Fila 12: dep='Relaciones industriales' puesto='Personal de intentendencia' | depOk=no puestoOk=no
[21:17:33] Fila 13: dep='Servicios Auxiliares' puesto='Mecánico' | depOk=no puestoOk=no
[21:17:33] Fila 14: dep='Servicios Auxiliares' puesto='Mecánico' | depOk=no puestoOk=no
[21:17:33] Fila 15: dep='Servicios Auxiliares' puesto='Mecánico' | depOk=no puestoOk=no
[21:17:33] Fila 16: dep='Servicios Auxiliares' puesto='Mecánico' | depOk=no puestoOk=no
[21:17:33] Fila 17: dep='Servicios Auxiliares' puesto='Empacador' | depOk=no puestoOk=no
[21:17:33] Fila 18: dep='Telas NoTejidas' puesto='Superintendente mecatronico' | depOk=no puestoOk=no
[21:17:33] Fila 19: dep='Telas NoTejidas' puesto='Ing. Proceso' | depOk=no puestoOk=no
[21:17:33] Fila 20: dep='Telas NoTejidas' puesto='Conductor' | depOk=no puestoOk=no
[21:17:33] Fila 21: dep='Telas NoTejidas' puesto='Ayudante De Operador' | depOk=no puestoOk=no
[21:17:33] Fila 22: dep='Telas NoTejidas' puesto='Empacador' | depOk=no puestoOk=no
[21:17:33] Fila 23: dep='Telas NoTejidas' puesto='Líder de Operación' | depOk=no puestoOk=no
[21:17:33] Fila 24: dep='Telas NoTejidas' puesto='Tecnico Electronico' | depOk=no puestoOk=SI
[21:17:33] Fila 25: dep='Telas NoTejidas' puesto='Mecanico D' | depOk=no puestoOk=no
[21:17:33] Fila 26: dep='Telas NoTejidas' puesto='Mecanico B' | depOk=no puestoOk=no
[21:17:33] Fila 27: dep='Telas NoTejidas' puesto='Electrico D' | depOk=no puestoOk=no
[21:17:33] Fila 28: dep='Telas NoTejidas' puesto='Auxiliar Administrativo' | depOk=no puestoOk=no
[21:17:33] Fila 29: dep='Telas NoTejidas' puesto='Maestro en cardas' | depOk=no puestoOk=no
[21:17:33] Fila 30: dep='Almacén Materia Prima' puesto='Montacarguista' | depOk=no puestoOk=no
[21:17:33] Fila 31: dep='Almacén Materia Prima' puesto='Auxiliar Administrativo' | depOk=no puestoOk=no
[21:17:33] Fila 32: dep='Almacén Materia Prima' puesto='Supervisor' | depOk=no puestoOk=no
[21:17:33] Fila 33: dep='Almacén Materia Prima' puesto='Planeador' | depOk=no puestoOk=no
[21:17:33] Fila 34: dep='Almacén Materia Prima' puesto='Superintendente' | depOk=no puestoOk=no
[21:17:33] Fila 35: dep='Pañal' puesto='sellador' | depOk=no puestoOk=no
[21:17:33] Fila 36: dep='Pañal' puesto='Ing. Proceso' | depOk=no puestoOk=no
[21:17:33] Fila 37: dep='Pañal' puesto='Electrico' | depOk=no puestoOk=no
[21:17:33] Fila 38: dep='Pañal' puesto='Jefe de mantenimiento' | depOk=no puestoOk=no
[21:17:33] Fila 39: dep='Pañal' puesto='Planeador' | depOk=no puestoOk=no
[21:17:33] Fila 40: dep='Pañal' puesto='Electronico' | depOk=no puestoOk=SI
[21:17:33] Fila 41: dep='Pañal' puesto='Supervisor' | depOk=no puestoOk=no
[21:17:33] Fila 42: dep='Pañal' puesto='Super intendente' | depOk=no puestoOk=no
[21:17:33] Fila 43: dep='Pañal' puesto='Conductor' | depOk=no puestoOk=no
[21:17:33] Fila 44: dep='Pañal' puesto='Mecanico' | depOk=no puestoOk=no
[21:17:33] Fila 45: dep='Pañal' puesto='Empacador' | depOk=no puestoOk=no
[21:17:33] Fila 46: dep='Pañal' puesto='Gerente' | depOk=no puestoOk=no
[21:17:33] Fila 47: dep='Pañal' puesto='TSP' | depOk=no puestoOk=no
[21:17:33] Fila 48: dep='Pañal' puesto='Ayudannte' | depOk=no puestoOk=no
[21:17:33] Fila 49: dep='Protección femenina' puesto='Eléctrico' | depOk=no puestoOk=no
[21:17:33] Fila 50: dep='Protección femenina' puesto='Electrónico' | depOk=no puestoOk=SI
[21:17:33] Fila 51: dep='Protección femenina' puesto='Mecánico' | depOk=no puestoOk=no
[21:17:33] Fila 52: dep='Protección femenina' puesto='Ayudante' | depOk=no puestoOk=no
[21:17:33] Fila 53: dep='Protección femenina' puesto='Conductor' | depOk=no puestoOk=no
[21:17:33] Fila 54: dep='Protección femenina' puesto='Empacador' | depOk=no puestoOk=no
[21:17:33] Fila 55: dep='Protección femenina' puesto='Sellador de Linea' | depOk=no puestoOk=no
[21:17:33] Fila 56: dep='Protección femenina' puesto='TCP' | depOk=no puestoOk=no
[21:17:33] Fila 57: dep='Incontinencia' puesto='Gerente de Incontinencia' | depOk=SI puestoOk=no
[21:17:33] Fila 58: dep='Incontinencia' puesto='Superintendente  mantenimiento mecánico' | depOk=SI puestoOk=no
[21:17:33] Fila 59: dep='Incontinencia' puesto='Superintendente mantenimiento electrico' | depOk=SI puestoOk=no
[21:17:33] Fila 60: dep='Incontinencia' puesto='Superintendente de proceso' | depOk=SI puestoOk=no
[21:17:33] Fila 61: dep='Incontinencia' puesto='Supervisor produción' | depOk=SI puestoOk=no
[21:17:33] Fila 62: dep='Incontinencia' puesto='Supervisor Mecánico' | depOk=SI puestoOk=no
[21:17:33] Fila 63: dep='Incontinencia' puesto='Ing. de proceso' | depOk=SI puestoOk=no
[21:17:33] Fila 64: dep='Incontinencia' puesto='Planeador' | depOk=SI puestoOk=no
[21:17:33] Fila 65: dep='Incontinencia' puesto='Electronico' | depOk=SI puestoOk=SI
[21:17:33]    >>> MATCH en fila 65
[21:17:33]       + [Cabeza] B)        Casco dieléctrico
[21:17:33]       + [Ojos y cara] C)        Protector facial
[21:17:33]       + [Oídos] A)        Tapones auditivos
[21:17:33]       + [Aparato respiratorio] A)        Respirador contra partículas
[21:17:33]       + [Extremidades superiores] B)        Guantes dieléctricos
[21:17:33]       + [Tronco] F)      Ropa de alta visibilidad
[21:17:33]       + [Extremidades inferiores] C)        Calzado dieléctrico
[21:17:33]       + [Otros] A)        Equipo de protección contra caídas de altura
[21:17:33] Fila 66: dep='Incontinencia' puesto='Conductor de Maquina' | depOk=SI puestoOk=no
[21:17:33] Fila 67: dep='Incontinencia' puesto='Mecánico categorias A,B,C,D' | depOk=SI puestoOk=no
[21:17:33] Fila 68: dep='Incontinencia' puesto='Electrico categorias A,B,C,D' | depOk=SI puestoOk=no
[21:17:33] Fila 69: dep='Incontinencia' puesto='Ayudannte' | depOk=SI puestoOk=no
[21:17:33] Fila 70: dep='Incontinencia' puesto='sellador' | depOk=SI puestoOk=no
[21:17:33] Fila 71: dep='Incontinencia' puesto='Empacador' | depOk=SI puestoOk=no
[21:17:33] Fila 72: dep='Incontinencia' puesto='Mecánico especialista adhesivos' | depOk=SI puestoOk=no
[21:17:33] Fila 73: dep='Incontinencia' puesto='Mecánico con perfil maquinas herramientas' | depOk=SI puestoOk=no
[21:17:33] Fila 74: sin puesto (depActual='Incontinencia') -> SALTA
[21:17:33] Fila 75: sin puesto (depActual='Incontinencia') -> SALTA
[21:17:33] Fila 76: sin puesto (depActual='Incontinencia') -> SALTA
[21:17:33] Fila 77: sin puesto (depActual='Incontinencia') -> SALTA
[21:17:33] Fila 78: sin puesto (depActual='Incontinencia') -> SALTA
[21:17:33] Fila 79: sin puesto (depActual='Incontinencia') -> SALTA
[21:17:33] Fila 80: sin puesto (depActual='Incontinencia') -> SALTA
[21:17:33] Fila 81: sin puesto (depActual='Incontinencia') -> SALTA
[21:17:33] Fila 82: sin puesto (depActual='Incontinencia') -> SALTA
[21:17:33] Fila 83: sin puesto (depActual='Incontinencia') -> SALTA
[21:17:33] Fila 84: sin puesto (depActual='Incontinencia') -> SALTA
[21:17:33] Fila 85: sin puesto (depActual='Incontinencia') -> SALTA
[21:17:33] Fila 86: sin puesto (depActual='Incontinencia') -> SALTA
[21:17:33] Fila 87: sin puesto (depActual='Incontinencia') -> SALTA
[21:17:33] Fila 88: sin puesto (depActual='Incontinencia') -> SALTA
[21:17:33] Fila 89: sin puesto (depActual='Incontinencia') -> SALTA
[21:17:33] Fila 90: sin puesto (depActual='Incontinencia') -> SALTA
[21:17:33] Fila 91: sin puesto (depActual='Incontinencia') -> SALTA
[21:17:33] Fila 92: sin puesto (depActual='Incontinencia') -> SALTA
[21:17:33] Fila 93: sin puesto (depActual='Incontinencia') -> SALTA
[21:17:33] Fila 94: sin puesto (depActual='Incontinencia') -> SALTA
[21:17:33] Fila 95: sin puesto (depActual='Incontinencia') -> SALTA
[21:17:33] Fila 96: sin puesto (depActual='Incontinencia') -> SALTA
[21:17:33] Fila 97: sin puesto (depActual='Incontinencia') -> SALTA
[21:17:33] Fila 98: sin puesto (depActual='Incontinencia') -> SALTA
[21:17:33] Fila 99: sin puesto (depActual='Incontinencia') -> SALTA
[21:17:33] Fila 100: sin puesto (depActual='Incontinencia') -> SALTA
[21:17:33] Fila 101: sin puesto (depActual='Incontinencia') -> SALTA
[21:17:33] Fila 102: sin puesto (depActual='Incontinencia') -> SALTA
[21:17:33] Fila 103: sin puesto (depActual='Incontinencia') -> SALTA
[21:17:33] Fila 104: sin puesto (depActual='Incontinencia') -> SALTA
[21:17:33] Fila 105: sin puesto (depActual='Incontinencia') -> SALTA
[21:17:33] Fila 106: sin puesto (depActual='Incontinencia') -> SALTA
[21:17:33] Fila 107: sin puesto (depActual='Incontinencia') -> SALTA
[21:17:33] Fila 108: sin puesto (depActual='Incontinencia') -> SALTA
[21:17:33] Fila 109: sin puesto (depActual='Incontinencia') -> SALTA
[21:17:33] Fila 110: sin puesto (depActual='Incontinencia') -> SALTA
[21:17:33] Fila 111: sin puesto (depActual='Incontinencia') -> SALTA
[21:17:33] Fila 112: sin puesto (depActual='Incontinencia') -> SALTA
[21:17:33] Fila 113: sin puesto (depActual='Incontinencia') -> SALTA
[21:17:33] Fila 114: sin puesto (depActual='Incontinencia') -> SALTA
[21:17:33] Fila 115: sin puesto (depActual='Incontinencia') -> SALTA
[21:17:33] Fila 116: sin puesto (depActual='Incontinencia') -> SALTA
[21:17:33] Fila 117: sin puesto (depActual='Incontinencia') -> SALTA
[21:17:33] Fila 118: sin puesto (depActual='Incontinencia') -> SALTA
[21:17:33] Fila 119: sin puesto (depActual='Incontinencia') -> SALTA
[21:17:33] Fila 120: sin puesto (depActual='Incontinencia') -> SALTA
[21:17:33] Fila 121: sin puesto (depActual='Incontinencia') -> SALTA
[21:17:33] Fila 122: sin puesto (depActual='Incontinencia') -> SALTA
[21:17:33] Fila 123: sin puesto (depActual='Incontinencia') -> SALTA
[21:17:33] Fila 124: sin puesto (depActual='Incontinencia') -> SALTA
[21:17:33] Fila 125: sin puesto (depActual='Incontinencia') -> SALTA
[21:17:33] Fila 126: sin puesto (depActual='Incontinencia') -> SALTA
[21:17:33] Fila 127: sin puesto (depActual='Incontinencia') -> SALTA
[21:17:33] Fila 128: sin puesto (depActual='Incontinencia') -> SALTA
[21:17:33] Fila 129: sin puesto (depActual='Incontinencia') -> SALTA
[21:17:33] Fila 130: sin puesto (depActual='Incontinencia') -> SALTA
[21:17:33] Fila 131: sin puesto (depActual='Incontinencia') -> SALTA
[21:17:33] Fila 132: sin puesto (depActual='Incontinencia') -> SALTA
[21:17:33] Fila 133: sin puesto (depActual='Incontinencia') -> SALTA
[21:17:33] Fila 134: sin puesto (depActual='Incontinencia') -> SALTA
[21:17:33] Fila 135: sin puesto (depActual='Incontinencia') -> SALTA
[21:17:33] Fila 136: sin puesto (depActual='Incontinencia') -> SALTA
[21:17:33] Fila 137: sin puesto (depActual='Incontinencia') -> SALTA
[21:17:33] Fila 138: sin puesto (depActual='Incontinencia') -> SALTA
[21:17:33] Fila 139: sin puesto (depActual='Incontinencia') -> SALTA
[21:17:33] Fila 140: sin puesto (depActual='Incontinencia') -> SALTA
[21:17:33] Fila 141: sin puesto (depActual='Incontinencia') -> SALTA
[21:17:33] Fila 142: sin puesto (depActual='Incontinencia') -> SALTA
[21:17:33] Total de equipos encontrados: 8
[21:17:33] ========================================================
[21:20:13] ==================== NUEVA PETICION ====================
[21:20:13] Departamento recibido: 'Incontinencia'
[21:20:13] Puesto recibido: 'Técnico electrónico'
[21:20:13] Departamento normalizado: 'incontinencia'
[21:20:13] Puesto normalizado: 'tecnico electronico'
[21:20:13] Ruta Excel: C:\xampp\htdocs\Mes\KCMes\EPP\php/FO-OSHPS012-01_Identificación_y_selección_de_EPP.xlsx
[21:20:13] OK: archivo encontrado
[21:20:13] Hoja [0]: 'EPP'
[21:20:13] Hoja [1]: 'Tabla I.1'
[21:20:13] Hoja [2]: 'X supervisor'
[21:20:13] Hoja [3]: 'Para alta'
[21:20:13] Hoja activa: EPP
[21:20:13] Ultima fila con datos: 142
[21:20:13] Fila 6: dep='Contratistas' puesto='Soldador' | depOk=no puestoOk=no
[21:20:13] Fila 7: dep='Contratistas' puesto='Prevencionista' | depOk=no puestoOk=no
[21:20:13] Fila 8: dep='Contratistas' puesto='Ayudante general' | depOk=no puestoOk=no
[21:20:13] Fila 9: dep='Relaciones industriales' puesto='Ayudante general' | depOk=no puestoOk=no
[21:20:13] Fila 10: dep='Relaciones industriales' puesto='Guardia' | depOk=no puestoOk=no
[21:20:13] Fila 11: dep='Relaciones industriales' puesto='Ayudante general' | depOk=no puestoOk=no
[21:20:13] Fila 12: dep='Relaciones industriales' puesto='Personal de intentendencia' | depOk=no puestoOk=no
[21:20:13] Fila 13: dep='Servicios Auxiliares' puesto='Mecánico' | depOk=no puestoOk=no
[21:20:13] Fila 14: dep='Servicios Auxiliares' puesto='Mecánico' | depOk=no puestoOk=no
[21:20:13] Fila 15: dep='Servicios Auxiliares' puesto='Mecánico' | depOk=no puestoOk=no
[21:20:13] Fila 16: dep='Servicios Auxiliares' puesto='Mecánico' | depOk=no puestoOk=no
[21:20:13] Fila 17: dep='Servicios Auxiliares' puesto='Empacador' | depOk=no puestoOk=no
[21:20:13] Fila 18: dep='Telas NoTejidas' puesto='Superintendente mecatronico' | depOk=no puestoOk=no
[21:20:13] Fila 19: dep='Telas NoTejidas' puesto='Ing. Proceso' | depOk=no puestoOk=no
[21:20:13] Fila 20: dep='Telas NoTejidas' puesto='Conductor' | depOk=no puestoOk=no
[21:20:13] Fila 21: dep='Telas NoTejidas' puesto='Ayudante De Operador' | depOk=no puestoOk=no
[21:20:13] Fila 22: dep='Telas NoTejidas' puesto='Empacador' | depOk=no puestoOk=no
[21:20:13] Fila 23: dep='Telas NoTejidas' puesto='Líder de Operación' | depOk=no puestoOk=no
[21:20:13] Fila 24: dep='Telas NoTejidas' puesto='Tecnico Electronico' | depOk=no puestoOk=SI
[21:20:13] Fila 25: dep='Telas NoTejidas' puesto='Mecanico D' | depOk=no puestoOk=no
[21:20:13] Fila 26: dep='Telas NoTejidas' puesto='Mecanico B' | depOk=no puestoOk=no
[21:20:13] Fila 27: dep='Telas NoTejidas' puesto='Electrico D' | depOk=no puestoOk=no
[21:20:13] Fila 28: dep='Telas NoTejidas' puesto='Auxiliar Administrativo' | depOk=no puestoOk=no
[21:20:13] Fila 29: dep='Telas NoTejidas' puesto='Maestro en cardas' | depOk=no puestoOk=no
[21:20:13] Fila 30: dep='Almacén Materia Prima' puesto='Montacarguista' | depOk=no puestoOk=no
[21:20:13] Fila 31: dep='Almacén Materia Prima' puesto='Auxiliar Administrativo' | depOk=no puestoOk=no
[21:20:13] Fila 32: dep='Almacén Materia Prima' puesto='Supervisor' | depOk=no puestoOk=no
[21:20:13] Fila 33: dep='Almacén Materia Prima' puesto='Planeador' | depOk=no puestoOk=no
[21:20:13] Fila 34: dep='Almacén Materia Prima' puesto='Superintendente' | depOk=no puestoOk=no
[21:20:13] Fila 35: dep='Pañal' puesto='sellador' | depOk=no puestoOk=no
[21:20:13] Fila 36: dep='Pañal' puesto='Ing. Proceso' | depOk=no puestoOk=no
[21:20:13] Fila 37: dep='Pañal' puesto='Electrico' | depOk=no puestoOk=no
[21:20:13] Fila 38: dep='Pañal' puesto='Jefe de mantenimiento' | depOk=no puestoOk=no
[21:20:13] Fila 39: dep='Pañal' puesto='Planeador' | depOk=no puestoOk=no
[21:20:13] Fila 40: dep='Pañal' puesto='Electronico' | depOk=no puestoOk=SI
[21:20:13] Fila 41: dep='Pañal' puesto='Supervisor' | depOk=no puestoOk=no
[21:20:13] Fila 42: dep='Pañal' puesto='Super intendente' | depOk=no puestoOk=no
[21:20:13] Fila 43: dep='Pañal' puesto='Conductor' | depOk=no puestoOk=no
[21:20:13] Fila 44: dep='Pañal' puesto='Mecanico' | depOk=no puestoOk=no
[21:20:13] Fila 45: dep='Pañal' puesto='Empacador' | depOk=no puestoOk=no
[21:20:13] Fila 46: dep='Pañal' puesto='Gerente' | depOk=no puestoOk=no
[21:20:13] Fila 47: dep='Pañal' puesto='TSP' | depOk=no puestoOk=no
[21:20:13] Fila 48: dep='Pañal' puesto='Ayudannte' | depOk=no puestoOk=no
[21:20:13] Fila 49: dep='Protección femenina' puesto='Eléctrico' | depOk=no puestoOk=no
[21:20:13] Fila 50: dep='Protección femenina' puesto='Electrónico' | depOk=no puestoOk=SI
[21:20:13] Fila 51: dep='Protección femenina' puesto='Mecánico' | depOk=no puestoOk=no
[21:20:13] Fila 52: dep='Protección femenina' puesto='Ayudante' | depOk=no puestoOk=no
[21:20:13] Fila 53: dep='Protección femenina' puesto='Conductor' | depOk=no puestoOk=no
[21:20:13] Fila 54: dep='Protección femenina' puesto='Empacador' | depOk=no puestoOk=no
[21:20:13] Fila 55: dep='Protección femenina' puesto='Sellador de Linea' | depOk=no puestoOk=no
[21:20:13] Fila 56: dep='Protección femenina' puesto='TCP' | depOk=no puestoOk=no
[21:20:13] Fila 57: dep='Incontinencia' puesto='Gerente de Incontinencia' | depOk=SI puestoOk=no
[21:20:13] Fila 58: dep='Incontinencia' puesto='Superintendente  mantenimiento mecánico' | depOk=SI puestoOk=no
[21:20:13] Fila 59: dep='Incontinencia' puesto='Superintendente mantenimiento electrico' | depOk=SI puestoOk=no
[21:20:13] Fila 60: dep='Incontinencia' puesto='Superintendente de proceso' | depOk=SI puestoOk=no
[21:20:13] Fila 61: dep='Incontinencia' puesto='Supervisor produción' | depOk=SI puestoOk=no
[21:20:13] Fila 62: dep='Incontinencia' puesto='Supervisor Mecánico' | depOk=SI puestoOk=no
[21:20:13] Fila 63: dep='Incontinencia' puesto='Ing. de proceso' | depOk=SI puestoOk=no
[21:20:13] Fila 64: dep='Incontinencia' puesto='Planeador' | depOk=SI puestoOk=no
[21:20:13] Fila 65: dep='Incontinencia' puesto='Electronico' | depOk=SI puestoOk=SI
[21:20:13]    >>> MATCH en fila 65
[21:20:13]       + [Cabeza] B)        Casco dieléctrico
[21:20:13]       + [Ojos y cara] C)        Protector facial
[21:20:13]       + [Oídos] A)        Tapones auditivos
[21:20:13]       + [Aparato respiratorio] A)        Respirador contra partículas
[21:20:13]       + [Extremidades superiores] B)        Guantes dieléctricos
[21:20:13]       + [Tronco] F)      Ropa de alta visibilidad
[21:20:13]       + [Extremidades inferiores] C)        Calzado dieléctrico
[21:20:13]       + [Otros] A)        Equipo de protección contra caídas de altura
[21:20:13] Fila 66: dep='Incontinencia' puesto='Conductor de Maquina' | depOk=SI puestoOk=no
[21:20:13] Fila 67: dep='Incontinencia' puesto='Mecánico categorias A,B,C,D' | depOk=SI puestoOk=no
[21:20:13] Fila 68: dep='Incontinencia' puesto='Electrico categorias A,B,C,D' | depOk=SI puestoOk=no
[21:20:13] Fila 69: dep='Incontinencia' puesto='Ayudannte' | depOk=SI puestoOk=no
[21:20:13] Fila 70: dep='Incontinencia' puesto='sellador' | depOk=SI puestoOk=no
[21:20:13] Fila 71: dep='Incontinencia' puesto='Empacador' | depOk=SI puestoOk=no
[21:20:13] Fila 72: dep='Incontinencia' puesto='Mecánico especialista adhesivos' | depOk=SI puestoOk=no
[21:20:13] Fila 73: dep='Incontinencia' puesto='Mecánico con perfil maquinas herramientas' | depOk=SI puestoOk=no
[21:20:13] Fila 74: sin puesto (depActual='Incontinencia') -> SALTA
[21:20:13] Fila 75: sin puesto (depActual='Incontinencia') -> SALTA
[21:20:13] Fila 76: sin puesto (depActual='Incontinencia') -> SALTA
[21:20:13] Fila 77: sin puesto (depActual='Incontinencia') -> SALTA
[21:20:13] Fila 78: sin puesto (depActual='Incontinencia') -> SALTA
[21:20:13] Fila 79: sin puesto (depActual='Incontinencia') -> SALTA
[21:20:13] Fila 80: sin puesto (depActual='Incontinencia') -> SALTA
[21:20:13] Fila 81: sin puesto (depActual='Incontinencia') -> SALTA
[21:20:13] Fila 82: sin puesto (depActual='Incontinencia') -> SALTA
[21:20:13] Fila 83: sin puesto (depActual='Incontinencia') -> SALTA
[21:20:13] Fila 84: sin puesto (depActual='Incontinencia') -> SALTA
[21:20:13] Fila 85: sin puesto (depActual='Incontinencia') -> SALTA
[21:20:13] Fila 86: sin puesto (depActual='Incontinencia') -> SALTA
[21:20:13] Fila 87: sin puesto (depActual='Incontinencia') -> SALTA
[21:20:13] Fila 88: sin puesto (depActual='Incontinencia') -> SALTA
[21:20:13] Fila 89: sin puesto (depActual='Incontinencia') -> SALTA
[21:20:13] Fila 90: sin puesto (depActual='Incontinencia') -> SALTA
[21:20:13] Fila 91: sin puesto (depActual='Incontinencia') -> SALTA
[21:20:13] Fila 92: sin puesto (depActual='Incontinencia') -> SALTA
[21:20:13] Fila 93: sin puesto (depActual='Incontinencia') -> SALTA
[21:20:13] Fila 94: sin puesto (depActual='Incontinencia') -> SALTA
[21:20:13] Fila 95: sin puesto (depActual='Incontinencia') -> SALTA
[21:20:13] Fila 96: sin puesto (depActual='Incontinencia') -> SALTA
[21:20:13] Fila 97: sin puesto (depActual='Incontinencia') -> SALTA
[21:20:13] Fila 98: sin puesto (depActual='Incontinencia') -> SALTA
[21:20:13] Fila 99: sin puesto (depActual='Incontinencia') -> SALTA
[21:20:13] Fila 100: sin puesto (depActual='Incontinencia') -> SALTA
[21:20:13] Fila 101: sin puesto (depActual='Incontinencia') -> SALTA
[21:20:13] Fila 102: sin puesto (depActual='Incontinencia') -> SALTA
[21:20:13] Fila 103: sin puesto (depActual='Incontinencia') -> SALTA
[21:20:13] Fila 104: sin puesto (depActual='Incontinencia') -> SALTA
[21:20:13] Fila 105: sin puesto (depActual='Incontinencia') -> SALTA
[21:20:13] Fila 106: sin puesto (depActual='Incontinencia') -> SALTA
[21:20:13] Fila 107: sin puesto (depActual='Incontinencia') -> SALTA
[21:20:13] Fila 108: sin puesto (depActual='Incontinencia') -> SALTA
[21:20:13] Fila 109: sin puesto (depActual='Incontinencia') -> SALTA
[21:20:13] Fila 110: sin puesto (depActual='Incontinencia') -> SALTA
[21:20:13] Fila 111: sin puesto (depActual='Incontinencia') -> SALTA
[21:20:13] Fila 112: sin puesto (depActual='Incontinencia') -> SALTA
[21:20:13] Fila 113: sin puesto (depActual='Incontinencia') -> SALTA
[21:20:13] Fila 114: sin puesto (depActual='Incontinencia') -> SALTA
[21:20:13] Fila 115: sin puesto (depActual='Incontinencia') -> SALTA
[21:20:13] Fila 116: sin puesto (depActual='Incontinencia') -> SALTA
[21:20:13] Fila 117: sin puesto (depActual='Incontinencia') -> SALTA
[21:20:13] Fila 118: sin puesto (depActual='Incontinencia') -> SALTA
[21:20:13] Fila 119: sin puesto (depActual='Incontinencia') -> SALTA
[21:20:13] Fila 120: sin puesto (depActual='Incontinencia') -> SALTA
[21:20:13] Fila 121: sin puesto (depActual='Incontinencia') -> SALTA
[21:20:13] Fila 122: sin puesto (depActual='Incontinencia') -> SALTA
[21:20:13] Fila 123: sin puesto (depActual='Incontinencia') -> SALTA
[21:20:13] Fila 124: sin puesto (depActual='Incontinencia') -> SALTA
[21:20:13] Fila 125: sin puesto (depActual='Incontinencia') -> SALTA
[21:20:13] Fila 126: sin puesto (depActual='Incontinencia') -> SALTA
[21:20:13] Fila 127: sin puesto (depActual='Incontinencia') -> SALTA
[21:20:13] Fila 128: sin puesto (depActual='Incontinencia') -> SALTA
[21:20:13] Fila 129: sin puesto (depActual='Incontinencia') -> SALTA
[21:20:13] Fila 130: sin puesto (depActual='Incontinencia') -> SALTA
[21:20:13] Fila 131: sin puesto (depActual='Incontinencia') -> SALTA
[21:20:13] Fila 132: sin puesto (depActual='Incontinencia') -> SALTA
[21:20:13] Fila 133: sin puesto (depActual='Incontinencia') -> SALTA
[21:20:13] Fila 134: sin puesto (depActual='Incontinencia') -> SALTA
[21:20:13] Fila 135: sin puesto (depActual='Incontinencia') -> SALTA
[21:20:13] Fila 136: sin puesto (depActual='Incontinencia') -> SALTA
[21:20:13] Fila 137: sin puesto (depActual='Incontinencia') -> SALTA
[21:20:13] Fila 138: sin puesto (depActual='Incontinencia') -> SALTA
[21:20:13] Fila 139: sin puesto (depActual='Incontinencia') -> SALTA
[21:20:13] Fila 140: sin puesto (depActual='Incontinencia') -> SALTA
[21:20:13] Fila 141: sin puesto (depActual='Incontinencia') -> SALTA
[21:20:13] Fila 142: sin puesto (depActual='Incontinencia') -> SALTA
[21:20:13] Total de equipos encontrados: 8
[21:20:13] ========================================================
[21:20:32] ==================== NUEVA PETICION ====================
[21:20:32] Departamento recibido: 'Incontinencia'
[21:20:32] Puesto recibido: 'Técnico electrónico'
[21:20:32] Departamento normalizado: 'incontinencia'
[21:20:32] Puesto normalizado: 'tecnico electronico'
[21:20:32] Ruta Excel: C:\xampp\htdocs\Mes\KCMes\EPP\php/FO-OSHPS012-01_Identificación_y_selección_de_EPP.xlsx
[21:20:32] OK: archivo encontrado
[21:20:32] Hoja [0]: 'EPP'
[21:20:32] Hoja [1]: 'Tabla I.1'
[21:20:32] Hoja [2]: 'X supervisor'
[21:20:32] Hoja [3]: 'Para alta'
[21:20:32] Hoja activa: EPP
[21:20:32] Ultima fila con datos: 142
[21:20:32] Fila 6: dep='Contratistas' puesto='Soldador' | depOk=no puestoOk=no
[21:20:32] Fila 7: dep='Contratistas' puesto='Prevencionista' | depOk=no puestoOk=no
[21:20:32] Fila 8: dep='Contratistas' puesto='Ayudante general' | depOk=no puestoOk=no
[21:20:32] Fila 9: dep='Relaciones industriales' puesto='Ayudante general' | depOk=no puestoOk=no
[21:20:32] Fila 10: dep='Relaciones industriales' puesto='Guardia' | depOk=no puestoOk=no
[21:20:32] Fila 11: dep='Relaciones industriales' puesto='Ayudante general' | depOk=no puestoOk=no
[21:20:32] Fila 12: dep='Relaciones industriales' puesto='Personal de intentendencia' | depOk=no puestoOk=no
[21:20:32] Fila 13: dep='Servicios Auxiliares' puesto='Mecánico' | depOk=no puestoOk=no
[21:20:32] Fila 14: dep='Servicios Auxiliares' puesto='Mecánico' | depOk=no puestoOk=no
[21:20:32] Fila 15: dep='Servicios Auxiliares' puesto='Mecánico' | depOk=no puestoOk=no
[21:20:32] Fila 16: dep='Servicios Auxiliares' puesto='Mecánico' | depOk=no puestoOk=no
[21:20:32] Fila 17: dep='Servicios Auxiliares' puesto='Empacador' | depOk=no puestoOk=no
[21:20:32] Fila 18: dep='Telas NoTejidas' puesto='Superintendente mecatronico' | depOk=no puestoOk=no
[21:20:32] Fila 19: dep='Telas NoTejidas' puesto='Ing. Proceso' | depOk=no puestoOk=no
[21:20:32] Fila 20: dep='Telas NoTejidas' puesto='Conductor' | depOk=no puestoOk=no
[21:20:32] Fila 21: dep='Telas NoTejidas' puesto='Ayudante De Operador' | depOk=no puestoOk=no
[21:20:32] Fila 22: dep='Telas NoTejidas' puesto='Empacador' | depOk=no puestoOk=no
[21:20:32] Fila 23: dep='Telas NoTejidas' puesto='Líder de Operación' | depOk=no puestoOk=no
[21:20:32] Fila 24: dep='Telas NoTejidas' puesto='Tecnico Electronico' | depOk=no puestoOk=SI
[21:20:32] Fila 25: dep='Telas NoTejidas' puesto='Mecanico D' | depOk=no puestoOk=no
[21:20:32] Fila 26: dep='Telas NoTejidas' puesto='Mecanico B' | depOk=no puestoOk=no
[21:20:32] Fila 27: dep='Telas NoTejidas' puesto='Electrico D' | depOk=no puestoOk=no
[21:20:32] Fila 28: dep='Telas NoTejidas' puesto='Auxiliar Administrativo' | depOk=no puestoOk=no
[21:20:32] Fila 29: dep='Telas NoTejidas' puesto='Maestro en cardas' | depOk=no puestoOk=no
[21:20:32] Fila 30: dep='Almacén Materia Prima' puesto='Montacarguista' | depOk=no puestoOk=no
[21:20:32] Fila 31: dep='Almacén Materia Prima' puesto='Auxiliar Administrativo' | depOk=no puestoOk=no
[21:20:32] Fila 32: dep='Almacén Materia Prima' puesto='Supervisor' | depOk=no puestoOk=no
[21:20:32] Fila 33: dep='Almacén Materia Prima' puesto='Planeador' | depOk=no puestoOk=no
[21:20:32] Fila 34: dep='Almacén Materia Prima' puesto='Superintendente' | depOk=no puestoOk=no
[21:20:32] Fila 35: dep='Pañal' puesto='sellador' | depOk=no puestoOk=no
[21:20:32] Fila 36: dep='Pañal' puesto='Ing. Proceso' | depOk=no puestoOk=no
[21:20:32] Fila 37: dep='Pañal' puesto='Electrico' | depOk=no puestoOk=no
[21:20:32] Fila 38: dep='Pañal' puesto='Jefe de mantenimiento' | depOk=no puestoOk=no
[21:20:32] Fila 39: dep='Pañal' puesto='Planeador' | depOk=no puestoOk=no
[21:20:32] Fila 40: dep='Pañal' puesto='Electronico' | depOk=no puestoOk=SI
[21:20:32] Fila 41: dep='Pañal' puesto='Supervisor' | depOk=no puestoOk=no
[21:20:32] Fila 42: dep='Pañal' puesto='Super intendente' | depOk=no puestoOk=no
[21:20:32] Fila 43: dep='Pañal' puesto='Conductor' | depOk=no puestoOk=no
[21:20:32] Fila 44: dep='Pañal' puesto='Mecanico' | depOk=no puestoOk=no
[21:20:32] Fila 45: dep='Pañal' puesto='Empacador' | depOk=no puestoOk=no
[21:20:32] Fila 46: dep='Pañal' puesto='Gerente' | depOk=no puestoOk=no
[21:20:32] Fila 47: dep='Pañal' puesto='TSP' | depOk=no puestoOk=no
[21:20:32] Fila 48: dep='Pañal' puesto='Ayudannte' | depOk=no puestoOk=no
[21:20:32] Fila 49: dep='Protección femenina' puesto='Eléctrico' | depOk=no puestoOk=no
[21:20:32] Fila 50: dep='Protección femenina' puesto='Electrónico' | depOk=no puestoOk=SI
[21:20:32] Fila 51: dep='Protección femenina' puesto='Mecánico' | depOk=no puestoOk=no
[21:20:32] Fila 52: dep='Protección femenina' puesto='Ayudante' | depOk=no puestoOk=no
[21:20:32] Fila 53: dep='Protección femenina' puesto='Conductor' | depOk=no puestoOk=no
[21:20:32] Fila 54: dep='Protección femenina' puesto='Empacador' | depOk=no puestoOk=no
[21:20:32] Fila 55: dep='Protección femenina' puesto='Sellador de Linea' | depOk=no puestoOk=no
[21:20:32] Fila 56: dep='Protección femenina' puesto='TCP' | depOk=no puestoOk=no
[21:20:32] Fila 57: dep='Incontinencia' puesto='Gerente de Incontinencia' | depOk=SI puestoOk=no
[21:20:32] Fila 58: dep='Incontinencia' puesto='Superintendente  mantenimiento mecánico' | depOk=SI puestoOk=no
[21:20:32] Fila 59: dep='Incontinencia' puesto='Superintendente mantenimiento electrico' | depOk=SI puestoOk=no
[21:20:32] Fila 60: dep='Incontinencia' puesto='Superintendente de proceso' | depOk=SI puestoOk=no
[21:20:32] Fila 61: dep='Incontinencia' puesto='Supervisor produción' | depOk=SI puestoOk=no
[21:20:32] Fila 62: dep='Incontinencia' puesto='Supervisor Mecánico' | depOk=SI puestoOk=no
[21:20:32] Fila 63: dep='Incontinencia' puesto='Ing. de proceso' | depOk=SI puestoOk=no
[21:20:32] Fila 64: dep='Incontinencia' puesto='Planeador' | depOk=SI puestoOk=no
[21:20:32] Fila 65: dep='Incontinencia' puesto='Electronico' | depOk=SI puestoOk=SI
[21:20:32]    >>> MATCH en fila 65
[21:20:32]       + [Cabeza] B)        Casco dieléctrico
[21:20:32]       + [Ojos y cara] C)        Protector facial
[21:20:32]       + [Oídos] A)        Tapones auditivos
[21:20:32]       + [Aparato respiratorio] A)        Respirador contra partículas
[21:20:32]       + [Extremidades superiores] B)        Guantes dieléctricos
[21:20:32]       + [Tronco] F)      Ropa de alta visibilidad
[21:20:32]       + [Extremidades inferiores] C)        Calzado dieléctrico
[21:20:32]       + [Otros] A)        Equipo de protección contra caídas de altura
[21:20:32] Fila 66: dep='Incontinencia' puesto='Conductor de Maquina' | depOk=SI puestoOk=no
[21:20:32] Fila 67: dep='Incontinencia' puesto='Mecánico categorias A,B,C,D' | depOk=SI puestoOk=no
[21:20:32] Fila 68: dep='Incontinencia' puesto='Electrico categorias A,B,C,D' | depOk=SI puestoOk=no
[21:20:32] Fila 69: dep='Incontinencia' puesto='Ayudannte' | depOk=SI puestoOk=no
[21:20:32] Fila 70: dep='Incontinencia' puesto='sellador' | depOk=SI puestoOk=no
[21:20:32] Fila 71: dep='Incontinencia' puesto='Empacador' | depOk=SI puestoOk=no
[21:20:32] Fila 72: dep='Incontinencia' puesto='Mecánico especialista adhesivos' | depOk=SI puestoOk=no
[21:20:32] Fila 73: dep='Incontinencia' puesto='Mecánico con perfil maquinas herramientas' | depOk=SI puestoOk=no
[21:20:32] Fila 74: sin puesto (depActual='Incontinencia') -> SALTA
[21:20:32] Fila 75: sin puesto (depActual='Incontinencia') -> SALTA
[21:20:32] Fila 76: sin puesto (depActual='Incontinencia') -> SALTA
[21:20:32] Fila 77: sin puesto (depActual='Incontinencia') -> SALTA
[21:20:32] Fila 78: sin puesto (depActual='Incontinencia') -> SALTA
[21:20:32] Fila 79: sin puesto (depActual='Incontinencia') -> SALTA
[21:20:32] Fila 80: sin puesto (depActual='Incontinencia') -> SALTA
[21:20:32] Fila 81: sin puesto (depActual='Incontinencia') -> SALTA
[21:20:32] Fila 82: sin puesto (depActual='Incontinencia') -> SALTA
[21:20:32] Fila 83: sin puesto (depActual='Incontinencia') -> SALTA
[21:20:32] Fila 84: sin puesto (depActual='Incontinencia') -> SALTA
[21:20:32] Fila 85: sin puesto (depActual='Incontinencia') -> SALTA
[21:20:32] Fila 86: sin puesto (depActual='Incontinencia') -> SALTA
[21:20:32] Fila 87: sin puesto (depActual='Incontinencia') -> SALTA
[21:20:32] Fila 88: sin puesto (depActual='Incontinencia') -> SALTA
[21:20:32] Fila 89: sin puesto (depActual='Incontinencia') -> SALTA
[21:20:32] Fila 90: sin puesto (depActual='Incontinencia') -> SALTA
[21:20:32] Fila 91: sin puesto (depActual='Incontinencia') -> SALTA
[21:20:32] Fila 92: sin puesto (depActual='Incontinencia') -> SALTA
[21:20:32] Fila 93: sin puesto (depActual='Incontinencia') -> SALTA
[21:20:32] Fila 94: sin puesto (depActual='Incontinencia') -> SALTA
[21:20:32] Fila 95: sin puesto (depActual='Incontinencia') -> SALTA
[21:20:32] Fila 96: sin puesto (depActual='Incontinencia') -> SALTA
[21:20:32] Fila 97: sin puesto (depActual='Incontinencia') -> SALTA
[21:20:32] Fila 98: sin puesto (depActual='Incontinencia') -> SALTA
[21:20:32] Fila 99: sin puesto (depActual='Incontinencia') -> SALTA
[21:20:32] Fila 100: sin puesto (depActual='Incontinencia') -> SALTA
[21:20:32] Fila 101: sin puesto (depActual='Incontinencia') -> SALTA
[21:20:32] Fila 102: sin puesto (depActual='Incontinencia') -> SALTA
[21:20:32] Fila 103: sin puesto (depActual='Incontinencia') -> SALTA
[21:20:32] Fila 104: sin puesto (depActual='Incontinencia') -> SALTA
[21:20:32] Fila 105: sin puesto (depActual='Incontinencia') -> SALTA
[21:20:32] Fila 106: sin puesto (depActual='Incontinencia') -> SALTA
[21:20:32] Fila 107: sin puesto (depActual='Incontinencia') -> SALTA
[21:20:32] Fila 108: sin puesto (depActual='Incontinencia') -> SALTA
[21:20:32] Fila 109: sin puesto (depActual='Incontinencia') -> SALTA
[21:20:32] Fila 110: sin puesto (depActual='Incontinencia') -> SALTA
[21:20:32] Fila 111: sin puesto (depActual='Incontinencia') -> SALTA
[21:20:32] Fila 112: sin puesto (depActual='Incontinencia') -> SALTA
[21:20:32] Fila 113: sin puesto (depActual='Incontinencia') -> SALTA
[21:20:32] Fila 114: sin puesto (depActual='Incontinencia') -> SALTA
[21:20:32] Fila 115: sin puesto (depActual='Incontinencia') -> SALTA
[21:20:32] Fila 116: sin puesto (depActual='Incontinencia') -> SALTA
[21:20:32] Fila 117: sin puesto (depActual='Incontinencia') -> SALTA
[21:20:32] Fila 118: sin puesto (depActual='Incontinencia') -> SALTA
[21:20:32] Fila 119: sin puesto (depActual='Incontinencia') -> SALTA
[21:20:32] Fila 120: sin puesto (depActual='Incontinencia') -> SALTA
[21:20:32] Fila 121: sin puesto (depActual='Incontinencia') -> SALTA
[21:20:32] Fila 122: sin puesto (depActual='Incontinencia') -> SALTA
[21:20:32] Fila 123: sin puesto (depActual='Incontinencia') -> SALTA
[21:20:32] Fila 124: sin puesto (depActual='Incontinencia') -> SALTA
[21:20:32] Fila 125: sin puesto (depActual='Incontinencia') -> SALTA
[21:20:32] Fila 126: sin puesto (depActual='Incontinencia') -> SALTA
[21:20:32] Fila 127: sin puesto (depActual='Incontinencia') -> SALTA
[21:20:32] Fila 128: sin puesto (depActual='Incontinencia') -> SALTA
[21:20:32] Fila 129: sin puesto (depActual='Incontinencia') -> SALTA
[21:20:32] Fila 130: sin puesto (depActual='Incontinencia') -> SALTA
[21:20:32] Fila 131: sin puesto (depActual='Incontinencia') -> SALTA
[21:20:32] Fila 132: sin puesto (depActual='Incontinencia') -> SALTA
[21:20:32] Fila 133: sin puesto (depActual='Incontinencia') -> SALTA
[21:20:32] Fila 134: sin puesto (depActual='Incontinencia') -> SALTA
[21:20:32] Fila 135: sin puesto (depActual='Incontinencia') -> SALTA
[21:20:32] Fila 136: sin puesto (depActual='Incontinencia') -> SALTA
[21:20:32] Fila 137: sin puesto (depActual='Incontinencia') -> SALTA
[21:20:32] Fila 138: sin puesto (depActual='Incontinencia') -> SALTA
[21:20:32] Fila 139: sin puesto (depActual='Incontinencia') -> SALTA
[21:20:32] Fila 140: sin puesto (depActual='Incontinencia') -> SALTA
[21:20:32] Fila 141: sin puesto (depActual='Incontinencia') -> SALTA
[21:20:32] Fila 142: sin puesto (depActual='Incontinencia') -> SALTA
[21:20:32] Total de equipos encontrados: 8
[21:20:32] ========================================================
[21:20:49] ==================== NUEVA PETICION ====================
[21:20:49] Departamento recibido: 'Incontinencia'
[21:20:49] Puesto recibido: 'Técnico electrónico'
[21:20:49] Departamento normalizado: 'incontinencia'
[21:20:49] Puesto normalizado: 'tecnico electronico'
[21:20:49] Ruta Excel: C:\xampp\htdocs\Mes\KCMes\EPP\php/FO-OSHPS012-01_Identificación_y_selección_de_EPP.xlsx
[21:20:49] OK: archivo encontrado
[21:20:49] Hoja [0]: 'EPP'
[21:20:49] Hoja [1]: 'Tabla I.1'
[21:20:49] Hoja [2]: 'X supervisor'
[21:20:49] Hoja [3]: 'Para alta'
[21:20:49] Hoja activa: EPP
[21:20:49] Ultima fila con datos: 142
[21:20:49] Fila 6: dep='Contratistas' puesto='Soldador' | depOk=no puestoOk=no
[21:20:49] Fila 7: dep='Contratistas' puesto='Prevencionista' | depOk=no puestoOk=no
[21:20:49] Fila 8: dep='Contratistas' puesto='Ayudante general' | depOk=no puestoOk=no
[21:20:49] Fila 9: dep='Relaciones industriales' puesto='Ayudante general' | depOk=no puestoOk=no
[21:20:49] Fila 10: dep='Relaciones industriales' puesto='Guardia' | depOk=no puestoOk=no
[21:20:49] Fila 11: dep='Relaciones industriales' puesto='Ayudante general' | depOk=no puestoOk=no
[21:20:49] Fila 12: dep='Relaciones industriales' puesto='Personal de intentendencia' | depOk=no puestoOk=no
[21:20:49] Fila 13: dep='Servicios Auxiliares' puesto='Mecánico' | depOk=no puestoOk=no
[21:20:49] Fila 14: dep='Servicios Auxiliares' puesto='Mecánico' | depOk=no puestoOk=no
[21:20:49] Fila 15: dep='Servicios Auxiliares' puesto='Mecánico' | depOk=no puestoOk=no
[21:20:49] Fila 16: dep='Servicios Auxiliares' puesto='Mecánico' | depOk=no puestoOk=no
[21:20:49] Fila 17: dep='Servicios Auxiliares' puesto='Empacador' | depOk=no puestoOk=no
[21:20:49] Fila 18: dep='Telas NoTejidas' puesto='Superintendente mecatronico' | depOk=no puestoOk=no
[21:20:49] Fila 19: dep='Telas NoTejidas' puesto='Ing. Proceso' | depOk=no puestoOk=no
[21:20:49] Fila 20: dep='Telas NoTejidas' puesto='Conductor' | depOk=no puestoOk=no
[21:20:49] Fila 21: dep='Telas NoTejidas' puesto='Ayudante De Operador' | depOk=no puestoOk=no
[21:20:49] Fila 22: dep='Telas NoTejidas' puesto='Empacador' | depOk=no puestoOk=no
[21:20:49] Fila 23: dep='Telas NoTejidas' puesto='Líder de Operación' | depOk=no puestoOk=no
[21:20:49] Fila 24: dep='Telas NoTejidas' puesto='Tecnico Electronico' | depOk=no puestoOk=SI
[21:20:49] Fila 25: dep='Telas NoTejidas' puesto='Mecanico D' | depOk=no puestoOk=no
[21:20:49] Fila 26: dep='Telas NoTejidas' puesto='Mecanico B' | depOk=no puestoOk=no
[21:20:49] Fila 27: dep='Telas NoTejidas' puesto='Electrico D' | depOk=no puestoOk=no
[21:20:49] Fila 28: dep='Telas NoTejidas' puesto='Auxiliar Administrativo' | depOk=no puestoOk=no
[21:20:49] Fila 29: dep='Telas NoTejidas' puesto='Maestro en cardas' | depOk=no puestoOk=no
[21:20:49] Fila 30: dep='Almacén Materia Prima' puesto='Montacarguista' | depOk=no puestoOk=no
[21:20:49] Fila 31: dep='Almacén Materia Prima' puesto='Auxiliar Administrativo' | depOk=no puestoOk=no
[21:20:49] Fila 32: dep='Almacén Materia Prima' puesto='Supervisor' | depOk=no puestoOk=no
[21:20:49] Fila 33: dep='Almacén Materia Prima' puesto='Planeador' | depOk=no puestoOk=no
[21:20:49] Fila 34: dep='Almacén Materia Prima' puesto='Superintendente' | depOk=no puestoOk=no
[21:20:49] Fila 35: dep='Pañal' puesto='sellador' | depOk=no puestoOk=no
[21:20:49] Fila 36: dep='Pañal' puesto='Ing. Proceso' | depOk=no puestoOk=no
[21:20:49] Fila 37: dep='Pañal' puesto='Electrico' | depOk=no puestoOk=no
[21:20:49] Fila 38: dep='Pañal' puesto='Jefe de mantenimiento' | depOk=no puestoOk=no
[21:20:49] Fila 39: dep='Pañal' puesto='Planeador' | depOk=no puestoOk=no
[21:20:49] Fila 40: dep='Pañal' puesto='Electronico' | depOk=no puestoOk=SI
[21:20:49] Fila 41: dep='Pañal' puesto='Supervisor' | depOk=no puestoOk=no
[21:20:49] Fila 42: dep='Pañal' puesto='Super intendente' | depOk=no puestoOk=no
[21:20:49] Fila 43: dep='Pañal' puesto='Conductor' | depOk=no puestoOk=no
[21:20:49] Fila 44: dep='Pañal' puesto='Mecanico' | depOk=no puestoOk=no
[21:20:49] Fila 45: dep='Pañal' puesto='Empacador' | depOk=no puestoOk=no
[21:20:49] Fila 46: dep='Pañal' puesto='Gerente' | depOk=no puestoOk=no
[21:20:49] Fila 47: dep='Pañal' puesto='TSP' | depOk=no puestoOk=no
[21:20:49] Fila 48: dep='Pañal' puesto='Ayudannte' | depOk=no puestoOk=no
[21:20:49] Fila 49: dep='Protección femenina' puesto='Eléctrico' | depOk=no puestoOk=no
[21:20:49] Fila 50: dep='Protección femenina' puesto='Electrónico' | depOk=no puestoOk=SI
[21:20:49] Fila 51: dep='Protección femenina' puesto='Mecánico' | depOk=no puestoOk=no
[21:20:49] Fila 52: dep='Protección femenina' puesto='Ayudante' | depOk=no puestoOk=no
[21:20:49] Fila 53: dep='Protección femenina' puesto='Conductor' | depOk=no puestoOk=no
[21:20:49] Fila 54: dep='Protección femenina' puesto='Empacador' | depOk=no puestoOk=no
[21:20:49] Fila 55: dep='Protección femenina' puesto='Sellador de Linea' | depOk=no puestoOk=no
[21:20:49] Fila 56: dep='Protección femenina' puesto='TCP' | depOk=no puestoOk=no
[21:20:49] Fila 57: dep='Incontinencia' puesto='Gerente de Incontinencia' | depOk=SI puestoOk=no
[21:20:49] Fila 58: dep='Incontinencia' puesto='Superintendente  mantenimiento mecánico' | depOk=SI puestoOk=no
[21:20:49] Fila 59: dep='Incontinencia' puesto='Superintendente mantenimiento electrico' | depOk=SI puestoOk=no
[21:20:49] Fila 60: dep='Incontinencia' puesto='Superintendente de proceso' | depOk=SI puestoOk=no
[21:20:49] Fila 61: dep='Incontinencia' puesto='Supervisor produción' | depOk=SI puestoOk=no
[21:20:49] Fila 62: dep='Incontinencia' puesto='Supervisor Mecánico' | depOk=SI puestoOk=no
[21:20:49] Fila 63: dep='Incontinencia' puesto='Ing. de proceso' | depOk=SI puestoOk=no
[21:20:49] Fila 64: dep='Incontinencia' puesto='Planeador' | depOk=SI puestoOk=no
[21:20:49] Fila 65: dep='Incontinencia' puesto='Electronico' | depOk=SI puestoOk=SI
[21:20:49]    >>> MATCH en fila 65
[21:20:49]       + [Cabeza] B)        Casco dieléctrico
[21:20:49]       + [Ojos y cara] C)        Protector facial
[21:20:49]       + [Oídos] A)        Tapones auditivos
[21:20:49]       + [Aparato respiratorio] A)        Respirador contra partículas
[21:20:49]       + [Extremidades superiores] B)        Guantes dieléctricos
[21:20:49]       + [Tronco] F)      Ropa de alta visibilidad
[21:20:49]       + [Extremidades inferiores] C)        Calzado dieléctrico
[21:20:49]       + [Otros] A)        Equipo de protección contra caídas de altura
[21:20:49] Fila 66: dep='Incontinencia' puesto='Conductor de Maquina' | depOk=SI puestoOk=no
[21:20:49] Fila 67: dep='Incontinencia' puesto='Mecánico categorias A,B,C,D' | depOk=SI puestoOk=no
[21:20:49] Fila 68: dep='Incontinencia' puesto='Electrico categorias A,B,C,D' | depOk=SI puestoOk=no
[21:20:49] Fila 69: dep='Incontinencia' puesto='Ayudannte' | depOk=SI puestoOk=no
[21:20:49] Fila 70: dep='Incontinencia' puesto='sellador' | depOk=SI puestoOk=no
[21:20:49] Fila 71: dep='Incontinencia' puesto='Empacador' | depOk=SI puestoOk=no
[21:20:49] Fila 72: dep='Incontinencia' puesto='Mecánico especialista adhesivos' | depOk=SI puestoOk=no
[21:20:49] Fila 73: dep='Incontinencia' puesto='Mecánico con perfil maquinas herramientas' | depOk=SI puestoOk=no
[21:20:49] Fila 74: sin puesto (depActual='Incontinencia') -> SALTA
[21:20:49] Fila 75: sin puesto (depActual='Incontinencia') -> SALTA
[21:20:49] Fila 76: sin puesto (depActual='Incontinencia') -> SALTA
[21:20:49] Fila 77: sin puesto (depActual='Incontinencia') -> SALTA
[21:20:49] Fila 78: sin puesto (depActual='Incontinencia') -> SALTA
[21:20:49] Fila 79: sin puesto (depActual='Incontinencia') -> SALTA
[21:20:49] Fila 80: sin puesto (depActual='Incontinencia') -> SALTA
[21:20:49] Fila 81: sin puesto (depActual='Incontinencia') -> SALTA
[21:20:49] Fila 82: sin puesto (depActual='Incontinencia') -> SALTA
[21:20:49] Fila 83: sin puesto (depActual='Incontinencia') -> SALTA
[21:20:49] Fila 84: sin puesto (depActual='Incontinencia') -> SALTA
[21:20:49] Fila 85: sin puesto (depActual='Incontinencia') -> SALTA
[21:20:49] Fila 86: sin puesto (depActual='Incontinencia') -> SALTA
[21:20:49] Fila 87: sin puesto (depActual='Incontinencia') -> SALTA
[21:20:49] Fila 88: sin puesto (depActual='Incontinencia') -> SALTA
[21:20:49] Fila 89: sin puesto (depActual='Incontinencia') -> SALTA
[21:20:49] Fila 90: sin puesto (depActual='Incontinencia') -> SALTA
[21:20:49] Fila 91: sin puesto (depActual='Incontinencia') -> SALTA
[21:20:49] Fila 92: sin puesto (depActual='Incontinencia') -> SALTA
[21:20:49] Fila 93: sin puesto (depActual='Incontinencia') -> SALTA
[21:20:49] Fila 94: sin puesto (depActual='Incontinencia') -> SALTA
[21:20:49] Fila 95: sin puesto (depActual='Incontinencia') -> SALTA
[21:20:49] Fila 96: sin puesto (depActual='Incontinencia') -> SALTA
[21:20:49] Fila 97: sin puesto (depActual='Incontinencia') -> SALTA
[21:20:49] Fila 98: sin puesto (depActual='Incontinencia') -> SALTA
[21:20:49] Fila 99: sin puesto (depActual='Incontinencia') -> SALTA
[21:20:49] Fila 100: sin puesto (depActual='Incontinencia') -> SALTA
[21:20:49] Fila 101: sin puesto (depActual='Incontinencia') -> SALTA
[21:20:49] Fila 102: sin puesto (depActual='Incontinencia') -> SALTA
[21:20:49] Fila 103: sin puesto (depActual='Incontinencia') -> SALTA
[21:20:49] Fila 104: sin puesto (depActual='Incontinencia') -> SALTA
[21:20:49] Fila 105: sin puesto (depActual='Incontinencia') -> SALTA
[21:20:49] Fila 106: sin puesto (depActual='Incontinencia') -> SALTA
[21:20:49] Fila 107: sin puesto (depActual='Incontinencia') -> SALTA
[21:20:49] Fila 108: sin puesto (depActual='Incontinencia') -> SALTA
[21:20:49] Fila 109: sin puesto (depActual='Incontinencia') -> SALTA
[21:20:49] Fila 110: sin puesto (depActual='Incontinencia') -> SALTA
[21:20:49] Fila 111: sin puesto (depActual='Incontinencia') -> SALTA
[21:20:49] Fila 112: sin puesto (depActual='Incontinencia') -> SALTA
[21:20:49] Fila 113: sin puesto (depActual='Incontinencia') -> SALTA
[21:20:49] Fila 114: sin puesto (depActual='Incontinencia') -> SALTA
[21:20:49] Fila 115: sin puesto (depActual='Incontinencia') -> SALTA
[21:20:49] Fila 116: sin puesto (depActual='Incontinencia') -> SALTA
[21:20:49] Fila 117: sin puesto (depActual='Incontinencia') -> SALTA
[21:20:49] Fila 118: sin puesto (depActual='Incontinencia') -> SALTA
[21:20:49] Fila 119: sin puesto (depActual='Incontinencia') -> SALTA
[21:20:49] Fila 120: sin puesto (depActual='Incontinencia') -> SALTA
[21:20:49] Fila 121: sin puesto (depActual='Incontinencia') -> SALTA
[21:20:49] Fila 122: sin puesto (depActual='Incontinencia') -> SALTA
[21:20:49] Fila 123: sin puesto (depActual='Incontinencia') -> SALTA
[21:20:49] Fila 124: sin puesto (depActual='Incontinencia') -> SALTA
[21:20:49] Fila 125: sin puesto (depActual='Incontinencia') -> SALTA
[21:20:49] Fila 126: sin puesto (depActual='Incontinencia') -> SALTA
[21:20:49] Fila 127: sin puesto (depActual='Incontinencia') -> SALTA
[21:20:49] Fila 128: sin puesto (depActual='Incontinencia') -> SALTA
[21:20:49] Fila 129: sin puesto (depActual='Incontinencia') -> SALTA
[21:20:49] Fila 130: sin puesto (depActual='Incontinencia') -> SALTA
[21:20:49] Fila 131: sin puesto (depActual='Incontinencia') -> SALTA
[21:20:49] Fila 132: sin puesto (depActual='Incontinencia') -> SALTA
[21:20:49] Fila 133: sin puesto (depActual='Incontinencia') -> SALTA
[21:20:49] Fila 134: sin puesto (depActual='Incontinencia') -> SALTA
[21:20:49] Fila 135: sin puesto (depActual='Incontinencia') -> SALTA
[21:20:49] Fila 136: sin puesto (depActual='Incontinencia') -> SALTA
[21:20:49] Fila 137: sin puesto (depActual='Incontinencia') -> SALTA
[21:20:49] Fila 138: sin puesto (depActual='Incontinencia') -> SALTA
[21:20:49] Fila 139: sin puesto (depActual='Incontinencia') -> SALTA
[21:20:49] Fila 140: sin puesto (depActual='Incontinencia') -> SALTA
[21:20:49] Fila 141: sin puesto (depActual='Incontinencia') -> SALTA
[21:20:49] Fila 142: sin puesto (depActual='Incontinencia') -> SALTA
[21:20:49] Total de equipos encontrados: 8
[21:20:49] ========================================================
[21:29:30] ==================== NUEVA PETICION ====================
[21:29:30] Departamento recibido: 'Incontinencia'
[21:29:30] Puesto recibido: 'Técnico electrónico'
[21:29:30] Departamento normalizado: 'incontinencia'
[21:29:30] Puesto normalizado: 'tecnico electronico'
[21:29:30] Ruta Excel: C:\xampp\htdocs\Mes\KCMes\EPP\php/FO-OSHPS012-01_Identificación_y_selección_de_EPP.xlsx
[21:29:30] OK: archivo encontrado
[21:29:30] Hoja [0]: 'EPP'
[21:29:30] Hoja [1]: 'Tabla I.1'
[21:29:30] Hoja [2]: 'X supervisor'
[21:29:30] Hoja [3]: 'Para alta'
[21:29:30] Hoja activa: EPP
[21:29:30] Ultima fila con datos: 142
[21:29:30] Fila 6: dep='Contratistas' puesto='Soldador' | depOk=no puestoOk=no
[21:29:30] Fila 7: dep='Contratistas' puesto='Prevencionista' | depOk=no puestoOk=no
[21:29:30] Fila 8: dep='Contratistas' puesto='Ayudante general' | depOk=no puestoOk=no
[21:29:30] Fila 9: dep='Relaciones industriales' puesto='Ayudante general' | depOk=no puestoOk=no
[21:29:30] Fila 10: dep='Relaciones industriales' puesto='Guardia' | depOk=no puestoOk=no
[21:29:30] Fila 11: dep='Relaciones industriales' puesto='Ayudante general' | depOk=no puestoOk=no
[21:29:30] Fila 12: dep='Relaciones industriales' puesto='Personal de intentendencia' | depOk=no puestoOk=no
[21:29:30] Fila 13: dep='Servicios Auxiliares' puesto='Mecánico' | depOk=no puestoOk=no
[21:29:30] Fila 14: dep='Servicios Auxiliares' puesto='Mecánico' | depOk=no puestoOk=no
[21:29:30] Fila 15: dep='Servicios Auxiliares' puesto='Mecánico' | depOk=no puestoOk=no
[21:29:30] Fila 16: dep='Servicios Auxiliares' puesto='Mecánico' | depOk=no puestoOk=no
[21:29:30] Fila 17: dep='Servicios Auxiliares' puesto='Empacador' | depOk=no puestoOk=no
[21:29:30] Fila 18: dep='Telas NoTejidas' puesto='Superintendente mecatronico' | depOk=no puestoOk=no
[21:29:30] Fila 19: dep='Telas NoTejidas' puesto='Ing. Proceso' | depOk=no puestoOk=no
[21:29:30] Fila 20: dep='Telas NoTejidas' puesto='Conductor' | depOk=no puestoOk=no
[21:29:30] Fila 21: dep='Telas NoTejidas' puesto='Ayudante De Operador' | depOk=no puestoOk=no
[21:29:30] Fila 22: dep='Telas NoTejidas' puesto='Empacador' | depOk=no puestoOk=no
[21:29:30] Fila 23: dep='Telas NoTejidas' puesto='Líder de Operación' | depOk=no puestoOk=no
[21:29:30] Fila 24: dep='Telas NoTejidas' puesto='Tecnico Electronico' | depOk=no puestoOk=SI
[21:29:30] Fila 25: dep='Telas NoTejidas' puesto='Mecanico D' | depOk=no puestoOk=no
[21:29:30] Fila 26: dep='Telas NoTejidas' puesto='Mecanico B' | depOk=no puestoOk=no
[21:29:30] Fila 27: dep='Telas NoTejidas' puesto='Electrico D' | depOk=no puestoOk=no
[21:29:30] Fila 28: dep='Telas NoTejidas' puesto='Auxiliar Administrativo' | depOk=no puestoOk=no
[21:29:30] Fila 29: dep='Telas NoTejidas' puesto='Maestro en cardas' | depOk=no puestoOk=no
[21:29:30] Fila 30: dep='Almacén Materia Prima' puesto='Montacarguista' | depOk=no puestoOk=no
[21:29:30] Fila 31: dep='Almacén Materia Prima' puesto='Auxiliar Administrativo' | depOk=no puestoOk=no
[21:29:30] Fila 32: dep='Almacén Materia Prima' puesto='Supervisor' | depOk=no puestoOk=no
[21:29:30] Fila 33: dep='Almacén Materia Prima' puesto='Planeador' | depOk=no puestoOk=no
[21:29:30] Fila 34: dep='Almacén Materia Prima' puesto='Superintendente' | depOk=no puestoOk=no
[21:29:30] Fila 35: dep='Pañal' puesto='sellador' | depOk=no puestoOk=no
[21:29:30] Fila 36: dep='Pañal' puesto='Ing. Proceso' | depOk=no puestoOk=no
[21:29:30] Fila 37: dep='Pañal' puesto='Electrico' | depOk=no puestoOk=no
[21:29:30] Fila 38: dep='Pañal' puesto='Jefe de mantenimiento' | depOk=no puestoOk=no
[21:29:30] Fila 39: dep='Pañal' puesto='Planeador' | depOk=no puestoOk=no
[21:29:30] Fila 40: dep='Pañal' puesto='Electronico' | depOk=no puestoOk=SI
[21:29:30] Fila 41: dep='Pañal' puesto='Supervisor' | depOk=no puestoOk=no
[21:29:30] Fila 42: dep='Pañal' puesto='Super intendente' | depOk=no puestoOk=no
[21:29:30] Fila 43: dep='Pañal' puesto='Conductor' | depOk=no puestoOk=no
[21:29:30] Fila 44: dep='Pañal' puesto='Mecanico' | depOk=no puestoOk=no
[21:29:30] Fila 45: dep='Pañal' puesto='Empacador' | depOk=no puestoOk=no
[21:29:30] Fila 46: dep='Pañal' puesto='Gerente' | depOk=no puestoOk=no
[21:29:30] Fila 47: dep='Pañal' puesto='TSP' | depOk=no puestoOk=no
[21:29:30] Fila 48: dep='Pañal' puesto='Ayudannte' | depOk=no puestoOk=no
[21:29:30] Fila 49: dep='Protección femenina' puesto='Eléctrico' | depOk=no puestoOk=no
[21:29:30] Fila 50: dep='Protección femenina' puesto='Electrónico' | depOk=no puestoOk=SI
[21:29:30] Fila 51: dep='Protección femenina' puesto='Mecánico' | depOk=no puestoOk=no
[21:29:30] Fila 52: dep='Protección femenina' puesto='Ayudante' | depOk=no puestoOk=no
[21:29:30] Fila 53: dep='Protección femenina' puesto='Conductor' | depOk=no puestoOk=no
[21:29:30] Fila 54: dep='Protección femenina' puesto='Empacador' | depOk=no puestoOk=no
[21:29:30] Fila 55: dep='Protección femenina' puesto='Sellador de Linea' | depOk=no puestoOk=no
[21:29:30] Fila 56: dep='Protección femenina' puesto='TCP' | depOk=no puestoOk=no
[21:29:30] Fila 57: dep='Incontinencia' puesto='Gerente de Incontinencia' | depOk=SI puestoOk=no
[21:29:30] Fila 58: dep='Incontinencia' puesto='Superintendente  mantenimiento mecánico' | depOk=SI puestoOk=no
[21:29:30] Fila 59: dep='Incontinencia' puesto='Superintendente mantenimiento electrico' | depOk=SI puestoOk=no
[21:29:30] Fila 60: dep='Incontinencia' puesto='Superintendente de proceso' | depOk=SI puestoOk=no
[21:29:30] Fila 61: dep='Incontinencia' puesto='Supervisor produción' | depOk=SI puestoOk=no
[21:29:30] Fila 62: dep='Incontinencia' puesto='Supervisor Mecánico' | depOk=SI puestoOk=no
[21:29:30] Fila 63: dep='Incontinencia' puesto='Ing. de proceso' | depOk=SI puestoOk=no
[21:29:30] Fila 64: dep='Incontinencia' puesto='Planeador' | depOk=SI puestoOk=no
[21:29:30] Fila 65: dep='Incontinencia' puesto='Electronico' | depOk=SI puestoOk=SI
[21:29:30]    >>> MATCH en fila 65
[21:29:30]       + [Cabeza] B)        Casco dieléctrico
[21:29:30]       + [Ojos y cara] C)        Protector facial
[21:29:30]       + [Oídos] A)        Tapones auditivos
[21:29:30]       + [Aparato respiratorio] A)        Respirador contra partículas
[21:29:30]       + [Extremidades superiores] B)        Guantes dieléctricos
[21:29:30]       + [Tronco] F)      Ropa de alta visibilidad
[21:29:30]       + [Extremidades inferiores] C)        Calzado dieléctrico
[21:29:30]       + [Otros] A)        Equipo de protección contra caídas de altura
[21:29:30] Fila 66: dep='Incontinencia' puesto='Conductor de Maquina' | depOk=SI puestoOk=no
[21:29:30] Fila 67: dep='Incontinencia' puesto='Mecánico categorias A,B,C,D' | depOk=SI puestoOk=no
[21:29:30] Fila 68: dep='Incontinencia' puesto='Electrico categorias A,B,C,D' | depOk=SI puestoOk=no
[21:29:30] Fila 69: dep='Incontinencia' puesto='Ayudannte' | depOk=SI puestoOk=no
[21:29:30] Fila 70: dep='Incontinencia' puesto='sellador' | depOk=SI puestoOk=no
[21:29:30] Fila 71: dep='Incontinencia' puesto='Empacador' | depOk=SI puestoOk=no
[21:29:30] Fila 72: dep='Incontinencia' puesto='Mecánico especialista adhesivos' | depOk=SI puestoOk=no
[21:29:30] Fila 73: dep='Incontinencia' puesto='Mecánico con perfil maquinas herramientas' | depOk=SI puestoOk=no
[21:29:30] Fila 74: sin puesto (depActual='Incontinencia') -> SALTA
[21:29:30] Fila 75: sin puesto (depActual='Incontinencia') -> SALTA
[21:29:30] Fila 76: sin puesto (depActual='Incontinencia') -> SALTA
[21:29:30] Fila 77: sin puesto (depActual='Incontinencia') -> SALTA
[21:29:30] Fila 78: sin puesto (depActual='Incontinencia') -> SALTA
[21:29:30] Fila 79: sin puesto (depActual='Incontinencia') -> SALTA
[21:29:30] Fila 80: sin puesto (depActual='Incontinencia') -> SALTA
[21:29:30] Fila 81: sin puesto (depActual='Incontinencia') -> SALTA
[21:29:30] Fila 82: sin puesto (depActual='Incontinencia') -> SALTA
[21:29:30] Fila 83: sin puesto (depActual='Incontinencia') -> SALTA
[21:29:30] Fila 84: sin puesto (depActual='Incontinencia') -> SALTA
[21:29:30] Fila 85: sin puesto (depActual='Incontinencia') -> SALTA
[21:29:30] Fila 86: sin puesto (depActual='Incontinencia') -> SALTA
[21:29:30] Fila 87: sin puesto (depActual='Incontinencia') -> SALTA
[21:29:30] Fila 88: sin puesto (depActual='Incontinencia') -> SALTA
[21:29:30] Fila 89: sin puesto (depActual='Incontinencia') -> SALTA
[21:29:30] Fila 90: sin puesto (depActual='Incontinencia') -> SALTA
[21:29:30] Fila 91: sin puesto (depActual='Incontinencia') -> SALTA
[21:29:30] Fila 92: sin puesto (depActual='Incontinencia') -> SALTA
[21:29:30] Fila 93: sin puesto (depActual='Incontinencia') -> SALTA
[21:29:30] Fila 94: sin puesto (depActual='Incontinencia') -> SALTA
[21:29:30] Fila 95: sin puesto (depActual='Incontinencia') -> SALTA
[21:29:30] Fila 96: sin puesto (depActual='Incontinencia') -> SALTA
[21:29:30] Fila 97: sin puesto (depActual='Incontinencia') -> SALTA
[21:29:30] Fila 98: sin puesto (depActual='Incontinencia') -> SALTA
[21:29:30] Fila 99: sin puesto (depActual='Incontinencia') -> SALTA
[21:29:30] Fila 100: sin puesto (depActual='Incontinencia') -> SALTA
[21:29:30] Fila 101: sin puesto (depActual='Incontinencia') -> SALTA
[21:29:30] Fila 102: sin puesto (depActual='Incontinencia') -> SALTA
[21:29:30] Fila 103: sin puesto (depActual='Incontinencia') -> SALTA
[21:29:30] Fila 104: sin puesto (depActual='Incontinencia') -> SALTA
[21:29:30] Fila 105: sin puesto (depActual='Incontinencia') -> SALTA
[21:29:30] Fila 106: sin puesto (depActual='Incontinencia') -> SALTA
[21:29:30] Fila 107: sin puesto (depActual='Incontinencia') -> SALTA
[21:29:30] Fila 108: sin puesto (depActual='Incontinencia') -> SALTA
[21:29:30] Fila 109: sin puesto (depActual='Incontinencia') -> SALTA
[21:29:30] Fila 110: sin puesto (depActual='Incontinencia') -> SALTA
[21:29:30] Fila 111: sin puesto (depActual='Incontinencia') -> SALTA
[21:29:30] Fila 112: sin puesto (depActual='Incontinencia') -> SALTA
[21:29:30] Fila 113: sin puesto (depActual='Incontinencia') -> SALTA
[21:29:30] Fila 114: sin puesto (depActual='Incontinencia') -> SALTA
[21:29:30] Fila 115: sin puesto (depActual='Incontinencia') -> SALTA
[21:29:30] Fila 116: sin puesto (depActual='Incontinencia') -> SALTA
[21:29:30] Fila 117: sin puesto (depActual='Incontinencia') -> SALTA
[21:29:30] Fila 118: sin puesto (depActual='Incontinencia') -> SALTA
[21:29:30] Fila 119: sin puesto (depActual='Incontinencia') -> SALTA
[21:29:30] Fila 120: sin puesto (depActual='Incontinencia') -> SALTA
[21:29:30] Fila 121: sin puesto (depActual='Incontinencia') -> SALTA
[21:29:30] Fila 122: sin puesto (depActual='Incontinencia') -> SALTA
[21:29:30] Fila 123: sin puesto (depActual='Incontinencia') -> SALTA
[21:29:30] Fila 124: sin puesto (depActual='Incontinencia') -> SALTA
[21:29:30] Fila 125: sin puesto (depActual='Incontinencia') -> SALTA
[21:29:30] Fila 126: sin puesto (depActual='Incontinencia') -> SALTA
[21:29:30] Fila 127: sin puesto (depActual='Incontinencia') -> SALTA
[21:29:30] Fila 128: sin puesto (depActual='Incontinencia') -> SALTA
[21:29:30] Fila 129: sin puesto (depActual='Incontinencia') -> SALTA
[21:29:30] Fila 130: sin puesto (depActual='Incontinencia') -> SALTA
[21:29:30] Fila 131: sin puesto (depActual='Incontinencia') -> SALTA
[21:29:30] Fila 132: sin puesto (depActual='Incontinencia') -> SALTA
[21:29:30] Fila 133: sin puesto (depActual='Incontinencia') -> SALTA
[21:29:30] Fila 134: sin puesto (depActual='Incontinencia') -> SALTA
[21:29:30] Fila 135: sin puesto (depActual='Incontinencia') -> SALTA
[21:29:30] Fila 136: sin puesto (depActual='Incontinencia') -> SALTA
[21:29:30] Fila 137: sin puesto (depActual='Incontinencia') -> SALTA
[21:29:30] Fila 138: sin puesto (depActual='Incontinencia') -> SALTA
[21:29:30] Fila 139: sin puesto (depActual='Incontinencia') -> SALTA
[21:29:30] Fila 140: sin puesto (depActual='Incontinencia') -> SALTA
[21:29:30] Fila 141: sin puesto (depActual='Incontinencia') -> SALTA
[21:29:30] Fila 142: sin puesto (depActual='Incontinencia') -> SALTA
[21:29:30] Total de equipos encontrados: 8
[21:29:30] ========================================================
[21:29:46] ==================== NUEVA PETICION ====================
[21:29:46] Departamento recibido: 'Incontinencia'
[21:29:46] Puesto recibido: 'Técnico electrónico'
[21:29:46] Departamento normalizado: 'incontinencia'
[21:29:46] Puesto normalizado: 'tecnico electronico'
[21:29:46] Ruta Excel: C:\xampp\htdocs\Mes\KCMes\EPP\php/FO-OSHPS012-01_Identificación_y_selección_de_EPP.xlsx
[21:29:46] OK: archivo encontrado
[21:29:46] Hoja [0]: 'EPP'
[21:29:46] Hoja [1]: 'Tabla I.1'
[21:29:46] Hoja [2]: 'X supervisor'
[21:29:46] Hoja [3]: 'Para alta'
[21:29:46] Hoja activa: EPP
[21:29:46] Ultima fila con datos: 142
[21:29:46] Fila 6: dep='Contratistas' puesto='Soldador' | depOk=no puestoOk=no
[21:29:46] Fila 7: dep='Contratistas' puesto='Prevencionista' | depOk=no puestoOk=no
[21:29:46] Fila 8: dep='Contratistas' puesto='Ayudante general' | depOk=no puestoOk=no
[21:29:46] Fila 9: dep='Relaciones industriales' puesto='Ayudante general' | depOk=no puestoOk=no
[21:29:46] Fila 10: dep='Relaciones industriales' puesto='Guardia' | depOk=no puestoOk=no
[21:29:46] Fila 11: dep='Relaciones industriales' puesto='Ayudante general' | depOk=no puestoOk=no
[21:29:46] Fila 12: dep='Relaciones industriales' puesto='Personal de intentendencia' | depOk=no puestoOk=no
[21:29:46] Fila 13: dep='Servicios Auxiliares' puesto='Mecánico' | depOk=no puestoOk=no
[21:29:46] Fila 14: dep='Servicios Auxiliares' puesto='Mecánico' | depOk=no puestoOk=no
[21:29:46] Fila 15: dep='Servicios Auxiliares' puesto='Mecánico' | depOk=no puestoOk=no
[21:29:46] Fila 16: dep='Servicios Auxiliares' puesto='Mecánico' | depOk=no puestoOk=no
[21:29:46] Fila 17: dep='Servicios Auxiliares' puesto='Empacador' | depOk=no puestoOk=no
[21:29:46] Fila 18: dep='Telas NoTejidas' puesto='Superintendente mecatronico' | depOk=no puestoOk=no
[21:29:46] Fila 19: dep='Telas NoTejidas' puesto='Ing. Proceso' | depOk=no puestoOk=no
[21:29:46] Fila 20: dep='Telas NoTejidas' puesto='Conductor' | depOk=no puestoOk=no
[21:29:46] Fila 21: dep='Telas NoTejidas' puesto='Ayudante De Operador' | depOk=no puestoOk=no
[21:29:46] Fila 22: dep='Telas NoTejidas' puesto='Empacador' | depOk=no puestoOk=no
[21:29:46] Fila 23: dep='Telas NoTejidas' puesto='Líder de Operación' | depOk=no puestoOk=no
[21:29:46] Fila 24: dep='Telas NoTejidas' puesto='Tecnico Electronico' | depOk=no puestoOk=SI
[21:29:46] Fila 25: dep='Telas NoTejidas' puesto='Mecanico D' | depOk=no puestoOk=no
[21:29:46] Fila 26: dep='Telas NoTejidas' puesto='Mecanico B' | depOk=no puestoOk=no
[21:29:46] Fila 27: dep='Telas NoTejidas' puesto='Electrico D' | depOk=no puestoOk=no
[21:29:46] Fila 28: dep='Telas NoTejidas' puesto='Auxiliar Administrativo' | depOk=no puestoOk=no
[21:29:46] Fila 29: dep='Telas NoTejidas' puesto='Maestro en cardas' | depOk=no puestoOk=no
[21:29:46] Fila 30: dep='Almacén Materia Prima' puesto='Montacarguista' | depOk=no puestoOk=no
[21:29:46] Fila 31: dep='Almacén Materia Prima' puesto='Auxiliar Administrativo' | depOk=no puestoOk=no
[21:29:46] Fila 32: dep='Almacén Materia Prima' puesto='Supervisor' | depOk=no puestoOk=no
[21:29:46] Fila 33: dep='Almacén Materia Prima' puesto='Planeador' | depOk=no puestoOk=no
[21:29:46] Fila 34: dep='Almacén Materia Prima' puesto='Superintendente' | depOk=no puestoOk=no
[21:29:46] Fila 35: dep='Pañal' puesto='sellador' | depOk=no puestoOk=no
[21:29:46] Fila 36: dep='Pañal' puesto='Ing. Proceso' | depOk=no puestoOk=no
[21:29:46] Fila 37: dep='Pañal' puesto='Electrico' | depOk=no puestoOk=no
[21:29:46] Fila 38: dep='Pañal' puesto='Jefe de mantenimiento' | depOk=no puestoOk=no
[21:29:46] Fila 39: dep='Pañal' puesto='Planeador' | depOk=no puestoOk=no
[21:29:46] Fila 40: dep='Pañal' puesto='Electronico' | depOk=no puestoOk=SI
[21:29:46] Fila 41: dep='Pañal' puesto='Supervisor' | depOk=no puestoOk=no
[21:29:46] Fila 42: dep='Pañal' puesto='Super intendente' | depOk=no puestoOk=no
[21:29:46] Fila 43: dep='Pañal' puesto='Conductor' | depOk=no puestoOk=no
[21:29:46] Fila 44: dep='Pañal' puesto='Mecanico' | depOk=no puestoOk=no
[21:29:46] Fila 45: dep='Pañal' puesto='Empacador' | depOk=no puestoOk=no
[21:29:46] Fila 46: dep='Pañal' puesto='Gerente' | depOk=no puestoOk=no
[21:29:46] Fila 47: dep='Pañal' puesto='TSP' | depOk=no puestoOk=no
[21:29:46] Fila 48: dep='Pañal' puesto='Ayudannte' | depOk=no puestoOk=no
[21:29:46] Fila 49: dep='Protección femenina' puesto='Eléctrico' | depOk=no puestoOk=no
[21:29:46] Fila 50: dep='Protección femenina' puesto='Electrónico' | depOk=no puestoOk=SI
[21:29:46] Fila 51: dep='Protección femenina' puesto='Mecánico' | depOk=no puestoOk=no
[21:29:46] Fila 52: dep='Protección femenina' puesto='Ayudante' | depOk=no puestoOk=no
[21:29:46] Fila 53: dep='Protección femenina' puesto='Conductor' | depOk=no puestoOk=no
[21:29:46] Fila 54: dep='Protección femenina' puesto='Empacador' | depOk=no puestoOk=no
[21:29:46] Fila 55: dep='Protección femenina' puesto='Sellador de Linea' | depOk=no puestoOk=no
[21:29:46] Fila 56: dep='Protección femenina' puesto='TCP' | depOk=no puestoOk=no
[21:29:46] Fila 57: dep='Incontinencia' puesto='Gerente de Incontinencia' | depOk=SI puestoOk=no
[21:29:46] Fila 58: dep='Incontinencia' puesto='Superintendente  mantenimiento mecánico' | depOk=SI puestoOk=no
[21:29:46] Fila 59: dep='Incontinencia' puesto='Superintendente mantenimiento electrico' | depOk=SI puestoOk=no
[21:29:46] Fila 60: dep='Incontinencia' puesto='Superintendente de proceso' | depOk=SI puestoOk=no
[21:29:46] Fila 61: dep='Incontinencia' puesto='Supervisor produción' | depOk=SI puestoOk=no
[21:29:46] Fila 62: dep='Incontinencia' puesto='Supervisor Mecánico' | depOk=SI puestoOk=no
[21:29:46] Fila 63: dep='Incontinencia' puesto='Ing. de proceso' | depOk=SI puestoOk=no
[21:29:46] Fila 64: dep='Incontinencia' puesto='Planeador' | depOk=SI puestoOk=no
[21:29:46] Fila 65: dep='Incontinencia' puesto='Electronico' | depOk=SI puestoOk=SI
[21:29:46]    >>> MATCH en fila 65
[21:29:46]       + [Cabeza] B)        Casco dieléctrico
[21:29:46]       + [Ojos y cara] C)        Protector facial
[21:29:46]       + [Oídos] A)        Tapones auditivos
[21:29:46]       + [Aparato respiratorio] A)        Respirador contra partículas
[21:29:46]       + [Extremidades superiores] B)        Guantes dieléctricos
[21:29:46]       + [Tronco] F)      Ropa de alta visibilidad
[21:29:46]       + [Extremidades inferiores] C)        Calzado dieléctrico
[21:29:46]       + [Otros] A)        Equipo de protección contra caídas de altura
[21:29:46] Fila 66: dep='Incontinencia' puesto='Conductor de Maquina' | depOk=SI puestoOk=no
[21:29:46] Fila 67: dep='Incontinencia' puesto='Mecánico categorias A,B,C,D' | depOk=SI puestoOk=no
[21:29:46] Fila 68: dep='Incontinencia' puesto='Electrico categorias A,B,C,D' | depOk=SI puestoOk=no
[21:29:46] Fila 69: dep='Incontinencia' puesto='Ayudannte' | depOk=SI puestoOk=no
[21:29:46] Fila 70: dep='Incontinencia' puesto='sellador' | depOk=SI puestoOk=no
[21:29:46] Fila 71: dep='Incontinencia' puesto='Empacador' | depOk=SI puestoOk=no
[21:29:46] Fila 72: dep='Incontinencia' puesto='Mecánico especialista adhesivos' | depOk=SI puestoOk=no
[21:29:46] Fila 73: dep='Incontinencia' puesto='Mecánico con perfil maquinas herramientas' | depOk=SI puestoOk=no
[21:29:46] Fila 74: sin puesto (depActual='Incontinencia') -> SALTA
[21:29:46] Fila 75: sin puesto (depActual='Incontinencia') -> SALTA
[21:29:46] Fila 76: sin puesto (depActual='Incontinencia') -> SALTA
[21:29:46] Fila 77: sin puesto (depActual='Incontinencia') -> SALTA
[21:29:46] Fila 78: sin puesto (depActual='Incontinencia') -> SALTA
[21:29:46] Fila 79: sin puesto (depActual='Incontinencia') -> SALTA
[21:29:46] Fila 80: sin puesto (depActual='Incontinencia') -> SALTA
[21:29:46] Fila 81: sin puesto (depActual='Incontinencia') -> SALTA
[21:29:46] Fila 82: sin puesto (depActual='Incontinencia') -> SALTA
[21:29:46] Fila 83: sin puesto (depActual='Incontinencia') -> SALTA
[21:29:46] Fila 84: sin puesto (depActual='Incontinencia') -> SALTA
[21:29:46] Fila 85: sin puesto (depActual='Incontinencia') -> SALTA
[21:29:46] Fila 86: sin puesto (depActual='Incontinencia') -> SALTA
[21:29:46] Fila 87: sin puesto (depActual='Incontinencia') -> SALTA
[21:29:46] Fila 88: sin puesto (depActual='Incontinencia') -> SALTA
[21:29:46] Fila 89: sin puesto (depActual='Incontinencia') -> SALTA
[21:29:46] Fila 90: sin puesto (depActual='Incontinencia') -> SALTA
[21:29:46] Fila 91: sin puesto (depActual='Incontinencia') -> SALTA
[21:29:46] Fila 92: sin puesto (depActual='Incontinencia') -> SALTA
[21:29:46] Fila 93: sin puesto (depActual='Incontinencia') -> SALTA
[21:29:46] Fila 94: sin puesto (depActual='Incontinencia') -> SALTA
[21:29:46] Fila 95: sin puesto (depActual='Incontinencia') -> SALTA
[21:29:46] Fila 96: sin puesto (depActual='Incontinencia') -> SALTA
[21:29:46] Fila 97: sin puesto (depActual='Incontinencia') -> SALTA
[21:29:46] Fila 98: sin puesto (depActual='Incontinencia') -> SALTA
[21:29:46] Fila 99: sin puesto (depActual='Incontinencia') -> SALTA
[21:29:46] Fila 100: sin puesto (depActual='Incontinencia') -> SALTA
[21:29:46] Fila 101: sin puesto (depActual='Incontinencia') -> SALTA
[21:29:46] Fila 102: sin puesto (depActual='Incontinencia') -> SALTA
[21:29:46] Fila 103: sin puesto (depActual='Incontinencia') -> SALTA
[21:29:46] Fila 104: sin puesto (depActual='Incontinencia') -> SALTA
[21:29:46] Fila 105: sin puesto (depActual='Incontinencia') -> SALTA
[21:29:46] Fila 106: sin puesto (depActual='Incontinencia') -> SALTA
[21:29:46] Fila 107: sin puesto (depActual='Incontinencia') -> SALTA
[21:29:46] Fila 108: sin puesto (depActual='Incontinencia') -> SALTA
[21:29:46] Fila 109: sin puesto (depActual='Incontinencia') -> SALTA
[21:29:46] Fila 110: sin puesto (depActual='Incontinencia') -> SALTA
[21:29:46] Fila 111: sin puesto (depActual='Incontinencia') -> SALTA
[21:29:46] Fila 112: sin puesto (depActual='Incontinencia') -> SALTA
[21:29:46] Fila 113: sin puesto (depActual='Incontinencia') -> SALTA
[21:29:46] Fila 114: sin puesto (depActual='Incontinencia') -> SALTA
[21:29:46] Fila 115: sin puesto (depActual='Incontinencia') -> SALTA
[21:29:46] Fila 116: sin puesto (depActual='Incontinencia') -> SALTA
[21:29:46] Fila 117: sin puesto (depActual='Incontinencia') -> SALTA
[21:29:46] Fila 118: sin puesto (depActual='Incontinencia') -> SALTA
[21:29:46] Fila 119: sin puesto (depActual='Incontinencia') -> SALTA
[21:29:46] Fila 120: sin puesto (depActual='Incontinencia') -> SALTA
[21:29:46] Fila 121: sin puesto (depActual='Incontinencia') -> SALTA
[21:29:46] Fila 122: sin puesto (depActual='Incontinencia') -> SALTA
[21:29:46] Fila 123: sin puesto (depActual='Incontinencia') -> SALTA
[21:29:46] Fila 124: sin puesto (depActual='Incontinencia') -> SALTA
[21:29:46] Fila 125: sin puesto (depActual='Incontinencia') -> SALTA
[21:29:46] Fila 126: sin puesto (depActual='Incontinencia') -> SALTA
[21:29:46] Fila 127: sin puesto (depActual='Incontinencia') -> SALTA
[21:29:46] Fila 128: sin puesto (depActual='Incontinencia') -> SALTA
[21:29:46] Fila 129: sin puesto (depActual='Incontinencia') -> SALTA
[21:29:46] Fila 130: sin puesto (depActual='Incontinencia') -> SALTA
[21:29:46] Fila 131: sin puesto (depActual='Incontinencia') -> SALTA
[21:29:46] Fila 132: sin puesto (depActual='Incontinencia') -> SALTA
[21:29:46] Fila 133: sin puesto (depActual='Incontinencia') -> SALTA
[21:29:46] Fila 134: sin puesto (depActual='Incontinencia') -> SALTA
[21:29:46] Fila 135: sin puesto (depActual='Incontinencia') -> SALTA
[21:29:46] Fila 136: sin puesto (depActual='Incontinencia') -> SALTA
[21:29:46] Fila 137: sin puesto (depActual='Incontinencia') -> SALTA
[21:29:46] Fila 138: sin puesto (depActual='Incontinencia') -> SALTA
[21:29:46] Fila 139: sin puesto (depActual='Incontinencia') -> SALTA
[21:29:46] Fila 140: sin puesto (depActual='Incontinencia') -> SALTA
[21:29:46] Fila 141: sin puesto (depActual='Incontinencia') -> SALTA
[21:29:46] Fila 142: sin puesto (depActual='Incontinencia') -> SALTA
[21:29:46] Total de equipos encontrados: 8
[21:29:46] ========================================================
[21:30:16] ==================== NUEVA PETICION ====================
[21:30:16] Departamento recibido: 'Incontinencia'
[21:30:16] Puesto recibido: 'Técnico electrónico'
[21:30:16] Departamento normalizado: 'incontinencia'
[21:30:16] Puesto normalizado: 'tecnico electronico'
[21:30:16] Ruta Excel: C:\xampp\htdocs\Mes\KCMes\EPP\php/FO-OSHPS012-01_Identificación_y_selección_de_EPP.xlsx
[21:30:16] OK: archivo encontrado
[21:30:16] Hoja [0]: 'EPP'
[21:30:16] Hoja [1]: 'Tabla I.1'
[21:30:16] Hoja [2]: 'X supervisor'
[21:30:16] Hoja [3]: 'Para alta'
[21:30:16] Hoja activa: EPP
[21:30:16] Ultima fila con datos: 142
[21:30:16] Fila 6: dep='Contratistas' puesto='Soldador' | depOk=no puestoOk=no
[21:30:16] Fila 7: dep='Contratistas' puesto='Prevencionista' | depOk=no puestoOk=no
[21:30:16] Fila 8: dep='Contratistas' puesto='Ayudante general' | depOk=no puestoOk=no
[21:30:16] Fila 9: dep='Relaciones industriales' puesto='Ayudante general' | depOk=no puestoOk=no
[21:30:16] Fila 10: dep='Relaciones industriales' puesto='Guardia' | depOk=no puestoOk=no
[21:30:16] Fila 11: dep='Relaciones industriales' puesto='Ayudante general' | depOk=no puestoOk=no
[21:30:16] Fila 12: dep='Relaciones industriales' puesto='Personal de intentendencia' | depOk=no puestoOk=no
[21:30:16] Fila 13: dep='Servicios Auxiliares' puesto='Mecánico' | depOk=no puestoOk=no
[21:30:16] Fila 14: dep='Servicios Auxiliares' puesto='Mecánico' | depOk=no puestoOk=no
[21:30:16] Fila 15: dep='Servicios Auxiliares' puesto='Mecánico' | depOk=no puestoOk=no
[21:30:16] Fila 16: dep='Servicios Auxiliares' puesto='Mecánico' | depOk=no puestoOk=no
[21:30:16] Fila 17: dep='Servicios Auxiliares' puesto='Empacador' | depOk=no puestoOk=no
[21:30:16] Fila 18: dep='Telas NoTejidas' puesto='Superintendente mecatronico' | depOk=no puestoOk=no
[21:30:16] Fila 19: dep='Telas NoTejidas' puesto='Ing. Proceso' | depOk=no puestoOk=no
[21:30:16] Fila 20: dep='Telas NoTejidas' puesto='Conductor' | depOk=no puestoOk=no
[21:30:16] Fila 21: dep='Telas NoTejidas' puesto='Ayudante De Operador' | depOk=no puestoOk=no
[21:30:16] Fila 22: dep='Telas NoTejidas' puesto='Empacador' | depOk=no puestoOk=no
[21:30:16] Fila 23: dep='Telas NoTejidas' puesto='Líder de Operación' | depOk=no puestoOk=no
[21:30:16] Fila 24: dep='Telas NoTejidas' puesto='Tecnico Electronico' | depOk=no puestoOk=SI
[21:30:16] Fila 25: dep='Telas NoTejidas' puesto='Mecanico D' | depOk=no puestoOk=no
[21:30:16] Fila 26: dep='Telas NoTejidas' puesto='Mecanico B' | depOk=no puestoOk=no
[21:30:16] Fila 27: dep='Telas NoTejidas' puesto='Electrico D' | depOk=no puestoOk=no
[21:30:16] Fila 28: dep='Telas NoTejidas' puesto='Auxiliar Administrativo' | depOk=no puestoOk=no
[21:30:16] Fila 29: dep='Telas NoTejidas' puesto='Maestro en cardas' | depOk=no puestoOk=no
[21:30:16] Fila 30: dep='Almacén Materia Prima' puesto='Montacarguista' | depOk=no puestoOk=no
[21:30:16] Fila 31: dep='Almacén Materia Prima' puesto='Auxiliar Administrativo' | depOk=no puestoOk=no
[21:30:16] Fila 32: dep='Almacén Materia Prima' puesto='Supervisor' | depOk=no puestoOk=no
[21:30:16] Fila 33: dep='Almacén Materia Prima' puesto='Planeador' | depOk=no puestoOk=no
[21:30:16] Fila 34: dep='Almacén Materia Prima' puesto='Superintendente' | depOk=no puestoOk=no
[21:30:16] Fila 35: dep='Pañal' puesto='sellador' | depOk=no puestoOk=no
[21:30:16] Fila 36: dep='Pañal' puesto='Ing. Proceso' | depOk=no puestoOk=no
[21:30:16] Fila 37: dep='Pañal' puesto='Electrico' | depOk=no puestoOk=no
[21:30:16] Fila 38: dep='Pañal' puesto='Jefe de mantenimiento' | depOk=no puestoOk=no
[21:30:16] Fila 39: dep='Pañal' puesto='Planeador' | depOk=no puestoOk=no
[21:30:16] Fila 40: dep='Pañal' puesto='Electronico' | depOk=no puestoOk=SI
[21:30:16] Fila 41: dep='Pañal' puesto='Supervisor' | depOk=no puestoOk=no
[21:30:16] Fila 42: dep='Pañal' puesto='Super intendente' | depOk=no puestoOk=no
[21:30:16] Fila 43: dep='Pañal' puesto='Conductor' | depOk=no puestoOk=no
[21:30:16] Fila 44: dep='Pañal' puesto='Mecanico' | depOk=no puestoOk=no
[21:30:16] Fila 45: dep='Pañal' puesto='Empacador' | depOk=no puestoOk=no
[21:30:16] Fila 46: dep='Pañal' puesto='Gerente' | depOk=no puestoOk=no
[21:30:16] Fila 47: dep='Pañal' puesto='TSP' | depOk=no puestoOk=no
[21:30:16] Fila 48: dep='Pañal' puesto='Ayudannte' | depOk=no puestoOk=no
[21:30:16] Fila 49: dep='Protección femenina' puesto='Eléctrico' | depOk=no puestoOk=no
[21:30:16] Fila 50: dep='Protección femenina' puesto='Electrónico' | depOk=no puestoOk=SI
[21:30:16] Fila 51: dep='Protección femenina' puesto='Mecánico' | depOk=no puestoOk=no
[21:30:16] Fila 52: dep='Protección femenina' puesto='Ayudante' | depOk=no puestoOk=no
[21:30:16] Fila 53: dep='Protección femenina' puesto='Conductor' | depOk=no puestoOk=no
[21:30:16] Fila 54: dep='Protección femenina' puesto='Empacador' | depOk=no puestoOk=no
[21:30:16] Fila 55: dep='Protección femenina' puesto='Sellador de Linea' | depOk=no puestoOk=no
[21:30:16] Fila 56: dep='Protección femenina' puesto='TCP' | depOk=no puestoOk=no
[21:30:16] Fila 57: dep='Incontinencia' puesto='Gerente de Incontinencia' | depOk=SI puestoOk=no
[21:30:16] Fila 58: dep='Incontinencia' puesto='Superintendente  mantenimiento mecánico' | depOk=SI puestoOk=no
[21:30:16] Fila 59: dep='Incontinencia' puesto='Superintendente mantenimiento electrico' | depOk=SI puestoOk=no
[21:30:16] Fila 60: dep='Incontinencia' puesto='Superintendente de proceso' | depOk=SI puestoOk=no
[21:30:16] Fila 61: dep='Incontinencia' puesto='Supervisor produción' | depOk=SI puestoOk=no
[21:30:16] Fila 62: dep='Incontinencia' puesto='Supervisor Mecánico' | depOk=SI puestoOk=no
[21:30:16] Fila 63: dep='Incontinencia' puesto='Ing. de proceso' | depOk=SI puestoOk=no
[21:30:16] Fila 64: dep='Incontinencia' puesto='Planeador' | depOk=SI puestoOk=no
[21:30:16] Fila 65: dep='Incontinencia' puesto='Electronico' | depOk=SI puestoOk=SI
[21:30:16]    >>> MATCH en fila 65
[21:30:16]       + [Cabeza] B)        Casco dieléctrico
[21:30:16]       + [Ojos y cara] C)        Protector facial
[21:30:16]       + [Oídos] A)        Tapones auditivos
[21:30:16]       + [Aparato respiratorio] A)        Respirador contra partículas
[21:30:16]       + [Extremidades superiores] B)        Guantes dieléctricos
[21:30:16]       + [Tronco] F)      Ropa de alta visibilidad
[21:30:16]       + [Extremidades inferiores] C)        Calzado dieléctrico
[21:30:16]       + [Otros] A)        Equipo de protección contra caídas de altura
[21:30:16] Fila 66: dep='Incontinencia' puesto='Conductor de Maquina' | depOk=SI puestoOk=no
[21:30:16] Fila 67: dep='Incontinencia' puesto='Mecánico categorias A,B,C,D' | depOk=SI puestoOk=no
[21:30:16] Fila 68: dep='Incontinencia' puesto='Electrico categorias A,B,C,D' | depOk=SI puestoOk=no
[21:30:16] Fila 69: dep='Incontinencia' puesto='Ayudannte' | depOk=SI puestoOk=no
[21:30:16] Fila 70: dep='Incontinencia' puesto='sellador' | depOk=SI puestoOk=no
[21:30:16] Fila 71: dep='Incontinencia' puesto='Empacador' | depOk=SI puestoOk=no
[21:30:16] Fila 72: dep='Incontinencia' puesto='Mecánico especialista adhesivos' | depOk=SI puestoOk=no
[21:30:16] Fila 73: dep='Incontinencia' puesto='Mecánico con perfil maquinas herramientas' | depOk=SI puestoOk=no
[21:30:16] Fila 74: sin puesto (depActual='Incontinencia') -> SALTA
[21:30:16] Fila 75: sin puesto (depActual='Incontinencia') -> SALTA
[21:30:16] Fila 76: sin puesto (depActual='Incontinencia') -> SALTA
[21:30:16] Fila 77: sin puesto (depActual='Incontinencia') -> SALTA
[21:30:16] Fila 78: sin puesto (depActual='Incontinencia') -> SALTA
[21:30:16] Fila 79: sin puesto (depActual='Incontinencia') -> SALTA
[21:30:16] Fila 80: sin puesto (depActual='Incontinencia') -> SALTA
[21:30:16] Fila 81: sin puesto (depActual='Incontinencia') -> SALTA
[21:30:16] Fila 82: sin puesto (depActual='Incontinencia') -> SALTA
[21:30:16] Fila 83: sin puesto (depActual='Incontinencia') -> SALTA
[21:30:16] Fila 84: sin puesto (depActual='Incontinencia') -> SALTA
[21:30:16] Fila 85: sin puesto (depActual='Incontinencia') -> SALTA
[21:30:16] Fila 86: sin puesto (depActual='Incontinencia') -> SALTA
[21:30:16] Fila 87: sin puesto (depActual='Incontinencia') -> SALTA
[21:30:16] Fila 88: sin puesto (depActual='Incontinencia') -> SALTA
[21:30:16] Fila 89: sin puesto (depActual='Incontinencia') -> SALTA
[21:30:16] Fila 90: sin puesto (depActual='Incontinencia') -> SALTA
[21:30:16] Fila 91: sin puesto (depActual='Incontinencia') -> SALTA
[21:30:16] Fila 92: sin puesto (depActual='Incontinencia') -> SALTA
[21:30:16] Fila 93: sin puesto (depActual='Incontinencia') -> SALTA
[21:30:16] Fila 94: sin puesto (depActual='Incontinencia') -> SALTA
[21:30:16] Fila 95: sin puesto (depActual='Incontinencia') -> SALTA
[21:30:16] Fila 96: sin puesto (depActual='Incontinencia') -> SALTA
[21:30:16] Fila 97: sin puesto (depActual='Incontinencia') -> SALTA
[21:30:16] Fila 98: sin puesto (depActual='Incontinencia') -> SALTA
[21:30:16] Fila 99: sin puesto (depActual='Incontinencia') -> SALTA
[21:30:16] Fila 100: sin puesto (depActual='Incontinencia') -> SALTA
[21:30:16] Fila 101: sin puesto (depActual='Incontinencia') -> SALTA
[21:30:17] Fila 102: sin puesto (depActual='Incontinencia') -> SALTA
[21:30:17] Fila 103: sin puesto (depActual='Incontinencia') -> SALTA
[21:30:17] Fila 104: sin puesto (depActual='Incontinencia') -> SALTA
[21:30:17] Fila 105: sin puesto (depActual='Incontinencia') -> SALTA
[21:30:17] Fila 106: sin puesto (depActual='Incontinencia') -> SALTA
[21:30:17] Fila 107: sin puesto (depActual='Incontinencia') -> SALTA
[21:30:17] Fila 108: sin puesto (depActual='Incontinencia') -> SALTA
[21:30:17] Fila 109: sin puesto (depActual='Incontinencia') -> SALTA
[21:30:17] Fila 110: sin puesto (depActual='Incontinencia') -> SALTA
[21:30:17] Fila 111: sin puesto (depActual='Incontinencia') -> SALTA
[21:30:17] Fila 112: sin puesto (depActual='Incontinencia') -> SALTA
[21:30:17] Fila 113: sin puesto (depActual='Incontinencia') -> SALTA
[21:30:17] Fila 114: sin puesto (depActual='Incontinencia') -> SALTA
[21:30:17] Fila 115: sin puesto (depActual='Incontinencia') -> SALTA
[21:30:17] Fila 116: sin puesto (depActual='Incontinencia') -> SALTA
[21:30:17] Fila 117: sin puesto (depActual='Incontinencia') -> SALTA
[21:30:17] Fila 118: sin puesto (depActual='Incontinencia') -> SALTA
[21:30:17] Fila 119: sin puesto (depActual='Incontinencia') -> SALTA
[21:30:17] Fila 120: sin puesto (depActual='Incontinencia') -> SALTA
[21:30:17] Fila 121: sin puesto (depActual='Incontinencia') -> SALTA
[21:30:17] Fila 122: sin puesto (depActual='Incontinencia') -> SALTA
[21:30:17] Fila 123: sin puesto (depActual='Incontinencia') -> SALTA
[21:30:17] Fila 124: sin puesto (depActual='Incontinencia') -> SALTA
[21:30:17] Fila 125: sin puesto (depActual='Incontinencia') -> SALTA
[21:30:17] Fila 126: sin puesto (depActual='Incontinencia') -> SALTA
[21:30:17] Fila 127: sin puesto (depActual='Incontinencia') -> SALTA
[21:30:17] Fila 128: sin puesto (depActual='Incontinencia') -> SALTA
[21:30:17] Fila 129: sin puesto (depActual='Incontinencia') -> SALTA
[21:30:17] Fila 130: sin puesto (depActual='Incontinencia') -> SALTA
[21:30:17] Fila 131: sin puesto (depActual='Incontinencia') -> SALTA
[21:30:17] Fila 132: sin puesto (depActual='Incontinencia') -> SALTA
[21:30:17] Fila 133: sin puesto (depActual='Incontinencia') -> SALTA
[21:30:17] Fila 134: sin puesto (depActual='Incontinencia') -> SALTA
[21:30:17] Fila 135: sin puesto (depActual='Incontinencia') -> SALTA
[21:30:17] Fila 136: sin puesto (depActual='Incontinencia') -> SALTA
[21:30:17] Fila 137: sin puesto (depActual='Incontinencia') -> SALTA
[21:30:17] Fila 138: sin puesto (depActual='Incontinencia') -> SALTA
[21:30:17] Fila 139: sin puesto (depActual='Incontinencia') -> SALTA
[21:30:17] Fila 140: sin puesto (depActual='Incontinencia') -> SALTA
[21:30:17] Fila 141: sin puesto (depActual='Incontinencia') -> SALTA
[21:30:17] Fila 142: sin puesto (depActual='Incontinencia') -> SALTA
[21:30:17] Total de equipos encontrados: 8
[21:30:17] ========================================================
[21:33:03] ==================== NUEVA PETICION ====================
[21:33:03] Departamento recibido: 'Incontinencia'
[21:33:03] Puesto recibido: 'Técnico electrónico'
[21:33:03] Departamento normalizado: 'incontinencia'
[21:33:03] Puesto normalizado: 'tecnico electronico'
[21:33:03] Ruta Excel: C:\xampp\htdocs\Mes\KCMes\EPP\php/FO-OSHPS012-01_Identificación_y_selección_de_EPP.xlsx
[21:33:03] OK: archivo encontrado
[21:33:03] Hoja [0]: 'EPP'
[21:33:03] Hoja [1]: 'Tabla I.1'
[21:33:03] Hoja [2]: 'X supervisor'
[21:33:03] Hoja [3]: 'Para alta'
[21:33:03] Hoja activa: EPP
[21:33:03] Ultima fila con datos: 142
[21:33:03] Fila 6: dep='Contratistas' puesto='Soldador' | depOk=no puestoOk=no
[21:33:03] Fila 7: dep='Contratistas' puesto='Prevencionista' | depOk=no puestoOk=no
[21:33:03] Fila 8: dep='Contratistas' puesto='Ayudante general' | depOk=no puestoOk=no
[21:33:03] Fila 9: dep='Relaciones industriales' puesto='Ayudante general' | depOk=no puestoOk=no
[21:33:03] Fila 10: dep='Relaciones industriales' puesto='Guardia' | depOk=no puestoOk=no
[21:33:03] Fila 11: dep='Relaciones industriales' puesto='Ayudante general' | depOk=no puestoOk=no
[21:33:03] Fila 12: dep='Relaciones industriales' puesto='Personal de intentendencia' | depOk=no puestoOk=no
[21:33:03] Fila 13: dep='Servicios Auxiliares' puesto='Mecánico' | depOk=no puestoOk=no
[21:33:03] Fila 14: dep='Servicios Auxiliares' puesto='Mecánico' | depOk=no puestoOk=no
[21:33:03] Fila 15: dep='Servicios Auxiliares' puesto='Mecánico' | depOk=no puestoOk=no
[21:33:03] Fila 16: dep='Servicios Auxiliares' puesto='Mecánico' | depOk=no puestoOk=no
[21:33:03] Fila 17: dep='Servicios Auxiliares' puesto='Empacador' | depOk=no puestoOk=no
[21:33:03] Fila 18: dep='Telas NoTejidas' puesto='Superintendente mecatronico' | depOk=no puestoOk=no
[21:33:03] Fila 19: dep='Telas NoTejidas' puesto='Ing. Proceso' | depOk=no puestoOk=no
[21:33:03] Fila 20: dep='Telas NoTejidas' puesto='Conductor' | depOk=no puestoOk=no
[21:33:03] Fila 21: dep='Telas NoTejidas' puesto='Ayudante De Operador' | depOk=no puestoOk=no
[21:33:03] Fila 22: dep='Telas NoTejidas' puesto='Empacador' | depOk=no puestoOk=no
[21:33:03] Fila 23: dep='Telas NoTejidas' puesto='Líder de Operación' | depOk=no puestoOk=no
[21:33:03] Fila 24: dep='Telas NoTejidas' puesto='Tecnico Electronico' | depOk=no puestoOk=SI
[21:33:03] Fila 25: dep='Telas NoTejidas' puesto='Mecanico D' | depOk=no puestoOk=no
[21:33:03] Fila 26: dep='Telas NoTejidas' puesto='Mecanico B' | depOk=no puestoOk=no
[21:33:03] Fila 27: dep='Telas NoTejidas' puesto='Electrico D' | depOk=no puestoOk=no
[21:33:03] Fila 28: dep='Telas NoTejidas' puesto='Auxiliar Administrativo' | depOk=no puestoOk=no
[21:33:03] Fila 29: dep='Telas NoTejidas' puesto='Maestro en cardas' | depOk=no puestoOk=no
[21:33:03] Fila 30: dep='Almacén Materia Prima' puesto='Montacarguista' | depOk=no puestoOk=no
[21:33:03] Fila 31: dep='Almacén Materia Prima' puesto='Auxiliar Administrativo' | depOk=no puestoOk=no
[21:33:03] Fila 32: dep='Almacén Materia Prima' puesto='Supervisor' | depOk=no puestoOk=no
[21:33:03] Fila 33: dep='Almacén Materia Prima' puesto='Planeador' | depOk=no puestoOk=no
[21:33:03] Fila 34: dep='Almacén Materia Prima' puesto='Superintendente' | depOk=no puestoOk=no
[21:33:03] Fila 35: dep='Pañal' puesto='sellador' | depOk=no puestoOk=no
[21:33:03] Fila 36: dep='Pañal' puesto='Ing. Proceso' | depOk=no puestoOk=no
[21:33:03] Fila 37: dep='Pañal' puesto='Electrico' | depOk=no puestoOk=no
[21:33:03] Fila 38: dep='Pañal' puesto='Jefe de mantenimiento' | depOk=no puestoOk=no
[21:33:03] Fila 39: dep='Pañal' puesto='Planeador' | depOk=no puestoOk=no
[21:33:03] Fila 40: dep='Pañal' puesto='Electronico' | depOk=no puestoOk=SI
[21:33:03] Fila 41: dep='Pañal' puesto='Supervisor' | depOk=no puestoOk=no
[21:33:03] Fila 42: dep='Pañal' puesto='Super intendente' | depOk=no puestoOk=no
[21:33:03] Fila 43: dep='Pañal' puesto='Conductor' | depOk=no puestoOk=no
[21:33:03] Fila 44: dep='Pañal' puesto='Mecanico' | depOk=no puestoOk=no
[21:33:03] Fila 45: dep='Pañal' puesto='Empacador' | depOk=no puestoOk=no
[21:33:03] Fila 46: dep='Pañal' puesto='Gerente' | depOk=no puestoOk=no
[21:33:03] Fila 47: dep='Pañal' puesto='TSP' | depOk=no puestoOk=no
[21:33:03] Fila 48: dep='Pañal' puesto='Ayudannte' | depOk=no puestoOk=no
[21:33:03] Fila 49: dep='Protección femenina' puesto='Eléctrico' | depOk=no puestoOk=no
[21:33:03] Fila 50: dep='Protección femenina' puesto='Electrónico' | depOk=no puestoOk=SI
[21:33:03] Fila 51: dep='Protección femenina' puesto='Mecánico' | depOk=no puestoOk=no
[21:33:03] Fila 52: dep='Protección femenina' puesto='Ayudante' | depOk=no puestoOk=no
[21:33:03] Fila 53: dep='Protección femenina' puesto='Conductor' | depOk=no puestoOk=no
[21:33:03] Fila 54: dep='Protección femenina' puesto='Empacador' | depOk=no puestoOk=no
[21:33:03] Fila 55: dep='Protección femenina' puesto='Sellador de Linea' | depOk=no puestoOk=no
[21:33:03] Fila 56: dep='Protección femenina' puesto='TCP' | depOk=no puestoOk=no
[21:33:03] Fila 57: dep='Incontinencia' puesto='Gerente de Incontinencia' | depOk=SI puestoOk=no
[21:33:03] Fila 58: dep='Incontinencia' puesto='Superintendente  mantenimiento mecánico' | depOk=SI puestoOk=no
[21:33:03] Fila 59: dep='Incontinencia' puesto='Superintendente mantenimiento electrico' | depOk=SI puestoOk=no
[21:33:03] Fila 60: dep='Incontinencia' puesto='Superintendente de proceso' | depOk=SI puestoOk=no
[21:33:03] Fila 61: dep='Incontinencia' puesto='Supervisor produción' | depOk=SI puestoOk=no
[21:33:03] Fila 62: dep='Incontinencia' puesto='Supervisor Mecánico' | depOk=SI puestoOk=no
[21:33:03] Fila 63: dep='Incontinencia' puesto='Ing. de proceso' | depOk=SI puestoOk=no
[21:33:03] Fila 64: dep='Incontinencia' puesto='Planeador' | depOk=SI puestoOk=no
[21:33:03] Fila 65: dep='Incontinencia' puesto='Electronico' | depOk=SI puestoOk=SI
[21:33:03]    >>> MATCH en fila 65
[21:33:03]       + [Cabeza] B)        Casco dieléctrico
[21:33:03]       + [Ojos y cara] C)        Protector facial
[21:33:03]       + [Oídos] A)        Tapones auditivos
[21:33:03]       + [Aparato respiratorio] A)        Respirador contra partículas
[21:33:03]       + [Extremidades superiores] B)        Guantes dieléctricos
[21:33:03]       + [Tronco] F)      Ropa de alta visibilidad
[21:33:03]       + [Extremidades inferiores] C)        Calzado dieléctrico
[21:33:03]       + [Otros] A)        Equipo de protección contra caídas de altura
[21:33:03] Fila 66: dep='Incontinencia' puesto='Conductor de Maquina' | depOk=SI puestoOk=no
[21:33:03] Fila 67: dep='Incontinencia' puesto='Mecánico categorias A,B,C,D' | depOk=SI puestoOk=no
[21:33:03] Fila 68: dep='Incontinencia' puesto='Electrico categorias A,B,C,D' | depOk=SI puestoOk=no
[21:33:03] Fila 69: dep='Incontinencia' puesto='Ayudannte' | depOk=SI puestoOk=no
[21:33:03] Fila 70: dep='Incontinencia' puesto='sellador' | depOk=SI puestoOk=no
[21:33:03] Fila 71: dep='Incontinencia' puesto='Empacador' | depOk=SI puestoOk=no
[21:33:03] Fila 72: dep='Incontinencia' puesto='Mecánico especialista adhesivos' | depOk=SI puestoOk=no
[21:33:03] Fila 73: dep='Incontinencia' puesto='Mecánico con perfil maquinas herramientas' | depOk=SI puestoOk=no
[21:33:03] Fila 74: sin puesto (depActual='Incontinencia') -> SALTA
[21:33:03] Fila 75: sin puesto (depActual='Incontinencia') -> SALTA
[21:33:03] Fila 76: sin puesto (depActual='Incontinencia') -> SALTA
[21:33:03] Fila 77: sin puesto (depActual='Incontinencia') -> SALTA
[21:33:03] Fila 78: sin puesto (depActual='Incontinencia') -> SALTA
[21:33:03] Fila 79: sin puesto (depActual='Incontinencia') -> SALTA
[21:33:03] Fila 80: sin puesto (depActual='Incontinencia') -> SALTA
[21:33:03] Fila 81: sin puesto (depActual='Incontinencia') -> SALTA
[21:33:03] Fila 82: sin puesto (depActual='Incontinencia') -> SALTA
[21:33:03] Fila 83: sin puesto (depActual='Incontinencia') -> SALTA
[21:33:03] Fila 84: sin puesto (depActual='Incontinencia') -> SALTA
[21:33:03] Fila 85: sin puesto (depActual='Incontinencia') -> SALTA
[21:33:03] Fila 86: sin puesto (depActual='Incontinencia') -> SALTA
[21:33:03] Fila 87: sin puesto (depActual='Incontinencia') -> SALTA
[21:33:03] Fila 88: sin puesto (depActual='Incontinencia') -> SALTA
[21:33:03] Fila 89: sin puesto (depActual='Incontinencia') -> SALTA
[21:33:03] Fila 90: sin puesto (depActual='Incontinencia') -> SALTA
[21:33:03] Fila 91: sin puesto (depActual='Incontinencia') -> SALTA
[21:33:03] Fila 92: sin puesto (depActual='Incontinencia') -> SALTA
[21:33:03] Fila 93: sin puesto (depActual='Incontinencia') -> SALTA
[21:33:03] Fila 94: sin puesto (depActual='Incontinencia') -> SALTA
[21:33:03] Fila 95: sin puesto (depActual='Incontinencia') -> SALTA
[21:33:03] Fila 96: sin puesto (depActual='Incontinencia') -> SALTA
[21:33:03] Fila 97: sin puesto (depActual='Incontinencia') -> SALTA
[21:33:03] Fila 98: sin puesto (depActual='Incontinencia') -> SALTA
[21:33:03] Fila 99: sin puesto (depActual='Incontinencia') -> SALTA
[21:33:03] Fila 100: sin puesto (depActual='Incontinencia') -> SALTA
[21:33:03] Fila 101: sin puesto (depActual='Incontinencia') -> SALTA
[21:33:03] Fila 102: sin puesto (depActual='Incontinencia') -> SALTA
[21:33:03] Fila 103: sin puesto (depActual='Incontinencia') -> SALTA
[21:33:03] Fila 104: sin puesto (depActual='Incontinencia') -> SALTA
[21:33:03] Fila 105: sin puesto (depActual='Incontinencia') -> SALTA
[21:33:03] Fila 106: sin puesto (depActual='Incontinencia') -> SALTA
[21:33:03] Fila 107: sin puesto (depActual='Incontinencia') -> SALTA
[21:33:03] Fila 108: sin puesto (depActual='Incontinencia') -> SALTA
[21:33:03] Fila 109: sin puesto (depActual='Incontinencia') -> SALTA
[21:33:03] Fila 110: sin puesto (depActual='Incontinencia') -> SALTA
[21:33:03] Fila 111: sin puesto (depActual='Incontinencia') -> SALTA
[21:33:03] Fila 112: sin puesto (depActual='Incontinencia') -> SALTA
[21:33:03] Fila 113: sin puesto (depActual='Incontinencia') -> SALTA
[21:33:03] Fila 114: sin puesto (depActual='Incontinencia') -> SALTA
[21:33:03] Fila 115: sin puesto (depActual='Incontinencia') -> SALTA
[21:33:03] Fila 116: sin puesto (depActual='Incontinencia') -> SALTA
[21:33:03] Fila 117: sin puesto (depActual='Incontinencia') -> SALTA
[21:33:03] Fila 118: sin puesto (depActual='Incontinencia') -> SALTA
[21:33:03] Fila 119: sin puesto (depActual='Incontinencia') -> SALTA
[21:33:03] Fila 120: sin puesto (depActual='Incontinencia') -> SALTA
[21:33:03] Fila 121: sin puesto (depActual='Incontinencia') -> SALTA
[21:33:03] Fila 122: sin puesto (depActual='Incontinencia') -> SALTA
[21:33:03] Fila 123: sin puesto (depActual='Incontinencia') -> SALTA
[21:33:03] Fila 124: sin puesto (depActual='Incontinencia') -> SALTA
[21:33:03] Fila 125: sin puesto (depActual='Incontinencia') -> SALTA
[21:33:03] Fila 126: sin puesto (depActual='Incontinencia') -> SALTA
[21:33:03] Fila 127: sin puesto (depActual='Incontinencia') -> SALTA
[21:33:03] Fila 128: sin puesto (depActual='Incontinencia') -> SALTA
[21:33:03] Fila 129: sin puesto (depActual='Incontinencia') -> SALTA
[21:33:03] Fila 130: sin puesto (depActual='Incontinencia') -> SALTA
[21:33:03] Fila 131: sin puesto (depActual='Incontinencia') -> SALTA
[21:33:03] Fila 132: sin puesto (depActual='Incontinencia') -> SALTA
[21:33:03] Fila 133: sin puesto (depActual='Incontinencia') -> SALTA
[21:33:03] Fila 134: sin puesto (depActual='Incontinencia') -> SALTA
[21:33:03] Fila 135: sin puesto (depActual='Incontinencia') -> SALTA
[21:33:03] Fila 136: sin puesto (depActual='Incontinencia') -> SALTA
[21:33:03] Fila 137: sin puesto (depActual='Incontinencia') -> SALTA
[21:33:03] Fila 138: sin puesto (depActual='Incontinencia') -> SALTA
[21:33:03] Fila 139: sin puesto (depActual='Incontinencia') -> SALTA
[21:33:03] Fila 140: sin puesto (depActual='Incontinencia') -> SALTA
[21:33:03] Fila 141: sin puesto (depActual='Incontinencia') -> SALTA
[21:33:03] Fila 142: sin puesto (depActual='Incontinencia') -> SALTA
[21:33:03] Total de equipos encontrados: 8
[21:33:03] ========================================================
[21:33:31] ==================== NUEVA PETICION ====================
[21:33:31] Departamento recibido: 'Incontinencia'
[21:33:31] Puesto recibido: 'Técnico electrónico'
[21:33:31] Departamento normalizado: 'incontinencia'
[21:33:31] Puesto normalizado: 'tecnico electronico'
[21:33:31] Ruta Excel: C:\xampp\htdocs\Mes\KCMes\EPP\php/FO-OSHPS012-01_Identificación_y_selección_de_EPP.xlsx
[21:33:31] OK: archivo encontrado
[21:33:31] Hoja [0]: 'EPP'
[21:33:31] Hoja [1]: 'Tabla I.1'
[21:33:31] Hoja [2]: 'X supervisor'
[21:33:31] Hoja [3]: 'Para alta'
[21:33:31] Hoja activa: EPP
[21:33:31] Ultima fila con datos: 142
[21:33:31] Fila 6: dep='Contratistas' puesto='Soldador' | depOk=no puestoOk=no
[21:33:31] Fila 7: dep='Contratistas' puesto='Prevencionista' | depOk=no puestoOk=no
[21:33:31] Fila 8: dep='Contratistas' puesto='Ayudante general' | depOk=no puestoOk=no
[21:33:31] Fila 9: dep='Relaciones industriales' puesto='Ayudante general' | depOk=no puestoOk=no
[21:33:31] Fila 10: dep='Relaciones industriales' puesto='Guardia' | depOk=no puestoOk=no
[21:33:31] Fila 11: dep='Relaciones industriales' puesto='Ayudante general' | depOk=no puestoOk=no
[21:33:31] Fila 12: dep='Relaciones industriales' puesto='Personal de intentendencia' | depOk=no puestoOk=no
[21:33:31] Fila 13: dep='Servicios Auxiliares' puesto='Mecánico' | depOk=no puestoOk=no
[21:33:31] Fila 14: dep='Servicios Auxiliares' puesto='Mecánico' | depOk=no puestoOk=no
[21:33:31] Fila 15: dep='Servicios Auxiliares' puesto='Mecánico' | depOk=no puestoOk=no
[21:33:31] Fila 16: dep='Servicios Auxiliares' puesto='Mecánico' | depOk=no puestoOk=no
[21:33:31] Fila 17: dep='Servicios Auxiliares' puesto='Empacador' | depOk=no puestoOk=no
[21:33:31] Fila 18: dep='Telas NoTejidas' puesto='Superintendente mecatronico' | depOk=no puestoOk=no
[21:33:31] Fila 19: dep='Telas NoTejidas' puesto='Ing. Proceso' | depOk=no puestoOk=no
[21:33:31] Fila 20: dep='Telas NoTejidas' puesto='Conductor' | depOk=no puestoOk=no
[21:33:31] Fila 21: dep='Telas NoTejidas' puesto='Ayudante De Operador' | depOk=no puestoOk=no
[21:33:31] Fila 22: dep='Telas NoTejidas' puesto='Empacador' | depOk=no puestoOk=no
[21:33:31] Fila 23: dep='Telas NoTejidas' puesto='Líder de Operación' | depOk=no puestoOk=no
[21:33:31] Fila 24: dep='Telas NoTejidas' puesto='Tecnico Electronico' | depOk=no puestoOk=SI
[21:33:31] Fila 25: dep='Telas NoTejidas' puesto='Mecanico D' | depOk=no puestoOk=no
[21:33:31] Fila 26: dep='Telas NoTejidas' puesto='Mecanico B' | depOk=no puestoOk=no
[21:33:31] Fila 27: dep='Telas NoTejidas' puesto='Electrico D' | depOk=no puestoOk=no
[21:33:31] Fila 28: dep='Telas NoTejidas' puesto='Auxiliar Administrativo' | depOk=no puestoOk=no
[21:33:31] Fila 29: dep='Telas NoTejidas' puesto='Maestro en cardas' | depOk=no puestoOk=no
[21:33:31] Fila 30: dep='Almacén Materia Prima' puesto='Montacarguista' | depOk=no puestoOk=no
[21:33:31] Fila 31: dep='Almacén Materia Prima' puesto='Auxiliar Administrativo' | depOk=no puestoOk=no
[21:33:31] Fila 32: dep='Almacén Materia Prima' puesto='Supervisor' | depOk=no puestoOk=no
[21:33:31] Fila 33: dep='Almacén Materia Prima' puesto='Planeador' | depOk=no puestoOk=no
[21:33:31] Fila 34: dep='Almacén Materia Prima' puesto='Superintendente' | depOk=no puestoOk=no
[21:33:31] Fila 35: dep='Pañal' puesto='sellador' | depOk=no puestoOk=no
[21:33:31] Fila 36: dep='Pañal' puesto='Ing. Proceso' | depOk=no puestoOk=no
[21:33:31] Fila 37: dep='Pañal' puesto='Electrico' | depOk=no puestoOk=no
[21:33:31] Fila 38: dep='Pañal' puesto='Jefe de mantenimiento' | depOk=no puestoOk=no
[21:33:31] Fila 39: dep='Pañal' puesto='Planeador' | depOk=no puestoOk=no
[21:33:31] Fila 40: dep='Pañal' puesto='Electronico' | depOk=no puestoOk=SI
[21:33:31] Fila 41: dep='Pañal' puesto='Supervisor' | depOk=no puestoOk=no
[21:33:31] Fila 42: dep='Pañal' puesto='Super intendente' | depOk=no puestoOk=no
[21:33:31] Fila 43: dep='Pañal' puesto='Conductor' | depOk=no puestoOk=no
[21:33:31] Fila 44: dep='Pañal' puesto='Mecanico' | depOk=no puestoOk=no
[21:33:31] Fila 45: dep='Pañal' puesto='Empacador' | depOk=no puestoOk=no
[21:33:31] Fila 46: dep='Pañal' puesto='Gerente' | depOk=no puestoOk=no
[21:33:31] Fila 47: dep='Pañal' puesto='TSP' | depOk=no puestoOk=no
[21:33:31] Fila 48: dep='Pañal' puesto='Ayudannte' | depOk=no puestoOk=no
[21:33:31] Fila 49: dep='Protección femenina' puesto='Eléctrico' | depOk=no puestoOk=no
[21:33:31] Fila 50: dep='Protección femenina' puesto='Electrónico' | depOk=no puestoOk=SI
[21:33:31] Fila 51: dep='Protección femenina' puesto='Mecánico' | depOk=no puestoOk=no
[21:33:31] Fila 52: dep='Protección femenina' puesto='Ayudante' | depOk=no puestoOk=no
[21:33:31] Fila 53: dep='Protección femenina' puesto='Conductor' | depOk=no puestoOk=no
[21:33:31] Fila 54: dep='Protección femenina' puesto='Empacador' | depOk=no puestoOk=no
[21:33:31] Fila 55: dep='Protección femenina' puesto='Sellador de Linea' | depOk=no puestoOk=no
[21:33:31] Fila 56: dep='Protección femenina' puesto='TCP' | depOk=no puestoOk=no
[21:33:31] Fila 57: dep='Incontinencia' puesto='Gerente de Incontinencia' | depOk=SI puestoOk=no
[21:33:31] Fila 58: dep='Incontinencia' puesto='Superintendente  mantenimiento mecánico' | depOk=SI puestoOk=no
[21:33:31] Fila 59: dep='Incontinencia' puesto='Superintendente mantenimiento electrico' | depOk=SI puestoOk=no
[21:33:31] Fila 60: dep='Incontinencia' puesto='Superintendente de proceso' | depOk=SI puestoOk=no
[21:33:31] Fila 61: dep='Incontinencia' puesto='Supervisor produción' | depOk=SI puestoOk=no
[21:33:31] Fila 62: dep='Incontinencia' puesto='Supervisor Mecánico' | depOk=SI puestoOk=no
[21:33:31] Fila 63: dep='Incontinencia' puesto='Ing. de proceso' | depOk=SI puestoOk=no
[21:33:31] Fila 64: dep='Incontinencia' puesto='Planeador' | depOk=SI puestoOk=no
[21:33:31] Fila 65: dep='Incontinencia' puesto='Electronico' | depOk=SI puestoOk=SI
[21:33:31]    >>> MATCH en fila 65
[21:33:31]       + [Cabeza] B)        Casco dieléctrico
[21:33:31]       + [Ojos y cara] C)        Protector facial
[21:33:31]       + [Oídos] A)        Tapones auditivos
[21:33:31]       + [Aparato respiratorio] A)        Respirador contra partículas
[21:33:31]       + [Extremidades superiores] B)        Guantes dieléctricos
[21:33:31]       + [Tronco] F)      Ropa de alta visibilidad
[21:33:31]       + [Extremidades inferiores] C)        Calzado dieléctrico
[21:33:31]       + [Otros] A)        Equipo de protección contra caídas de altura
[21:33:31] Fila 66: dep='Incontinencia' puesto='Conductor de Maquina' | depOk=SI puestoOk=no
[21:33:31] Fila 67: dep='Incontinencia' puesto='Mecánico categorias A,B,C,D' | depOk=SI puestoOk=no
[21:33:31] Fila 68: dep='Incontinencia' puesto='Electrico categorias A,B,C,D' | depOk=SI puestoOk=no
[21:33:31] Fila 69: dep='Incontinencia' puesto='Ayudannte' | depOk=SI puestoOk=no
[21:33:31] Fila 70: dep='Incontinencia' puesto='sellador' | depOk=SI puestoOk=no
[21:33:31] Fila 71: dep='Incontinencia' puesto='Empacador' | depOk=SI puestoOk=no
[21:33:31] Fila 72: dep='Incontinencia' puesto='Mecánico especialista adhesivos' | depOk=SI puestoOk=no
[21:33:31] Fila 73: dep='Incontinencia' puesto='Mecánico con perfil maquinas herramientas' | depOk=SI puestoOk=no
[21:33:31] Fila 74: sin puesto (depActual='Incontinencia') -> SALTA
[21:33:31] Fila 75: sin puesto (depActual='Incontinencia') -> SALTA
[21:33:31] Fila 76: sin puesto (depActual='Incontinencia') -> SALTA
[21:33:31] Fila 77: sin puesto (depActual='Incontinencia') -> SALTA
[21:33:31] Fila 78: sin puesto (depActual='Incontinencia') -> SALTA
[21:33:31] Fila 79: sin puesto (depActual='Incontinencia') -> SALTA
[21:33:31] Fila 80: sin puesto (depActual='Incontinencia') -> SALTA
[21:33:31] Fila 81: sin puesto (depActual='Incontinencia') -> SALTA
[21:33:31] Fila 82: sin puesto (depActual='Incontinencia') -> SALTA
[21:33:31] Fila 83: sin puesto (depActual='Incontinencia') -> SALTA
[21:33:31] Fila 84: sin puesto (depActual='Incontinencia') -> SALTA
[21:33:31] Fila 85: sin puesto (depActual='Incontinencia') -> SALTA
[21:33:31] Fila 86: sin puesto (depActual='Incontinencia') -> SALTA
[21:33:31] Fila 87: sin puesto (depActual='Incontinencia') -> SALTA
[21:33:31] Fila 88: sin puesto (depActual='Incontinencia') -> SALTA
[21:33:31] Fila 89: sin puesto (depActual='Incontinencia') -> SALTA
[21:33:31] Fila 90: sin puesto (depActual='Incontinencia') -> SALTA
[21:33:31] Fila 91: sin puesto (depActual='Incontinencia') -> SALTA
[21:33:31] Fila 92: sin puesto (depActual='Incontinencia') -> SALTA
[21:33:31] Fila 93: sin puesto (depActual='Incontinencia') -> SALTA
[21:33:31] Fila 94: sin puesto (depActual='Incontinencia') -> SALTA
[21:33:31] Fila 95: sin puesto (depActual='Incontinencia') -> SALTA
[21:33:31] Fila 96: sin puesto (depActual='Incontinencia') -> SALTA
[21:33:31] Fila 97: sin puesto (depActual='Incontinencia') -> SALTA
[21:33:31] Fila 98: sin puesto (depActual='Incontinencia') -> SALTA
[21:33:31] Fila 99: sin puesto (depActual='Incontinencia') -> SALTA
[21:33:31] Fila 100: sin puesto (depActual='Incontinencia') -> SALTA
[21:33:31] Fila 101: sin puesto (depActual='Incontinencia') -> SALTA
[21:33:31] Fila 102: sin puesto (depActual='Incontinencia') -> SALTA
[21:33:31] Fila 103: sin puesto (depActual='Incontinencia') -> SALTA
[21:33:31] Fila 104: sin puesto (depActual='Incontinencia') -> SALTA
[21:33:31] Fila 105: sin puesto (depActual='Incontinencia') -> SALTA
[21:33:31] Fila 106: sin puesto (depActual='Incontinencia') -> SALTA
[21:33:31] Fila 107: sin puesto (depActual='Incontinencia') -> SALTA
[21:33:31] Fila 108: sin puesto (depActual='Incontinencia') -> SALTA
[21:33:31] Fila 109: sin puesto (depActual='Incontinencia') -> SALTA
[21:33:31] Fila 110: sin puesto (depActual='Incontinencia') -> SALTA
[21:33:31] Fila 111: sin puesto (depActual='Incontinencia') -> SALTA
[21:33:31] Fila 112: sin puesto (depActual='Incontinencia') -> SALTA
[21:33:31] Fila 113: sin puesto (depActual='Incontinencia') -> SALTA
[21:33:31] Fila 114: sin puesto (depActual='Incontinencia') -> SALTA
[21:33:31] Fila 115: sin puesto (depActual='Incontinencia') -> SALTA
[21:33:31] Fila 116: sin puesto (depActual='Incontinencia') -> SALTA
[21:33:31] Fila 117: sin puesto (depActual='Incontinencia') -> SALTA
[21:33:31] Fila 118: sin puesto (depActual='Incontinencia') -> SALTA
[21:33:31] Fila 119: sin puesto (depActual='Incontinencia') -> SALTA
[21:33:31] Fila 120: sin puesto (depActual='Incontinencia') -> SALTA
[21:33:31] Fila 121: sin puesto (depActual='Incontinencia') -> SALTA
[21:33:31] Fila 122: sin puesto (depActual='Incontinencia') -> SALTA
[21:33:31] Fila 123: sin puesto (depActual='Incontinencia') -> SALTA
[21:33:31] Fila 124: sin puesto (depActual='Incontinencia') -> SALTA
[21:33:31] Fila 125: sin puesto (depActual='Incontinencia') -> SALTA
[21:33:31] Fila 126: sin puesto (depActual='Incontinencia') -> SALTA
[21:33:31] Fila 127: sin puesto (depActual='Incontinencia') -> SALTA
[21:33:31] Fila 128: sin puesto (depActual='Incontinencia') -> SALTA
[21:33:31] Fila 129: sin puesto (depActual='Incontinencia') -> SALTA
[21:33:31] Fila 130: sin puesto (depActual='Incontinencia') -> SALTA
[21:33:31] Fila 131: sin puesto (depActual='Incontinencia') -> SALTA
[21:33:31] Fila 132: sin puesto (depActual='Incontinencia') -> SALTA
[21:33:31] Fila 133: sin puesto (depActual='Incontinencia') -> SALTA
[21:33:31] Fila 134: sin puesto (depActual='Incontinencia') -> SALTA
[21:33:31] Fila 135: sin puesto (depActual='Incontinencia') -> SALTA
[21:33:31] Fila 136: sin puesto (depActual='Incontinencia') -> SALTA
[21:33:31] Fila 137: sin puesto (depActual='Incontinencia') -> SALTA
[21:33:31] Fila 138: sin puesto (depActual='Incontinencia') -> SALTA
[21:33:31] Fila 139: sin puesto (depActual='Incontinencia') -> SALTA
[21:33:31] Fila 140: sin puesto (depActual='Incontinencia') -> SALTA
[21:33:31] Fila 141: sin puesto (depActual='Incontinencia') -> SALTA
[21:33:31] Fila 142: sin puesto (depActual='Incontinencia') -> SALTA
[21:33:31] Total de equipos encontrados: 8
[21:33:31] ========================================================
[21:35:10] ==================== NUEVA PETICION ====================
[21:35:10] Departamento recibido: 'Incontinencia'
[21:35:10] Puesto recibido: 'Técnico electrónico'
[21:35:10] Departamento normalizado: 'incontinencia'
[21:35:10] Puesto normalizado: 'tecnico electronico'
[21:35:10] Ruta Excel: C:\xampp\htdocs\Mes\KCMes\EPP\php/FO-OSHPS012-01_Identificación_y_selección_de_EPP.xlsx
[21:35:10] OK: archivo encontrado
[21:35:10] Hoja [0]: 'EPP'
[21:35:10] Hoja [1]: 'Tabla I.1'
[21:35:10] Hoja [2]: 'X supervisor'
[21:35:10] Hoja [3]: 'Para alta'
[21:35:10] Hoja activa: EPP
[21:35:10] Ultima fila con datos: 142
[21:35:10] Fila 6: dep='Contratistas' puesto='Soldador' | depOk=no puestoOk=no
[21:35:10] Fila 7: dep='Contratistas' puesto='Prevencionista' | depOk=no puestoOk=no
[21:35:10] Fila 8: dep='Contratistas' puesto='Ayudante general' | depOk=no puestoOk=no
[21:35:10] Fila 9: dep='Relaciones industriales' puesto='Ayudante general' | depOk=no puestoOk=no
[21:35:10] Fila 10: dep='Relaciones industriales' puesto='Guardia' | depOk=no puestoOk=no
[21:35:10] Fila 11: dep='Relaciones industriales' puesto='Ayudante general' | depOk=no puestoOk=no
[21:35:10] Fila 12: dep='Relaciones industriales' puesto='Personal de intentendencia' | depOk=no puestoOk=no
[21:35:10] Fila 13: dep='Servicios Auxiliares' puesto='Mecánico' | depOk=no puestoOk=no
[21:35:10] Fila 14: dep='Servicios Auxiliares' puesto='Mecánico' | depOk=no puestoOk=no
[21:35:10] Fila 15: dep='Servicios Auxiliares' puesto='Mecánico' | depOk=no puestoOk=no
[21:35:10] Fila 16: dep='Servicios Auxiliares' puesto='Mecánico' | depOk=no puestoOk=no
[21:35:10] Fila 17: dep='Servicios Auxiliares' puesto='Empacador' | depOk=no puestoOk=no
[21:35:10] Fila 18: dep='Telas NoTejidas' puesto='Superintendente mecatronico' | depOk=no puestoOk=no
[21:35:10] Fila 19: dep='Telas NoTejidas' puesto='Ing. Proceso' | depOk=no puestoOk=no
[21:35:10] Fila 20: dep='Telas NoTejidas' puesto='Conductor' | depOk=no puestoOk=no
[21:35:10] Fila 21: dep='Telas NoTejidas' puesto='Ayudante De Operador' | depOk=no puestoOk=no
[21:35:10] Fila 22: dep='Telas NoTejidas' puesto='Empacador' | depOk=no puestoOk=no
[21:35:10] Fila 23: dep='Telas NoTejidas' puesto='Líder de Operación' | depOk=no puestoOk=no
[21:35:10] Fila 24: dep='Telas NoTejidas' puesto='Tecnico Electronico' | depOk=no puestoOk=SI
[21:35:10] Fila 25: dep='Telas NoTejidas' puesto='Mecanico D' | depOk=no puestoOk=no
[21:35:10] Fila 26: dep='Telas NoTejidas' puesto='Mecanico B' | depOk=no puestoOk=no
[21:35:10] Fila 27: dep='Telas NoTejidas' puesto='Electrico D' | depOk=no puestoOk=no
[21:35:10] Fila 28: dep='Telas NoTejidas' puesto='Auxiliar Administrativo' | depOk=no puestoOk=no
[21:35:10] Fila 29: dep='Telas NoTejidas' puesto='Maestro en cardas' | depOk=no puestoOk=no
[21:35:10] Fila 30: dep='Almacén Materia Prima' puesto='Montacarguista' | depOk=no puestoOk=no
[21:35:10] Fila 31: dep='Almacén Materia Prima' puesto='Auxiliar Administrativo' | depOk=no puestoOk=no
[21:35:10] Fila 32: dep='Almacén Materia Prima' puesto='Supervisor' | depOk=no puestoOk=no
[21:35:10] Fila 33: dep='Almacén Materia Prima' puesto='Planeador' | depOk=no puestoOk=no
[21:35:10] Fila 34: dep='Almacén Materia Prima' puesto='Superintendente' | depOk=no puestoOk=no
[21:35:10] Fila 35: dep='Pañal' puesto='sellador' | depOk=no puestoOk=no
[21:35:10] Fila 36: dep='Pañal' puesto='Ing. Proceso' | depOk=no puestoOk=no
[21:35:10] Fila 37: dep='Pañal' puesto='Electrico' | depOk=no puestoOk=no
[21:35:10] Fila 38: dep='Pañal' puesto='Jefe de mantenimiento' | depOk=no puestoOk=no
[21:35:10] Fila 39: dep='Pañal' puesto='Planeador' | depOk=no puestoOk=no
[21:35:10] Fila 40: dep='Pañal' puesto='Electronico' | depOk=no puestoOk=SI
[21:35:10] Fila 41: dep='Pañal' puesto='Supervisor' | depOk=no puestoOk=no
[21:35:10] Fila 42: dep='Pañal' puesto='Super intendente' | depOk=no puestoOk=no
[21:35:10] Fila 43: dep='Pañal' puesto='Conductor' | depOk=no puestoOk=no
[21:35:10] Fila 44: dep='Pañal' puesto='Mecanico' | depOk=no puestoOk=no
[21:35:10] Fila 45: dep='Pañal' puesto='Empacador' | depOk=no puestoOk=no
[21:35:10] Fila 46: dep='Pañal' puesto='Gerente' | depOk=no puestoOk=no
[21:35:10] Fila 47: dep='Pañal' puesto='TSP' | depOk=no puestoOk=no
[21:35:10] Fila 48: dep='Pañal' puesto='Ayudannte' | depOk=no puestoOk=no
[21:35:10] Fila 49: dep='Protección femenina' puesto='Eléctrico' | depOk=no puestoOk=no
[21:35:10] Fila 50: dep='Protección femenina' puesto='Electrónico' | depOk=no puestoOk=SI
[21:35:10] Fila 51: dep='Protección femenina' puesto='Mecánico' | depOk=no puestoOk=no
[21:35:10] Fila 52: dep='Protección femenina' puesto='Ayudante' | depOk=no puestoOk=no
[21:35:10] Fila 53: dep='Protección femenina' puesto='Conductor' | depOk=no puestoOk=no
[21:35:10] Fila 54: dep='Protección femenina' puesto='Empacador' | depOk=no puestoOk=no
[21:35:10] Fila 55: dep='Protección femenina' puesto='Sellador de Linea' | depOk=no puestoOk=no
[21:35:10] Fila 56: dep='Protección femenina' puesto='TCP' | depOk=no puestoOk=no
[21:35:10] Fila 57: dep='Incontinencia' puesto='Gerente de Incontinencia' | depOk=SI puestoOk=no
[21:35:10] Fila 58: dep='Incontinencia' puesto='Superintendente  mantenimiento mecánico' | depOk=SI puestoOk=no
[21:35:10] Fila 59: dep='Incontinencia' puesto='Superintendente mantenimiento electrico' | depOk=SI puestoOk=no
[21:35:10] Fila 60: dep='Incontinencia' puesto='Superintendente de proceso' | depOk=SI puestoOk=no
[21:35:10] Fila 61: dep='Incontinencia' puesto='Supervisor produción' | depOk=SI puestoOk=no
[21:35:10] Fila 62: dep='Incontinencia' puesto='Supervisor Mecánico' | depOk=SI puestoOk=no
[21:35:10] Fila 63: dep='Incontinencia' puesto='Ing. de proceso' | depOk=SI puestoOk=no
[21:35:10] Fila 64: dep='Incontinencia' puesto='Planeador' | depOk=SI puestoOk=no
[21:35:10] Fila 65: dep='Incontinencia' puesto='Electronico' | depOk=SI puestoOk=SI
[21:35:10]    >>> MATCH en fila 65
[21:35:10]       + [Cabeza] B)        Casco dieléctrico
[21:35:10]       + [Ojos y cara] C)        Protector facial
[21:35:10]       + [Oídos] A)        Tapones auditivos
[21:35:10]       + [Aparato respiratorio] A)        Respirador contra partículas
[21:35:10]       + [Extremidades superiores] B)        Guantes dieléctricos
[21:35:10]       + [Tronco] F)      Ropa de alta visibilidad
[21:35:10]       + [Extremidades inferiores] C)        Calzado dieléctrico
[21:35:10]       + [Otros] A)        Equipo de protección contra caídas de altura
[21:35:10] Fila 66: dep='Incontinencia' puesto='Conductor de Maquina' | depOk=SI puestoOk=no
[21:35:10] Fila 67: dep='Incontinencia' puesto='Mecánico categorias A,B,C,D' | depOk=SI puestoOk=no
[21:35:10] Fila 68: dep='Incontinencia' puesto='Electrico categorias A,B,C,D' | depOk=SI puestoOk=no
[21:35:10] Fila 69: dep='Incontinencia' puesto='Ayudannte' | depOk=SI puestoOk=no
[21:35:10] Fila 70: dep='Incontinencia' puesto='sellador' | depOk=SI puestoOk=no
[21:35:10] Fila 71: dep='Incontinencia' puesto='Empacador' | depOk=SI puestoOk=no
[21:35:10] Fila 72: dep='Incontinencia' puesto='Mecánico especialista adhesivos' | depOk=SI puestoOk=no
[21:35:10] Fila 73: dep='Incontinencia' puesto='Mecánico con perfil maquinas herramientas' | depOk=SI puestoOk=no
[21:35:10] Fila 74: sin puesto (depActual='Incontinencia') -> SALTA
[21:35:10] Fila 75: sin puesto (depActual='Incontinencia') -> SALTA
[21:35:10] Fila 76: sin puesto (depActual='Incontinencia') -> SALTA
[21:35:10] Fila 77: sin puesto (depActual='Incontinencia') -> SALTA
[21:35:10] Fila 78: sin puesto (depActual='Incontinencia') -> SALTA
[21:35:10] Fila 79: sin puesto (depActual='Incontinencia') -> SALTA
[21:35:10] Fila 80: sin puesto (depActual='Incontinencia') -> SALTA
[21:35:10] Fila 81: sin puesto (depActual='Incontinencia') -> SALTA
[21:35:10] Fila 82: sin puesto (depActual='Incontinencia') -> SALTA
[21:35:10] Fila 83: sin puesto (depActual='Incontinencia') -> SALTA
[21:35:10] Fila 84: sin puesto (depActual='Incontinencia') -> SALTA
[21:35:10] Fila 85: sin puesto (depActual='Incontinencia') -> SALTA
[21:35:10] Fila 86: sin puesto (depActual='Incontinencia') -> SALTA
[21:35:10] Fila 87: sin puesto (depActual='Incontinencia') -> SALTA
[21:35:10] Fila 88: sin puesto (depActual='Incontinencia') -> SALTA
[21:35:10] Fila 89: sin puesto (depActual='Incontinencia') -> SALTA
[21:35:10] Fila 90: sin puesto (depActual='Incontinencia') -> SALTA
[21:35:10] Fila 91: sin puesto (depActual='Incontinencia') -> SALTA
[21:35:10] Fila 92: sin puesto (depActual='Incontinencia') -> SALTA
[21:35:10] Fila 93: sin puesto (depActual='Incontinencia') -> SALTA
[21:35:10] Fila 94: sin puesto (depActual='Incontinencia') -> SALTA
[21:35:10] Fila 95: sin puesto (depActual='Incontinencia') -> SALTA
[21:35:10] Fila 96: sin puesto (depActual='Incontinencia') -> SALTA
[21:35:10] Fila 97: sin puesto (depActual='Incontinencia') -> SALTA
[21:35:10] Fila 98: sin puesto (depActual='Incontinencia') -> SALTA
[21:35:10] Fila 99: sin puesto (depActual='Incontinencia') -> SALTA
[21:35:10] Fila 100: sin puesto (depActual='Incontinencia') -> SALTA
[21:35:10] Fila 101: sin puesto (depActual='Incontinencia') -> SALTA
[21:35:10] Fila 102: sin puesto (depActual='Incontinencia') -> SALTA
[21:35:10] Fila 103: sin puesto (depActual='Incontinencia') -> SALTA
[21:35:10] Fila 104: sin puesto (depActual='Incontinencia') -> SALTA
[21:35:10] Fila 105: sin puesto (depActual='Incontinencia') -> SALTA
[21:35:10] Fila 106: sin puesto (depActual='Incontinencia') -> SALTA
[21:35:10] Fila 107: sin puesto (depActual='Incontinencia') -> SALTA
[21:35:10] Fila 108: sin puesto (depActual='Incontinencia') -> SALTA
[21:35:10] Fila 109: sin puesto (depActual='Incontinencia') -> SALTA
[21:35:10] Fila 110: sin puesto (depActual='Incontinencia') -> SALTA
[21:35:10] Fila 111: sin puesto (depActual='Incontinencia') -> SALTA
[21:35:10] Fila 112: sin puesto (depActual='Incontinencia') -> SALTA
[21:35:10] Fila 113: sin puesto (depActual='Incontinencia') -> SALTA
[21:35:10] Fila 114: sin puesto (depActual='Incontinencia') -> SALTA
[21:35:10] Fila 115: sin puesto (depActual='Incontinencia') -> SALTA
[21:35:10] Fila 116: sin puesto (depActual='Incontinencia') -> SALTA
[21:35:10] Fila 117: sin puesto (depActual='Incontinencia') -> SALTA
[21:35:10] Fila 118: sin puesto (depActual='Incontinencia') -> SALTA
[21:35:10] Fila 119: sin puesto (depActual='Incontinencia') -> SALTA
[21:35:10] Fila 120: sin puesto (depActual='Incontinencia') -> SALTA
[21:35:10] Fila 121: sin puesto (depActual='Incontinencia') -> SALTA
[21:35:10] Fila 122: sin puesto (depActual='Incontinencia') -> SALTA
[21:35:10] Fila 123: sin puesto (depActual='Incontinencia') -> SALTA
[21:35:10] Fila 124: sin puesto (depActual='Incontinencia') -> SALTA
[21:35:10] Fila 125: sin puesto (depActual='Incontinencia') -> SALTA
[21:35:10] Fila 126: sin puesto (depActual='Incontinencia') -> SALTA
[21:35:10] Fila 127: sin puesto (depActual='Incontinencia') -> SALTA
[21:35:10] Fila 128: sin puesto (depActual='Incontinencia') -> SALTA
[21:35:10] Fila 129: sin puesto (depActual='Incontinencia') -> SALTA
[21:35:10] Fila 130: sin puesto (depActual='Incontinencia') -> SALTA
[21:35:10] Fila 131: sin puesto (depActual='Incontinencia') -> SALTA
[21:35:10] Fila 132: sin puesto (depActual='Incontinencia') -> SALTA
[21:35:10] Fila 133: sin puesto (depActual='Incontinencia') -> SALTA
[21:35:10] Fila 134: sin puesto (depActual='Incontinencia') -> SALTA
[21:35:10] Fila 135: sin puesto (depActual='Incontinencia') -> SALTA
[21:35:10] Fila 136: sin puesto (depActual='Incontinencia') -> SALTA
[21:35:10] Fila 137: sin puesto (depActual='Incontinencia') -> SALTA
[21:35:10] Fila 138: sin puesto (depActual='Incontinencia') -> SALTA
[21:35:10] Fila 139: sin puesto (depActual='Incontinencia') -> SALTA
[21:35:10] Fila 140: sin puesto (depActual='Incontinencia') -> SALTA
[21:35:10] Fila 141: sin puesto (depActual='Incontinencia') -> SALTA
[21:35:10] Fila 142: sin puesto (depActual='Incontinencia') -> SALTA
[21:35:10] Total de equipos encontrados: 8
[21:35:10] ========================================================
[21:35:20] ==================== NUEVA PETICION ====================
[21:35:20] Departamento recibido: 'Incontinencia'
[21:35:20] Puesto recibido: 'Técnico electrónico'
[21:35:20] Departamento normalizado: 'incontinencia'
[21:35:20] Puesto normalizado: 'tecnico electronico'
[21:35:20] Ruta Excel: C:\xampp\htdocs\Mes\KCMes\EPP\php/FO-OSHPS012-01_Identificación_y_selección_de_EPP.xlsx
[21:35:20] OK: archivo encontrado
[21:35:20] Hoja [0]: 'EPP'
[21:35:20] Hoja [1]: 'Tabla I.1'
[21:35:20] Hoja [2]: 'X supervisor'
[21:35:20] Hoja [3]: 'Para alta'
[21:35:20] Hoja activa: EPP
[21:35:20] Ultima fila con datos: 142
[21:35:20] Fila 6: dep='Contratistas' puesto='Soldador' | depOk=no puestoOk=no
[21:35:20] Fila 7: dep='Contratistas' puesto='Prevencionista' | depOk=no puestoOk=no
[21:35:20] Fila 8: dep='Contratistas' puesto='Ayudante general' | depOk=no puestoOk=no
[21:35:20] Fila 9: dep='Relaciones industriales' puesto='Ayudante general' | depOk=no puestoOk=no
[21:35:20] Fila 10: dep='Relaciones industriales' puesto='Guardia' | depOk=no puestoOk=no
[21:35:20] Fila 11: dep='Relaciones industriales' puesto='Ayudante general' | depOk=no puestoOk=no
[21:35:20] Fila 12: dep='Relaciones industriales' puesto='Personal de intentendencia' | depOk=no puestoOk=no
[21:35:20] Fila 13: dep='Servicios Auxiliares' puesto='Mecánico' | depOk=no puestoOk=no
[21:35:20] Fila 14: dep='Servicios Auxiliares' puesto='Mecánico' | depOk=no puestoOk=no
[21:35:20] Fila 15: dep='Servicios Auxiliares' puesto='Mecánico' | depOk=no puestoOk=no
[21:35:20] Fila 16: dep='Servicios Auxiliares' puesto='Mecánico' | depOk=no puestoOk=no
[21:35:20] Fila 17: dep='Servicios Auxiliares' puesto='Empacador' | depOk=no puestoOk=no
[21:35:20] Fila 18: dep='Telas NoTejidas' puesto='Superintendente mecatronico' | depOk=no puestoOk=no
[21:35:20] Fila 19: dep='Telas NoTejidas' puesto='Ing. Proceso' | depOk=no puestoOk=no
[21:35:20] Fila 20: dep='Telas NoTejidas' puesto='Conductor' | depOk=no puestoOk=no
[21:35:20] Fila 21: dep='Telas NoTejidas' puesto='Ayudante De Operador' | depOk=no puestoOk=no
[21:35:20] Fila 22: dep='Telas NoTejidas' puesto='Empacador' | depOk=no puestoOk=no
[21:35:20] Fila 23: dep='Telas NoTejidas' puesto='Líder de Operación' | depOk=no puestoOk=no
[21:35:20] Fila 24: dep='Telas NoTejidas' puesto='Tecnico Electronico' | depOk=no puestoOk=SI
[21:35:20] Fila 25: dep='Telas NoTejidas' puesto='Mecanico D' | depOk=no puestoOk=no
[21:35:20] Fila 26: dep='Telas NoTejidas' puesto='Mecanico B' | depOk=no puestoOk=no
[21:35:20] Fila 27: dep='Telas NoTejidas' puesto='Electrico D' | depOk=no puestoOk=no
[21:35:20] Fila 28: dep='Telas NoTejidas' puesto='Auxiliar Administrativo' | depOk=no puestoOk=no
[21:35:20] Fila 29: dep='Telas NoTejidas' puesto='Maestro en cardas' | depOk=no puestoOk=no
[21:35:20] Fila 30: dep='Almacén Materia Prima' puesto='Montacarguista' | depOk=no puestoOk=no
[21:35:20] Fila 31: dep='Almacén Materia Prima' puesto='Auxiliar Administrativo' | depOk=no puestoOk=no
[21:35:20] Fila 32: dep='Almacén Materia Prima' puesto='Supervisor' | depOk=no puestoOk=no
[21:35:20] Fila 33: dep='Almacén Materia Prima' puesto='Planeador' | depOk=no puestoOk=no
[21:35:20] Fila 34: dep='Almacén Materia Prima' puesto='Superintendente' | depOk=no puestoOk=no
[21:35:20] Fila 35: dep='Pañal' puesto='sellador' | depOk=no puestoOk=no
[21:35:20] Fila 36: dep='Pañal' puesto='Ing. Proceso' | depOk=no puestoOk=no
[21:35:20] Fila 37: dep='Pañal' puesto='Electrico' | depOk=no puestoOk=no
[21:35:20] Fila 38: dep='Pañal' puesto='Jefe de mantenimiento' | depOk=no puestoOk=no
[21:35:20] Fila 39: dep='Pañal' puesto='Planeador' | depOk=no puestoOk=no
[21:35:20] Fila 40: dep='Pañal' puesto='Electronico' | depOk=no puestoOk=SI
[21:35:20] Fila 41: dep='Pañal' puesto='Supervisor' | depOk=no puestoOk=no
[21:35:20] Fila 42: dep='Pañal' puesto='Super intendente' | depOk=no puestoOk=no
[21:35:20] Fila 43: dep='Pañal' puesto='Conductor' | depOk=no puestoOk=no
[21:35:20] Fila 44: dep='Pañal' puesto='Mecanico' | depOk=no puestoOk=no
[21:35:20] Fila 45: dep='Pañal' puesto='Empacador' | depOk=no puestoOk=no
[21:35:20] Fila 46: dep='Pañal' puesto='Gerente' | depOk=no puestoOk=no
[21:35:20] Fila 47: dep='Pañal' puesto='TSP' | depOk=no puestoOk=no
[21:35:20] Fila 48: dep='Pañal' puesto='Ayudannte' | depOk=no puestoOk=no
[21:35:20] Fila 49: dep='Protección femenina' puesto='Eléctrico' | depOk=no puestoOk=no
[21:35:20] Fila 50: dep='Protección femenina' puesto='Electrónico' | depOk=no puestoOk=SI
[21:35:20] Fila 51: dep='Protección femenina' puesto='Mecánico' | depOk=no puestoOk=no
[21:35:20] Fila 52: dep='Protección femenina' puesto='Ayudante' | depOk=no puestoOk=no
[21:35:20] Fila 53: dep='Protección femenina' puesto='Conductor' | depOk=no puestoOk=no
[21:35:20] Fila 54: dep='Protección femenina' puesto='Empacador' | depOk=no puestoOk=no
[21:35:20] Fila 55: dep='Protección femenina' puesto='Sellador de Linea' | depOk=no puestoOk=no
[21:35:20] Fila 56: dep='Protección femenina' puesto='TCP' | depOk=no puestoOk=no
[21:35:20] Fila 57: dep='Incontinencia' puesto='Gerente de Incontinencia' | depOk=SI puestoOk=no
[21:35:20] Fila 58: dep='Incontinencia' puesto='Superintendente  mantenimiento mecánico' | depOk=SI puestoOk=no
[21:35:20] Fila 59: dep='Incontinencia' puesto='Superintendente mantenimiento electrico' | depOk=SI puestoOk=no
[21:35:20] Fila 60: dep='Incontinencia' puesto='Superintendente de proceso' | depOk=SI puestoOk=no
[21:35:20] Fila 61: dep='Incontinencia' puesto='Supervisor produción' | depOk=SI puestoOk=no
[21:35:20] Fila 62: dep='Incontinencia' puesto='Supervisor Mecánico' | depOk=SI puestoOk=no
[21:35:20] Fila 63: dep='Incontinencia' puesto='Ing. de proceso' | depOk=SI puestoOk=no
[21:35:20] Fila 64: dep='Incontinencia' puesto='Planeador' | depOk=SI puestoOk=no
[21:35:20] Fila 65: dep='Incontinencia' puesto='Electronico' | depOk=SI puestoOk=SI
[21:35:20]    >>> MATCH en fila 65
[21:35:20]       + [Cabeza] B)        Casco dieléctrico
[21:35:20]       + [Ojos y cara] C)        Protector facial
[21:35:20]       + [Oídos] A)        Tapones auditivos
[21:35:20]       + [Aparato respiratorio] A)        Respirador contra partículas
[21:35:20]       + [Extremidades superiores] B)        Guantes dieléctricos
[21:35:20]       + [Tronco] F)      Ropa de alta visibilidad
[21:35:20]       + [Extremidades inferiores] C)        Calzado dieléctrico
[21:35:20]       + [Otros] A)        Equipo de protección contra caídas de altura
[21:35:20] Fila 66: dep='Incontinencia' puesto='Conductor de Maquina' | depOk=SI puestoOk=no
[21:35:20] Fila 67: dep='Incontinencia' puesto='Mecánico categorias A,B,C,D' | depOk=SI puestoOk=no
[21:35:20] Fila 68: dep='Incontinencia' puesto='Electrico categorias A,B,C,D' | depOk=SI puestoOk=no
[21:35:20] Fila 69: dep='Incontinencia' puesto='Ayudannte' | depOk=SI puestoOk=no
[21:35:20] Fila 70: dep='Incontinencia' puesto='sellador' | depOk=SI puestoOk=no
[21:35:20] Fila 71: dep='Incontinencia' puesto='Empacador' | depOk=SI puestoOk=no
[21:35:20] Fila 72: dep='Incontinencia' puesto='Mecánico especialista adhesivos' | depOk=SI puestoOk=no
[21:35:20] Fila 73: dep='Incontinencia' puesto='Mecánico con perfil maquinas herramientas' | depOk=SI puestoOk=no
[21:35:20] Fila 74: sin puesto (depActual='Incontinencia') -> SALTA
[21:35:20] Fila 75: sin puesto (depActual='Incontinencia') -> SALTA
[21:35:20] Fila 76: sin puesto (depActual='Incontinencia') -> SALTA
[21:35:20] Fila 77: sin puesto (depActual='Incontinencia') -> SALTA
[21:35:20] Fila 78: sin puesto (depActual='Incontinencia') -> SALTA
[21:35:20] Fila 79: sin puesto (depActual='Incontinencia') -> SALTA
[21:35:20] Fila 80: sin puesto (depActual='Incontinencia') -> SALTA
[21:35:20] Fila 81: sin puesto (depActual='Incontinencia') -> SALTA
[21:35:20] Fila 82: sin puesto (depActual='Incontinencia') -> SALTA
[21:35:20] Fila 83: sin puesto (depActual='Incontinencia') -> SALTA
[21:35:20] Fila 84: sin puesto (depActual='Incontinencia') -> SALTA
[21:35:20] Fila 85: sin puesto (depActual='Incontinencia') -> SALTA
[21:35:20] Fila 86: sin puesto (depActual='Incontinencia') -> SALTA
[21:35:20] Fila 87: sin puesto (depActual='Incontinencia') -> SALTA
[21:35:20] Fila 88: sin puesto (depActual='Incontinencia') -> SALTA
[21:35:20] Fila 89: sin puesto (depActual='Incontinencia') -> SALTA
[21:35:20] Fila 90: sin puesto (depActual='Incontinencia') -> SALTA
[21:35:20] Fila 91: sin puesto (depActual='Incontinencia') -> SALTA
[21:35:20] Fila 92: sin puesto (depActual='Incontinencia') -> SALTA
[21:35:20] Fila 93: sin puesto (depActual='Incontinencia') -> SALTA
[21:35:20] Fila 94: sin puesto (depActual='Incontinencia') -> SALTA
[21:35:20] Fila 95: sin puesto (depActual='Incontinencia') -> SALTA
[21:35:20] Fila 96: sin puesto (depActual='Incontinencia') -> SALTA
[21:35:20] Fila 97: sin puesto (depActual='Incontinencia') -> SALTA
[21:35:20] Fila 98: sin puesto (depActual='Incontinencia') -> SALTA
[21:35:20] Fila 99: sin puesto (depActual='Incontinencia') -> SALTA
[21:35:20] Fila 100: sin puesto (depActual='Incontinencia') -> SALTA
[21:35:20] Fila 101: sin puesto (depActual='Incontinencia') -> SALTA
[21:35:20] Fila 102: sin puesto (depActual='Incontinencia') -> SALTA
[21:35:20] Fila 103: sin puesto (depActual='Incontinencia') -> SALTA
[21:35:20] Fila 104: sin puesto (depActual='Incontinencia') -> SALTA
[21:35:20] Fila 105: sin puesto (depActual='Incontinencia') -> SALTA
[21:35:20] Fila 106: sin puesto (depActual='Incontinencia') -> SALTA
[21:35:20] Fila 107: sin puesto (depActual='Incontinencia') -> SALTA
[21:35:20] Fila 108: sin puesto (depActual='Incontinencia') -> SALTA
[21:35:20] Fila 109: sin puesto (depActual='Incontinencia') -> SALTA
[21:35:20] Fila 110: sin puesto (depActual='Incontinencia') -> SALTA
[21:35:20] Fila 111: sin puesto (depActual='Incontinencia') -> SALTA
[21:35:20] Fila 112: sin puesto (depActual='Incontinencia') -> SALTA
[21:35:20] Fila 113: sin puesto (depActual='Incontinencia') -> SALTA
[21:35:20] Fila 114: sin puesto (depActual='Incontinencia') -> SALTA
[21:35:20] Fila 115: sin puesto (depActual='Incontinencia') -> SALTA
[21:35:20] Fila 116: sin puesto (depActual='Incontinencia') -> SALTA
[21:35:20] Fila 117: sin puesto (depActual='Incontinencia') -> SALTA
[21:35:20] Fila 118: sin puesto (depActual='Incontinencia') -> SALTA
[21:35:20] Fila 119: sin puesto (depActual='Incontinencia') -> SALTA
[21:35:20] Fila 120: sin puesto (depActual='Incontinencia') -> SALTA
[21:35:20] Fila 121: sin puesto (depActual='Incontinencia') -> SALTA
[21:35:20] Fila 122: sin puesto (depActual='Incontinencia') -> SALTA
[21:35:20] Fila 123: sin puesto (depActual='Incontinencia') -> SALTA
[21:35:20] Fila 124: sin puesto (depActual='Incontinencia') -> SALTA
[21:35:20] Fila 125: sin puesto (depActual='Incontinencia') -> SALTA
[21:35:20] Fila 126: sin puesto (depActual='Incontinencia') -> SALTA
[21:35:20] Fila 127: sin puesto (depActual='Incontinencia') -> SALTA
[21:35:20] Fila 128: sin puesto (depActual='Incontinencia') -> SALTA
[21:35:20] Fila 129: sin puesto (depActual='Incontinencia') -> SALTA
[21:35:20] Fila 130: sin puesto (depActual='Incontinencia') -> SALTA
[21:35:20] Fila 131: sin puesto (depActual='Incontinencia') -> SALTA
[21:35:20] Fila 132: sin puesto (depActual='Incontinencia') -> SALTA
[21:35:20] Fila 133: sin puesto (depActual='Incontinencia') -> SALTA
[21:35:20] Fila 134: sin puesto (depActual='Incontinencia') -> SALTA
[21:35:20] Fila 135: sin puesto (depActual='Incontinencia') -> SALTA
[21:35:20] Fila 136: sin puesto (depActual='Incontinencia') -> SALTA
[21:35:20] Fila 137: sin puesto (depActual='Incontinencia') -> SALTA
[21:35:20] Fila 138: sin puesto (depActual='Incontinencia') -> SALTA
[21:35:20] Fila 139: sin puesto (depActual='Incontinencia') -> SALTA
[21:35:20] Fila 140: sin puesto (depActual='Incontinencia') -> SALTA
[21:35:20] Fila 141: sin puesto (depActual='Incontinencia') -> SALTA
[21:35:20] Fila 142: sin puesto (depActual='Incontinencia') -> SALTA
[21:35:20] Total de equipos encontrados: 8
[21:35:20] ========================================================
[00:16:19] ==================== NUEVA PETICION ====================
[00:16:19] Departamento recibido: 'Incontinencia'
[00:16:19] Puesto recibido: 'Técnico electrónico'
[00:16:19] Departamento normalizado: 'incontinencia'
[00:16:19] Puesto normalizado: 'tecnico electronico'
[00:16:19] Ruta Excel: C:\xampp\htdocs\Mes\KCMes\EPP\php/FO-OSHPS012-01_Identificación_y_selección_de_EPP.xlsx
[00:16:19] OK: archivo encontrado
[00:16:20] Hoja [0]: 'EPP'
[00:16:20] Hoja [1]: 'Tabla I.1'
[00:16:20] Hoja [2]: 'X supervisor'
[00:16:20] Hoja [3]: 'Para alta'
[00:16:20] Hoja activa: EPP
[00:16:20] Ultima fila con datos: 142
[00:16:20] Fila 6: dep='Contratistas' puesto='Soldador' | depOk=no puestoOk=no
[00:16:20] Fila 7: dep='Contratistas' puesto='Prevencionista' | depOk=no puestoOk=no
[00:16:20] Fila 8: dep='Contratistas' puesto='Ayudante general' | depOk=no puestoOk=no
[00:16:20] Fila 9: dep='Relaciones industriales' puesto='Ayudante general' | depOk=no puestoOk=no
[00:16:20] Fila 10: dep='Relaciones industriales' puesto='Guardia' | depOk=no puestoOk=no
[00:16:20] Fila 11: dep='Relaciones industriales' puesto='Ayudante general' | depOk=no puestoOk=no
[00:16:20] Fila 12: dep='Relaciones industriales' puesto='Personal de intentendencia' | depOk=no puestoOk=no
[00:16:20] Fila 13: dep='Servicios Auxiliares' puesto='Mecánico' | depOk=no puestoOk=no
[00:16:20] Fila 14: dep='Servicios Auxiliares' puesto='Mecánico' | depOk=no puestoOk=no
[00:16:20] Fila 15: dep='Servicios Auxiliares' puesto='Mecánico' | depOk=no puestoOk=no
[00:16:20] Fila 16: dep='Servicios Auxiliares' puesto='Mecánico' | depOk=no puestoOk=no
[00:16:20] Fila 17: dep='Servicios Auxiliares' puesto='Empacador' | depOk=no puestoOk=no
[00:16:20] Fila 18: dep='Telas NoTejidas' puesto='Superintendente mecatronico' | depOk=no puestoOk=no
[00:16:20] Fila 19: dep='Telas NoTejidas' puesto='Ing. Proceso' | depOk=no puestoOk=no
[00:16:20] Fila 20: dep='Telas NoTejidas' puesto='Conductor' | depOk=no puestoOk=no
[00:16:20] Fila 21: dep='Telas NoTejidas' puesto='Ayudante De Operador' | depOk=no puestoOk=no
[00:16:20] Fila 22: dep='Telas NoTejidas' puesto='Empacador' | depOk=no puestoOk=no
[00:16:20] Fila 23: dep='Telas NoTejidas' puesto='Líder de Operación' | depOk=no puestoOk=no
[00:16:20] Fila 24: dep='Telas NoTejidas' puesto='Tecnico Electronico' | depOk=no puestoOk=SI
[00:16:20] Fila 25: dep='Telas NoTejidas' puesto='Mecanico D' | depOk=no puestoOk=no
[00:16:20] Fila 26: dep='Telas NoTejidas' puesto='Mecanico B' | depOk=no puestoOk=no
[00:16:20] Fila 27: dep='Telas NoTejidas' puesto='Electrico D' | depOk=no puestoOk=no
[00:16:20] Fila 28: dep='Telas NoTejidas' puesto='Auxiliar Administrativo' | depOk=no puestoOk=no
[00:16:20] Fila 29: dep='Telas NoTejidas' puesto='Maestro en cardas' | depOk=no puestoOk=no
[00:16:20] Fila 30: dep='Almacén Materia Prima' puesto='Montacarguista' | depOk=no puestoOk=no
[00:16:20] Fila 31: dep='Almacén Materia Prima' puesto='Auxiliar Administrativo' | depOk=no puestoOk=no
[00:16:20] Fila 32: dep='Almacén Materia Prima' puesto='Supervisor' | depOk=no puestoOk=no
[00:16:20] Fila 33: dep='Almacén Materia Prima' puesto='Planeador' | depOk=no puestoOk=no
[00:16:20] Fila 34: dep='Almacén Materia Prima' puesto='Superintendente' | depOk=no puestoOk=no
[00:16:20] Fila 35: dep='Pañal' puesto='sellador' | depOk=no puestoOk=no
[00:16:20] Fila 36: dep='Pañal' puesto='Ing. Proceso' | depOk=no puestoOk=no
[00:16:20] Fila 37: dep='Pañal' puesto='Electrico' | depOk=no puestoOk=no
[00:16:20] Fila 38: dep='Pañal' puesto='Jefe de mantenimiento' | depOk=no puestoOk=no
[00:16:20] Fila 39: dep='Pañal' puesto='Planeador' | depOk=no puestoOk=no
[00:16:20] Fila 40: dep='Pañal' puesto='Electronico' | depOk=no puestoOk=SI
[00:16:20] Fila 41: dep='Pañal' puesto='Supervisor' | depOk=no puestoOk=no
[00:16:20] Fila 42: dep='Pañal' puesto='Super intendente' | depOk=no puestoOk=no
[00:16:20] Fila 43: dep='Pañal' puesto='Conductor' | depOk=no puestoOk=no
[00:16:20] Fila 44: dep='Pañal' puesto='Mecanico' | depOk=no puestoOk=no
[00:16:20] Fila 45: dep='Pañal' puesto='Empacador' | depOk=no puestoOk=no
[00:16:20] Fila 46: dep='Pañal' puesto='Gerente' | depOk=no puestoOk=no
[00:16:20] Fila 47: dep='Pañal' puesto='TSP' | depOk=no puestoOk=no
[00:16:20] Fila 48: dep='Pañal' puesto='Ayudannte' | depOk=no puestoOk=no
[00:16:20] Fila 49: dep='Protección femenina' puesto='Eléctrico' | depOk=no puestoOk=no
[00:16:20] Fila 50: dep='Protección femenina' puesto='Electrónico' | depOk=no puestoOk=SI
[00:16:20] Fila 51: dep='Protección femenina' puesto='Mecánico' | depOk=no puestoOk=no
[00:16:20] Fila 52: dep='Protección femenina' puesto='Ayudante' | depOk=no puestoOk=no
[00:16:20] Fila 53: dep='Protección femenina' puesto='Conductor' | depOk=no puestoOk=no
[00:16:20] Fila 54: dep='Protección femenina' puesto='Empacador' | depOk=no puestoOk=no
[00:16:20] Fila 55: dep='Protección femenina' puesto='Sellador de Linea' | depOk=no puestoOk=no
[00:16:20] Fila 56: dep='Protección femenina' puesto='TCP' | depOk=no puestoOk=no
[00:16:20] Fila 57: dep='Incontinencia' puesto='Gerente de Incontinencia' | depOk=SI puestoOk=no
[00:16:20] Fila 58: dep='Incontinencia' puesto='Superintendente  mantenimiento mecánico' | depOk=SI puestoOk=no
[00:16:20] Fila 59: dep='Incontinencia' puesto='Superintendente mantenimiento electrico' | depOk=SI puestoOk=no
[00:16:20] Fila 60: dep='Incontinencia' puesto='Superintendente de proceso' | depOk=SI puestoOk=no
[00:16:20] Fila 61: dep='Incontinencia' puesto='Supervisor produción' | depOk=SI puestoOk=no
[00:16:20] Fila 62: dep='Incontinencia' puesto='Supervisor Mecánico' | depOk=SI puestoOk=no
[00:16:20] Fila 63: dep='Incontinencia' puesto='Ing. de proceso' | depOk=SI puestoOk=no
[00:16:20] Fila 64: dep='Incontinencia' puesto='Planeador' | depOk=SI puestoOk=no
[00:16:20] Fila 65: dep='Incontinencia' puesto='Electronico' | depOk=SI puestoOk=SI
[00:16:20]    >>> MATCH en fila 65
[00:16:20]       + [Cabeza] B)        Casco dieléctrico
[00:16:20]       + [Ojos y cara] C)        Protector facial
[00:16:20]       + [Oídos] A)        Tapones auditivos
[00:16:20]       + [Aparato respiratorio] A)        Respirador contra partículas
[00:16:20]       + [Extremidades superiores] B)        Guantes dieléctricos
[00:16:20]       + [Tronco] F)      Ropa de alta visibilidad
[00:16:20]       + [Extremidades inferiores] C)        Calzado dieléctrico
[00:16:20]       + [Otros] A)        Equipo de protección contra caídas de altura
[00:16:20] Fila 66: dep='Incontinencia' puesto='Conductor de Maquina' | depOk=SI puestoOk=no
[00:16:20] Fila 67: dep='Incontinencia' puesto='Mecánico categorias A,B,C,D' | depOk=SI puestoOk=no
[00:16:20] Fila 68: dep='Incontinencia' puesto='Electrico categorias A,B,C,D' | depOk=SI puestoOk=no
[00:16:20] Fila 69: dep='Incontinencia' puesto='Ayudannte' | depOk=SI puestoOk=no
[00:16:20] Fila 70: dep='Incontinencia' puesto='sellador' | depOk=SI puestoOk=no
[00:16:20] Fila 71: dep='Incontinencia' puesto='Empacador' | depOk=SI puestoOk=no
[00:16:20] Fila 72: dep='Incontinencia' puesto='Mecánico especialista adhesivos' | depOk=SI puestoOk=no
[00:16:20] Fila 73: dep='Incontinencia' puesto='Mecánico con perfil maquinas herramientas' | depOk=SI puestoOk=no
[00:16:20] Fila 74: sin puesto (depActual='Incontinencia') -> SALTA
[00:16:20] Fila 75: sin puesto (depActual='Incontinencia') -> SALTA
[00:16:20] Fila 76: sin puesto (depActual='Incontinencia') -> SALTA
[00:16:20] Fila 77: sin puesto (depActual='Incontinencia') -> SALTA
[00:16:20] Fila 78: sin puesto (depActual='Incontinencia') -> SALTA
[00:16:20] Fila 79: sin puesto (depActual='Incontinencia') -> SALTA
[00:16:20] Fila 80: sin puesto (depActual='Incontinencia') -> SALTA
[00:16:20] Fila 81: sin puesto (depActual='Incontinencia') -> SALTA
[00:16:20] Fila 82: sin puesto (depActual='Incontinencia') -> SALTA
[00:16:20] Fila 83: sin puesto (depActual='Incontinencia') -> SALTA
[00:16:20] Fila 84: sin puesto (depActual='Incontinencia') -> SALTA
[00:16:20] Fila 85: sin puesto (depActual='Incontinencia') -> SALTA
[00:16:20] Fila 86: sin puesto (depActual='Incontinencia') -> SALTA
[00:16:20] Fila 87: sin puesto (depActual='Incontinencia') -> SALTA
[00:16:20] Fila 88: sin puesto (depActual='Incontinencia') -> SALTA
[00:16:20] Fila 89: sin puesto (depActual='Incontinencia') -> SALTA
[00:16:20] Fila 90: sin puesto (depActual='Incontinencia') -> SALTA
[00:16:20] Fila 91: sin puesto (depActual='Incontinencia') -> SALTA
[00:16:20] Fila 92: sin puesto (depActual='Incontinencia') -> SALTA
[00:16:20] Fila 93: sin puesto (depActual='Incontinencia') -> SALTA
[00:16:20] Fila 94: sin puesto (depActual='Incontinencia') -> SALTA
[00:16:20] Fila 95: sin puesto (depActual='Incontinencia') -> SALTA
[00:16:20] Fila 96: sin puesto (depActual='Incontinencia') -> SALTA
[00:16:20] Fila 97: sin puesto (depActual='Incontinencia') -> SALTA
[00:16:20] Fila 98: sin puesto (depActual='Incontinencia') -> SALTA
[00:16:20] Fila 99: sin puesto (depActual='Incontinencia') -> SALTA
[00:16:20] Fila 100: sin puesto (depActual='Incontinencia') -> SALTA
[00:16:20] Fila 101: sin puesto (depActual='Incontinencia') -> SALTA
[00:16:20] Fila 102: sin puesto (depActual='Incontinencia') -> SALTA
[00:16:20] Fila 103: sin puesto (depActual='Incontinencia') -> SALTA
[00:16:20] Fila 104: sin puesto (depActual='Incontinencia') -> SALTA
[00:16:20] Fila 105: sin puesto (depActual='Incontinencia') -> SALTA
[00:16:20] Fila 106: sin puesto (depActual='Incontinencia') -> SALTA
[00:16:20] Fila 107: sin puesto (depActual='Incontinencia') -> SALTA
[00:16:20] Fila 108: sin puesto (depActual='Incontinencia') -> SALTA
[00:16:20] Fila 109: sin puesto (depActual='Incontinencia') -> SALTA
[00:16:20] Fila 110: sin puesto (depActual='Incontinencia') -> SALTA
[00:16:20] Fila 111: sin puesto (depActual='Incontinencia') -> SALTA
[00:16:20] Fila 112: sin puesto (depActual='Incontinencia') -> SALTA
[00:16:20] Fila 113: sin puesto (depActual='Incontinencia') -> SALTA
[00:16:20] Fila 114: sin puesto (depActual='Incontinencia') -> SALTA
[00:16:20] Fila 115: sin puesto (depActual='Incontinencia') -> SALTA
[00:16:20] Fila 116: sin puesto (depActual='Incontinencia') -> SALTA
[00:16:20] Fila 117: sin puesto (depActual='Incontinencia') -> SALTA
[00:16:20] Fila 118: sin puesto (depActual='Incontinencia') -> SALTA
[00:16:20] Fila 119: sin puesto (depActual='Incontinencia') -> SALTA
[00:16:20] Fila 120: sin puesto (depActual='Incontinencia') -> SALTA
[00:16:20] Fila 121: sin puesto (depActual='Incontinencia') -> SALTA
[00:16:20] Fila 122: sin puesto (depActual='Incontinencia') -> SALTA
[00:16:20] Fila 123: sin puesto (depActual='Incontinencia') -> SALTA
[00:16:20] Fila 124: sin puesto (depActual='Incontinencia') -> SALTA
[00:16:20] Fila 125: sin puesto (depActual='Incontinencia') -> SALTA
[00:16:20] Fila 126: sin puesto (depActual='Incontinencia') -> SALTA
[00:16:20] Fila 127: sin puesto (depActual='Incontinencia') -> SALTA
[00:16:20] Fila 128: sin puesto (depActual='Incontinencia') -> SALTA
[00:16:20] Fila 129: sin puesto (depActual='Incontinencia') -> SALTA
[00:16:20] Fila 130: sin puesto (depActual='Incontinencia') -> SALTA
[00:16:20] Fila 131: sin puesto (depActual='Incontinencia') -> SALTA
[00:16:20] Fila 132: sin puesto (depActual='Incontinencia') -> SALTA
[00:16:20] Fila 133: sin puesto (depActual='Incontinencia') -> SALTA
[00:16:20] Fila 134: sin puesto (depActual='Incontinencia') -> SALTA
[00:16:20] Fila 135: sin puesto (depActual='Incontinencia') -> SALTA
[00:16:20] Fila 136: sin puesto (depActual='Incontinencia') -> SALTA
[00:16:20] Fila 137: sin puesto (depActual='Incontinencia') -> SALTA
[00:16:20] Fila 138: sin puesto (depActual='Incontinencia') -> SALTA
[00:16:20] Fila 139: sin puesto (depActual='Incontinencia') -> SALTA
[00:16:20] Fila 140: sin puesto (depActual='Incontinencia') -> SALTA
[00:16:20] Fila 141: sin puesto (depActual='Incontinencia') -> SALTA
[00:16:20] Fila 142: sin puesto (depActual='Incontinencia') -> SALTA
[00:16:20] Total de equipos encontrados: 8
[00:16:20] ========================================================
[00:17:24] ==================== NUEVA PETICION ====================
[00:17:24] Departamento recibido: 'Incontinencia'
[00:17:24] Puesto recibido: 'Técnico electrónico'
[00:17:24] Departamento normalizado: 'incontinencia'
[00:17:24] Puesto normalizado: 'tecnico electronico'
[00:17:24] Ruta Excel: C:\xampp\htdocs\Mes\KCMes\EPP\php/FO-OSHPS012-01_Identificación_y_selección_de_EPP.xlsx
[00:17:24] OK: archivo encontrado
[00:17:24] Hoja [0]: 'EPP'
[00:17:24] Hoja [1]: 'Tabla I.1'
[00:17:24] Hoja [2]: 'X supervisor'
[00:17:24] Hoja [3]: 'Para alta'
[00:17:24] Hoja activa: EPP
[00:17:24] Ultima fila con datos: 142
[00:17:24] Fila 6: dep='Contratistas' puesto='Soldador' | depOk=no puestoOk=no
[00:17:24] Fila 7: dep='Contratistas' puesto='Prevencionista' | depOk=no puestoOk=no
[00:17:24] Fila 8: dep='Contratistas' puesto='Ayudante general' | depOk=no puestoOk=no
[00:17:24] Fila 9: dep='Relaciones industriales' puesto='Ayudante general' | depOk=no puestoOk=no
[00:17:24] Fila 10: dep='Relaciones industriales' puesto='Guardia' | depOk=no puestoOk=no
[00:17:24] Fila 11: dep='Relaciones industriales' puesto='Ayudante general' | depOk=no puestoOk=no
[00:17:24] Fila 12: dep='Relaciones industriales' puesto='Personal de intentendencia' | depOk=no puestoOk=no
[00:17:24] Fila 13: dep='Servicios Auxiliares' puesto='Mecánico' | depOk=no puestoOk=no
[00:17:24] Fila 14: dep='Servicios Auxiliares' puesto='Mecánico' | depOk=no puestoOk=no
[00:17:24] Fila 15: dep='Servicios Auxiliares' puesto='Mecánico' | depOk=no puestoOk=no
[00:17:24] Fila 16: dep='Servicios Auxiliares' puesto='Mecánico' | depOk=no puestoOk=no
[00:17:24] Fila 17: dep='Servicios Auxiliares' puesto='Empacador' | depOk=no puestoOk=no
[00:17:24] Fila 18: dep='Telas NoTejidas' puesto='Superintendente mecatronico' | depOk=no puestoOk=no
[00:17:24] Fila 19: dep='Telas NoTejidas' puesto='Ing. Proceso' | depOk=no puestoOk=no
[00:17:24] Fila 20: dep='Telas NoTejidas' puesto='Conductor' | depOk=no puestoOk=no
[00:17:24] Fila 21: dep='Telas NoTejidas' puesto='Ayudante De Operador' | depOk=no puestoOk=no
[00:17:24] Fila 22: dep='Telas NoTejidas' puesto='Empacador' | depOk=no puestoOk=no
[00:17:24] Fila 23: dep='Telas NoTejidas' puesto='Líder de Operación' | depOk=no puestoOk=no
[00:17:24] Fila 24: dep='Telas NoTejidas' puesto='Tecnico Electronico' | depOk=no puestoOk=SI
[00:17:24] Fila 25: dep='Telas NoTejidas' puesto='Mecanico D' | depOk=no puestoOk=no
[00:17:24] Fila 26: dep='Telas NoTejidas' puesto='Mecanico B' | depOk=no puestoOk=no
[00:17:24] Fila 27: dep='Telas NoTejidas' puesto='Electrico D' | depOk=no puestoOk=no
[00:17:24] Fila 28: dep='Telas NoTejidas' puesto='Auxiliar Administrativo' | depOk=no puestoOk=no
[00:17:24] Fila 29: dep='Telas NoTejidas' puesto='Maestro en cardas' | depOk=no puestoOk=no
[00:17:24] Fila 30: dep='Almacén Materia Prima' puesto='Montacarguista' | depOk=no puestoOk=no
[00:17:24] Fila 31: dep='Almacén Materia Prima' puesto='Auxiliar Administrativo' | depOk=no puestoOk=no
[00:17:24] Fila 32: dep='Almacén Materia Prima' puesto='Supervisor' | depOk=no puestoOk=no
[00:17:24] Fila 33: dep='Almacén Materia Prima' puesto='Planeador' | depOk=no puestoOk=no
[00:17:24] Fila 34: dep='Almacén Materia Prima' puesto='Superintendente' | depOk=no puestoOk=no
[00:17:24] Fila 35: dep='Pañal' puesto='sellador' | depOk=no puestoOk=no
[00:17:24] Fila 36: dep='Pañal' puesto='Ing. Proceso' | depOk=no puestoOk=no
[00:17:24] Fila 37: dep='Pañal' puesto='Electrico' | depOk=no puestoOk=no
[00:17:24] Fila 38: dep='Pañal' puesto='Jefe de mantenimiento' | depOk=no puestoOk=no
[00:17:24] Fila 39: dep='Pañal' puesto='Planeador' | depOk=no puestoOk=no
[00:17:24] Fila 40: dep='Pañal' puesto='Electronico' | depOk=no puestoOk=SI
[00:17:24] Fila 41: dep='Pañal' puesto='Supervisor' | depOk=no puestoOk=no
[00:17:24] Fila 42: dep='Pañal' puesto='Super intendente' | depOk=no puestoOk=no
[00:17:24] Fila 43: dep='Pañal' puesto='Conductor' | depOk=no puestoOk=no
[00:17:24] Fila 44: dep='Pañal' puesto='Mecanico' | depOk=no puestoOk=no
[00:17:24] Fila 45: dep='Pañal' puesto='Empacador' | depOk=no puestoOk=no
[00:17:24] Fila 46: dep='Pañal' puesto='Gerente' | depOk=no puestoOk=no
[00:17:24] Fila 47: dep='Pañal' puesto='TSP' | depOk=no puestoOk=no
[00:17:24] Fila 48: dep='Pañal' puesto='Ayudannte' | depOk=no puestoOk=no
[00:17:24] Fila 49: dep='Protección femenina' puesto='Eléctrico' | depOk=no puestoOk=no
[00:17:24] Fila 50: dep='Protección femenina' puesto='Electrónico' | depOk=no puestoOk=SI
[00:17:24] Fila 51: dep='Protección femenina' puesto='Mecánico' | depOk=no puestoOk=no
[00:17:24] Fila 52: dep='Protección femenina' puesto='Ayudante' | depOk=no puestoOk=no
[00:17:24] Fila 53: dep='Protección femenina' puesto='Conductor' | depOk=no puestoOk=no
[00:17:24] Fila 54: dep='Protección femenina' puesto='Empacador' | depOk=no puestoOk=no
[00:17:24] Fila 55: dep='Protección femenina' puesto='Sellador de Linea' | depOk=no puestoOk=no
[00:17:24] Fila 56: dep='Protección femenina' puesto='TCP' | depOk=no puestoOk=no
[00:17:24] Fila 57: dep='Incontinencia' puesto='Gerente de Incontinencia' | depOk=SI puestoOk=no
[00:17:24] Fila 58: dep='Incontinencia' puesto='Superintendente  mantenimiento mecánico' | depOk=SI puestoOk=no
[00:17:24] Fila 59: dep='Incontinencia' puesto='Superintendente mantenimiento electrico' | depOk=SI puestoOk=no
[00:17:24] Fila 60: dep='Incontinencia' puesto='Superintendente de proceso' | depOk=SI puestoOk=no
[00:17:24] Fila 61: dep='Incontinencia' puesto='Supervisor produción' | depOk=SI puestoOk=no
[00:17:24] Fila 62: dep='Incontinencia' puesto='Supervisor Mecánico' | depOk=SI puestoOk=no
[00:17:24] Fila 63: dep='Incontinencia' puesto='Ing. de proceso' | depOk=SI puestoOk=no
[00:17:24] Fila 64: dep='Incontinencia' puesto='Planeador' | depOk=SI puestoOk=no
[00:17:24] Fila 65: dep='Incontinencia' puesto='Electronico' | depOk=SI puestoOk=SI
[00:17:24]    >>> MATCH en fila 65
[00:17:24]       + [Cabeza] B)        Casco dieléctrico
[00:17:24]       + [Ojos y cara] C)        Protector facial
[00:17:24]       + [Oídos] A)        Tapones auditivos
[00:17:24]       + [Aparato respiratorio] A)        Respirador contra partículas
[00:17:24]       + [Extremidades superiores] B)        Guantes dieléctricos
[00:17:24]       + [Tronco] F)      Ropa de alta visibilidad
[00:17:24]       + [Extremidades inferiores] C)        Calzado dieléctrico
[00:17:24]       + [Otros] A)        Equipo de protección contra caídas de altura
[00:17:24] Fila 66: dep='Incontinencia' puesto='Conductor de Maquina' | depOk=SI puestoOk=no
[00:17:24] Fila 67: dep='Incontinencia' puesto='Mecánico categorias A,B,C,D' | depOk=SI puestoOk=no
[00:17:24] Fila 68: dep='Incontinencia' puesto='Electrico categorias A,B,C,D' | depOk=SI puestoOk=no
[00:17:24] Fila 69: dep='Incontinencia' puesto='Ayudannte' | depOk=SI puestoOk=no
[00:17:24] Fila 70: dep='Incontinencia' puesto='sellador' | depOk=SI puestoOk=no
[00:17:24] Fila 71: dep='Incontinencia' puesto='Empacador' | depOk=SI puestoOk=no
[00:17:24] Fila 72: dep='Incontinencia' puesto='Mecánico especialista adhesivos' | depOk=SI puestoOk=no
[00:17:24] Fila 73: dep='Incontinencia' puesto='Mecánico con perfil maquinas herramientas' | depOk=SI puestoOk=no
[00:17:24] Fila 74: sin puesto (depActual='Incontinencia') -> SALTA
[00:17:24] Fila 75: sin puesto (depActual='Incontinencia') -> SALTA
[00:17:24] Fila 76: sin puesto (depActual='Incontinencia') -> SALTA
[00:17:24] Fila 77: sin puesto (depActual='Incontinencia') -> SALTA
[00:17:24] Fila 78: sin puesto (depActual='Incontinencia') -> SALTA
[00:17:24] Fila 79: sin puesto (depActual='Incontinencia') -> SALTA
[00:17:24] Fila 80: sin puesto (depActual='Incontinencia') -> SALTA
[00:17:24] Fila 81: sin puesto (depActual='Incontinencia') -> SALTA
[00:17:24] Fila 82: sin puesto (depActual='Incontinencia') -> SALTA
[00:17:24] Fila 83: sin puesto (depActual='Incontinencia') -> SALTA
[00:17:24] Fila 84: sin puesto (depActual='Incontinencia') -> SALTA
[00:17:24] Fila 85: sin puesto (depActual='Incontinencia') -> SALTA
[00:17:24] Fila 86: sin puesto (depActual='Incontinencia') -> SALTA
[00:17:24] Fila 87: sin puesto (depActual='Incontinencia') -> SALTA
[00:17:24] Fila 88: sin puesto (depActual='Incontinencia') -> SALTA
[00:17:24] Fila 89: sin puesto (depActual='Incontinencia') -> SALTA
[00:17:24] Fila 90: sin puesto (depActual='Incontinencia') -> SALTA
[00:17:24] Fila 91: sin puesto (depActual='Incontinencia') -> SALTA
[00:17:24] Fila 92: sin puesto (depActual='Incontinencia') -> SALTA
[00:17:24] Fila 93: sin puesto (depActual='Incontinencia') -> SALTA
[00:17:24] Fila 94: sin puesto (depActual='Incontinencia') -> SALTA
[00:17:24] Fila 95: sin puesto (depActual='Incontinencia') -> SALTA
[00:17:24] Fila 96: sin puesto (depActual='Incontinencia') -> SALTA
[00:17:24] Fila 97: sin puesto (depActual='Incontinencia') -> SALTA
[00:17:24] Fila 98: sin puesto (depActual='Incontinencia') -> SALTA
[00:17:24] Fila 99: sin puesto (depActual='Incontinencia') -> SALTA
[00:17:24] Fila 100: sin puesto (depActual='Incontinencia') -> SALTA
[00:17:24] Fila 101: sin puesto (depActual='Incontinencia') -> SALTA
[00:17:24] Fila 102: sin puesto (depActual='Incontinencia') -> SALTA
[00:17:24] Fila 103: sin puesto (depActual='Incontinencia') -> SALTA
[00:17:24] Fila 104: sin puesto (depActual='Incontinencia') -> SALTA
[00:17:24] Fila 105: sin puesto (depActual='Incontinencia') -> SALTA
[00:17:24] Fila 106: sin puesto (depActual='Incontinencia') -> SALTA
[00:17:24] Fila 107: sin puesto (depActual='Incontinencia') -> SALTA
[00:17:24] Fila 108: sin puesto (depActual='Incontinencia') -> SALTA
[00:17:24] Fila 109: sin puesto (depActual='Incontinencia') -> SALTA
[00:17:24] Fila 110: sin puesto (depActual='Incontinencia') -> SALTA
[00:17:24] Fila 111: sin puesto (depActual='Incontinencia') -> SALTA
[00:17:24] Fila 112: sin puesto (depActual='Incontinencia') -> SALTA
[00:17:24] Fila 113: sin puesto (depActual='Incontinencia') -> SALTA
[00:17:24] Fila 114: sin puesto (depActual='Incontinencia') -> SALTA
[00:17:24] Fila 115: sin puesto (depActual='Incontinencia') -> SALTA
[00:17:24] Fila 116: sin puesto (depActual='Incontinencia') -> SALTA
[00:17:24] Fila 117: sin puesto (depActual='Incontinencia') -> SALTA
[00:17:24] Fila 118: sin puesto (depActual='Incontinencia') -> SALTA
[00:17:24] Fila 119: sin puesto (depActual='Incontinencia') -> SALTA
[00:17:24] Fila 120: sin puesto (depActual='Incontinencia') -> SALTA
[00:17:24] Fila 121: sin puesto (depActual='Incontinencia') -> SALTA
[00:17:24] Fila 122: sin puesto (depActual='Incontinencia') -> SALTA
[00:17:24] Fila 123: sin puesto (depActual='Incontinencia') -> SALTA
[00:17:24] Fila 124: sin puesto (depActual='Incontinencia') -> SALTA
[00:17:24] Fila 125: sin puesto (depActual='Incontinencia') -> SALTA
[00:17:24] Fila 126: sin puesto (depActual='Incontinencia') -> SALTA
[00:17:24] Fila 127: sin puesto (depActual='Incontinencia') -> SALTA
[00:17:24] Fila 128: sin puesto (depActual='Incontinencia') -> SALTA
[00:17:24] Fila 129: sin puesto (depActual='Incontinencia') -> SALTA
[00:17:24] Fila 130: sin puesto (depActual='Incontinencia') -> SALTA
[00:17:24] Fila 131: sin puesto (depActual='Incontinencia') -> SALTA
[00:17:24] Fila 132: sin puesto (depActual='Incontinencia') -> SALTA
[00:17:24] Fila 133: sin puesto (depActual='Incontinencia') -> SALTA
[00:17:24] Fila 134: sin puesto (depActual='Incontinencia') -> SALTA
[00:17:24] Fila 135: sin puesto (depActual='Incontinencia') -> SALTA
[00:17:24] Fila 136: sin puesto (depActual='Incontinencia') -> SALTA
[00:17:24] Fila 137: sin puesto (depActual='Incontinencia') -> SALTA
[00:17:24] Fila 138: sin puesto (depActual='Incontinencia') -> SALTA
[00:17:24] Fila 139: sin puesto (depActual='Incontinencia') -> SALTA
[00:17:24] Fila 140: sin puesto (depActual='Incontinencia') -> SALTA
[00:17:24] Fila 141: sin puesto (depActual='Incontinencia') -> SALTA
[00:17:24] Fila 142: sin puesto (depActual='Incontinencia') -> SALTA
[00:17:24] Total de equipos encontrados: 8
[00:17:24] ========================================================
[00:40:48] ==================== NUEVA PETICION ====================
[00:40:48] Departamento recibido: 'Incontinencia'
[00:40:48] Puesto recibido: 'Técnico electrónico'
[00:40:48] Departamento normalizado: 'incontinencia'
[00:40:48] Puesto normalizado: 'tecnico electronico'
[00:40:48] Ruta Excel: C:\xampp\htdocs\Mes\KCMes\EPP\php/FO-OSHPS012-01_Identificación_y_selección_de_EPP.xlsx
[00:40:48] OK: archivo encontrado
[00:40:50] Hoja [0]: 'EPP'
[00:40:50] Hoja [1]: 'Tabla I.1'
[00:40:50] Hoja [2]: 'X supervisor'
[00:40:50] Hoja [3]: 'Para alta'
[00:40:50] Hoja activa: EPP
[00:40:50] Ultima fila con datos: 142
[00:40:50] Fila 6: dep='Contratistas' puesto='Soldador' | depOk=no puestoOk=no
[00:40:50] Fila 7: dep='Contratistas' puesto='Prevencionista' | depOk=no puestoOk=no
[00:40:50] Fila 8: dep='Contratistas' puesto='Ayudante general' | depOk=no puestoOk=no
[00:40:50] Fila 9: dep='Relaciones industriales' puesto='Ayudante general' | depOk=no puestoOk=no
[00:40:50] Fila 10: dep='Relaciones industriales' puesto='Guardia' | depOk=no puestoOk=no
[00:40:50] Fila 11: dep='Relaciones industriales' puesto='Ayudante general' | depOk=no puestoOk=no
[00:40:50] Fila 12: dep='Relaciones industriales' puesto='Personal de intentendencia' | depOk=no puestoOk=no
[00:40:50] Fila 13: dep='Servicios Auxiliares' puesto='Mecánico' | depOk=no puestoOk=no
[00:40:50] Fila 14: dep='Servicios Auxiliares' puesto='Mecánico' | depOk=no puestoOk=no
[00:40:50] Fila 15: dep='Servicios Auxiliares' puesto='Mecánico' | depOk=no puestoOk=no
[00:40:50] Fila 16: dep='Servicios Auxiliares' puesto='Mecánico' | depOk=no puestoOk=no
[00:40:50] Fila 17: dep='Servicios Auxiliares' puesto='Empacador' | depOk=no puestoOk=no
[00:40:50] Fila 18: dep='Telas NoTejidas' puesto='Superintendente mecatronico' | depOk=no puestoOk=no
[00:40:50] Fila 19: dep='Telas NoTejidas' puesto='Ing. Proceso' | depOk=no puestoOk=no
[00:40:50] Fila 20: dep='Telas NoTejidas' puesto='Conductor' | depOk=no puestoOk=no
[00:40:50] Fila 21: dep='Telas NoTejidas' puesto='Ayudante De Operador' | depOk=no puestoOk=no
[00:40:50] Fila 22: dep='Telas NoTejidas' puesto='Empacador' | depOk=no puestoOk=no
[00:40:50] Fila 23: dep='Telas NoTejidas' puesto='Líder de Operación' | depOk=no puestoOk=no
[00:40:50] Fila 24: dep='Telas NoTejidas' puesto='Tecnico Electronico' | depOk=no puestoOk=SI
[00:40:50] Fila 25: dep='Telas NoTejidas' puesto='Mecanico D' | depOk=no puestoOk=no
[00:40:50] Fila 26: dep='Telas NoTejidas' puesto='Mecanico B' | depOk=no puestoOk=no
[00:40:50] Fila 27: dep='Telas NoTejidas' puesto='Electrico D' | depOk=no puestoOk=no
[00:40:50] Fila 28: dep='Telas NoTejidas' puesto='Auxiliar Administrativo' | depOk=no puestoOk=no
[00:40:50] Fila 29: dep='Telas NoTejidas' puesto='Maestro en cardas' | depOk=no puestoOk=no
[00:40:50] Fila 30: dep='Almacén Materia Prima' puesto='Montacarguista' | depOk=no puestoOk=no
[00:40:50] Fila 31: dep='Almacén Materia Prima' puesto='Auxiliar Administrativo' | depOk=no puestoOk=no
[00:40:50] Fila 32: dep='Almacén Materia Prima' puesto='Supervisor' | depOk=no puestoOk=no
[00:40:50] Fila 33: dep='Almacén Materia Prima' puesto='Planeador' | depOk=no puestoOk=no
[00:40:50] Fila 34: dep='Almacén Materia Prima' puesto='Superintendente' | depOk=no puestoOk=no
[00:40:50] Fila 35: dep='Pañal' puesto='sellador' | depOk=no puestoOk=no
[00:40:50] Fila 36: dep='Pañal' puesto='Ing. Proceso' | depOk=no puestoOk=no
[00:40:50] Fila 37: dep='Pañal' puesto='Electrico' | depOk=no puestoOk=no
[00:40:50] Fila 38: dep='Pañal' puesto='Jefe de mantenimiento' | depOk=no puestoOk=no
[00:40:50] Fila 39: dep='Pañal' puesto='Planeador' | depOk=no puestoOk=no
[00:40:50] Fila 40: dep='Pañal' puesto='Electronico' | depOk=no puestoOk=SI
[00:40:50] Fila 41: dep='Pañal' puesto='Supervisor' | depOk=no puestoOk=no
[00:40:50] Fila 42: dep='Pañal' puesto='Super intendente' | depOk=no puestoOk=no
[00:40:50] Fila 43: dep='Pañal' puesto='Conductor' | depOk=no puestoOk=no
[00:40:50] Fila 44: dep='Pañal' puesto='Mecanico' | depOk=no puestoOk=no
[00:40:50] Fila 45: dep='Pañal' puesto='Empacador' | depOk=no puestoOk=no
[00:40:50] Fila 46: dep='Pañal' puesto='Gerente' | depOk=no puestoOk=no
[00:40:50] Fila 47: dep='Pañal' puesto='TSP' | depOk=no puestoOk=no
[00:40:50] Fila 48: dep='Pañal' puesto='Ayudannte' | depOk=no puestoOk=no
[00:40:50] Fila 49: dep='Protección femenina' puesto='Eléctrico' | depOk=no puestoOk=no
[00:40:50] Fila 50: dep='Protección femenina' puesto='Electrónico' | depOk=no puestoOk=SI
[00:40:50] Fila 51: dep='Protección femenina' puesto='Mecánico' | depOk=no puestoOk=no
[00:40:50] Fila 52: dep='Protección femenina' puesto='Ayudante' | depOk=no puestoOk=no
[00:40:50] Fila 53: dep='Protección femenina' puesto='Conductor' | depOk=no puestoOk=no
[00:40:50] Fila 54: dep='Protección femenina' puesto='Empacador' | depOk=no puestoOk=no
[00:40:50] Fila 55: dep='Protección femenina' puesto='Sellador de Linea' | depOk=no puestoOk=no
[00:40:50] Fila 56: dep='Protección femenina' puesto='TCP' | depOk=no puestoOk=no
[00:40:50] Fila 57: dep='Incontinencia' puesto='Gerente de Incontinencia' | depOk=SI puestoOk=no
[00:40:50] Fila 58: dep='Incontinencia' puesto='Superintendente  mantenimiento mecánico' | depOk=SI puestoOk=no
[00:40:50] Fila 59: dep='Incontinencia' puesto='Superintendente mantenimiento electrico' | depOk=SI puestoOk=no
[00:40:50] Fila 60: dep='Incontinencia' puesto='Superintendente de proceso' | depOk=SI puestoOk=no
[00:40:50] Fila 61: dep='Incontinencia' puesto='Supervisor produción' | depOk=SI puestoOk=no
[00:40:50] Fila 62: dep='Incontinencia' puesto='Supervisor Mecánico' | depOk=SI puestoOk=no
[00:40:50] Fila 63: dep='Incontinencia' puesto='Ing. de proceso' | depOk=SI puestoOk=no
[00:40:50] Fila 64: dep='Incontinencia' puesto='Planeador' | depOk=SI puestoOk=no
[00:40:50] Fila 65: dep='Incontinencia' puesto='Electronico' | depOk=SI puestoOk=SI
[00:40:50]    >>> MATCH en fila 65
[00:40:50]       + [Cabeza] B)        Casco dieléctrico
[00:40:50]       + [Ojos y cara] C)        Protector facial
[00:40:50]       + [Oídos] A)        Tapones auditivos
[00:40:50]       + [Aparato respiratorio] A)        Respirador contra partículas
[00:40:50]       + [Extremidades superiores] B)        Guantes dieléctricos
[00:40:50]       + [Tronco] F)      Ropa de alta visibilidad
[00:40:50]       + [Extremidades inferiores] C)        Calzado dieléctrico
[00:40:50]       + [Otros] A)        Equipo de protección contra caídas de altura
[00:40:50] Fila 66: dep='Incontinencia' puesto='Conductor de Maquina' | depOk=SI puestoOk=no
[00:40:50] Fila 67: dep='Incontinencia' puesto='Mecánico categorias A,B,C,D' | depOk=SI puestoOk=no
[00:40:50] Fila 68: dep='Incontinencia' puesto='Electrico categorias A,B,C,D' | depOk=SI puestoOk=no
[00:40:50] Fila 69: dep='Incontinencia' puesto='Ayudannte' | depOk=SI puestoOk=no
[00:40:50] Fila 70: dep='Incontinencia' puesto='sellador' | depOk=SI puestoOk=no
[00:40:50] Fila 71: dep='Incontinencia' puesto='Empacador' | depOk=SI puestoOk=no
[00:40:50] Fila 72: dep='Incontinencia' puesto='Mecánico especialista adhesivos' | depOk=SI puestoOk=no
[00:40:50] Fila 73: dep='Incontinencia' puesto='Mecánico con perfil maquinas herramientas' | depOk=SI puestoOk=no
[00:40:50] Fila 74: sin puesto (depActual='Incontinencia') -> SALTA
[00:40:50] Fila 75: sin puesto (depActual='Incontinencia') -> SALTA
[00:40:50] Fila 76: sin puesto (depActual='Incontinencia') -> SALTA
[00:40:50] Fila 77: sin puesto (depActual='Incontinencia') -> SALTA
[00:40:50] Fila 78: sin puesto (depActual='Incontinencia') -> SALTA
[00:40:50] Fila 79: sin puesto (depActual='Incontinencia') -> SALTA
[00:40:50] Fila 80: sin puesto (depActual='Incontinencia') -> SALTA
[00:40:50] Fila 81: sin puesto (depActual='Incontinencia') -> SALTA
[00:40:50] Fila 82: sin puesto (depActual='Incontinencia') -> SALTA
[00:40:50] Fila 83: sin puesto (depActual='Incontinencia') -> SALTA
[00:40:50] Fila 84: sin puesto (depActual='Incontinencia') -> SALTA
[00:40:50] Fila 85: sin puesto (depActual='Incontinencia') -> SALTA
[00:40:50] Fila 86: sin puesto (depActual='Incontinencia') -> SALTA
[00:40:50] Fila 87: sin puesto (depActual='Incontinencia') -> SALTA
[00:40:50] Fila 88: sin puesto (depActual='Incontinencia') -> SALTA
[00:40:50] Fila 89: sin puesto (depActual='Incontinencia') -> SALTA
[00:40:50] Fila 90: sin puesto (depActual='Incontinencia') -> SALTA
[00:40:50] Fila 91: sin puesto (depActual='Incontinencia') -> SALTA
[00:40:50] Fila 92: sin puesto (depActual='Incontinencia') -> SALTA
[00:40:50] Fila 93: sin puesto (depActual='Incontinencia') -> SALTA
[00:40:50] Fila 94: sin puesto (depActual='Incontinencia') -> SALTA
[00:40:50] Fila 95: sin puesto (depActual='Incontinencia') -> SALTA
[00:40:50] Fila 96: sin puesto (depActual='Incontinencia') -> SALTA
[00:40:50] Fila 97: sin puesto (depActual='Incontinencia') -> SALTA
[00:40:50] Fila 98: sin puesto (depActual='Incontinencia') -> SALTA
[00:40:50] Fila 99: sin puesto (depActual='Incontinencia') -> SALTA
[00:40:50] Fila 100: sin puesto (depActual='Incontinencia') -> SALTA
[00:40:50] Fila 101: sin puesto (depActual='Incontinencia') -> SALTA
[00:40:50] Fila 102: sin puesto (depActual='Incontinencia') -> SALTA
[00:40:50] Fila 103: sin puesto (depActual='Incontinencia') -> SALTA
[00:40:50] Fila 104: sin puesto (depActual='Incontinencia') -> SALTA
[00:40:50] Fila 105: sin puesto (depActual='Incontinencia') -> SALTA
[00:40:50] Fila 106: sin puesto (depActual='Incontinencia') -> SALTA
[00:40:50] Fila 107: sin puesto (depActual='Incontinencia') -> SALTA
[00:40:50] Fila 108: sin puesto (depActual='Incontinencia') -> SALTA
[00:40:50] Fila 109: sin puesto (depActual='Incontinencia') -> SALTA
[00:40:50] Fila 110: sin puesto (depActual='Incontinencia') -> SALTA
[00:40:50] Fila 111: sin puesto (depActual='Incontinencia') -> SALTA
[00:40:50] Fila 112: sin puesto (depActual='Incontinencia') -> SALTA
[00:40:50] Fila 113: sin puesto (depActual='Incontinencia') -> SALTA
[00:40:50] Fila 114: sin puesto (depActual='Incontinencia') -> SALTA
[00:40:50] Fila 115: sin puesto (depActual='Incontinencia') -> SALTA
[00:40:50] Fila 116: sin puesto (depActual='Incontinencia') -> SALTA
[00:40:50] Fila 117: sin puesto (depActual='Incontinencia') -> SALTA
[00:40:50] Fila 118: sin puesto (depActual='Incontinencia') -> SALTA
[00:40:50] Fila 119: sin puesto (depActual='Incontinencia') -> SALTA
[00:40:50] Fila 120: sin puesto (depActual='Incontinencia') -> SALTA
[00:40:50] Fila 121: sin puesto (depActual='Incontinencia') -> SALTA
[00:40:50] Fila 122: sin puesto (depActual='Incontinencia') -> SALTA
[00:40:50] Fila 123: sin puesto (depActual='Incontinencia') -> SALTA
[00:40:50] Fila 124: sin puesto (depActual='Incontinencia') -> SALTA
[00:40:50] Fila 125: sin puesto (depActual='Incontinencia') -> SALTA
[00:40:50] Fila 126: sin puesto (depActual='Incontinencia') -> SALTA
[00:40:50] Fila 127: sin puesto (depActual='Incontinencia') -> SALTA
[00:40:50] Fila 128: sin puesto (depActual='Incontinencia') -> SALTA
[00:40:50] Fila 129: sin puesto (depActual='Incontinencia') -> SALTA
[00:40:50] Fila 130: sin puesto (depActual='Incontinencia') -> SALTA
[00:40:50] Fila 131: sin puesto (depActual='Incontinencia') -> SALTA
[00:40:50] Fila 132: sin puesto (depActual='Incontinencia') -> SALTA
[00:40:50] Fila 133: sin puesto (depActual='Incontinencia') -> SALTA
[00:40:50] Fila 134: sin puesto (depActual='Incontinencia') -> SALTA
[00:40:50] Fila 135: sin puesto (depActual='Incontinencia') -> SALTA
[00:40:50] Fila 136: sin puesto (depActual='Incontinencia') -> SALTA
[00:40:50] Fila 137: sin puesto (depActual='Incontinencia') -> SALTA
[00:40:50] Fila 138: sin puesto (depActual='Incontinencia') -> SALTA
[00:40:50] Fila 139: sin puesto (depActual='Incontinencia') -> SALTA
[00:40:50] Fila 140: sin puesto (depActual='Incontinencia') -> SALTA
[00:40:50] Fila 141: sin puesto (depActual='Incontinencia') -> SALTA
[00:40:50] Fila 142: sin puesto (depActual='Incontinencia') -> SALTA
[00:40:50] Total de equipos encontrados: 8
[00:40:50] ========================================================
[00:41:15] ==================== NUEVA PETICION ====================
[00:41:15] Departamento recibido: 'Incontinencia'
[00:41:15] Puesto recibido: 'Técnico electrónico'
[00:41:15] Departamento normalizado: 'incontinencia'
[00:41:15] Puesto normalizado: 'tecnico electronico'
[00:41:15] Ruta Excel: C:\xampp\htdocs\Mes\KCMes\EPP\php/FO-OSHPS012-01_Identificación_y_selección_de_EPP.xlsx
[00:41:15] OK: archivo encontrado
[00:41:15] Hoja [0]: 'EPP'
[00:41:15] Hoja [1]: 'Tabla I.1'
[00:41:15] Hoja [2]: 'X supervisor'
[00:41:15] Hoja [3]: 'Para alta'
[00:41:15] Hoja activa: EPP
[00:41:15] Ultima fila con datos: 142
[00:41:15] Fila 6: dep='Contratistas' puesto='Soldador' | depOk=no puestoOk=no
[00:41:15] Fila 7: dep='Contratistas' puesto='Prevencionista' | depOk=no puestoOk=no
[00:41:15] Fila 8: dep='Contratistas' puesto='Ayudante general' | depOk=no puestoOk=no
[00:41:15] Fila 9: dep='Relaciones industriales' puesto='Ayudante general' | depOk=no puestoOk=no
[00:41:15] Fila 10: dep='Relaciones industriales' puesto='Guardia' | depOk=no puestoOk=no
[00:41:15] Fila 11: dep='Relaciones industriales' puesto='Ayudante general' | depOk=no puestoOk=no
[00:41:15] Fila 12: dep='Relaciones industriales' puesto='Personal de intentendencia' | depOk=no puestoOk=no
[00:41:15] Fila 13: dep='Servicios Auxiliares' puesto='Mecánico' | depOk=no puestoOk=no
[00:41:15] Fila 14: dep='Servicios Auxiliares' puesto='Mecánico' | depOk=no puestoOk=no
[00:41:15] Fila 15: dep='Servicios Auxiliares' puesto='Mecánico' | depOk=no puestoOk=no
[00:41:15] Fila 16: dep='Servicios Auxiliares' puesto='Mecánico' | depOk=no puestoOk=no
[00:41:15] Fila 17: dep='Servicios Auxiliares' puesto='Empacador' | depOk=no puestoOk=no
[00:41:15] Fila 18: dep='Telas NoTejidas' puesto='Superintendente mecatronico' | depOk=no puestoOk=no
[00:41:15] Fila 19: dep='Telas NoTejidas' puesto='Ing. Proceso' | depOk=no puestoOk=no
[00:41:15] Fila 20: dep='Telas NoTejidas' puesto='Conductor' | depOk=no puestoOk=no
[00:41:15] Fila 21: dep='Telas NoTejidas' puesto='Ayudante De Operador' | depOk=no puestoOk=no
[00:41:15] Fila 22: dep='Telas NoTejidas' puesto='Empacador' | depOk=no puestoOk=no
[00:41:15] Fila 23: dep='Telas NoTejidas' puesto='Líder de Operación' | depOk=no puestoOk=no
[00:41:15] Fila 24: dep='Telas NoTejidas' puesto='Tecnico Electronico' | depOk=no puestoOk=SI
[00:41:15] Fila 25: dep='Telas NoTejidas' puesto='Mecanico D' | depOk=no puestoOk=no
[00:41:15] Fila 26: dep='Telas NoTejidas' puesto='Mecanico B' | depOk=no puestoOk=no
[00:41:15] Fila 27: dep='Telas NoTejidas' puesto='Electrico D' | depOk=no puestoOk=no
[00:41:15] Fila 28: dep='Telas NoTejidas' puesto='Auxiliar Administrativo' | depOk=no puestoOk=no
[00:41:15] Fila 29: dep='Telas NoTejidas' puesto='Maestro en cardas' | depOk=no puestoOk=no
[00:41:15] Fila 30: dep='Almacén Materia Prima' puesto='Montacarguista' | depOk=no puestoOk=no
[00:41:15] Fila 31: dep='Almacén Materia Prima' puesto='Auxiliar Administrativo' | depOk=no puestoOk=no
[00:41:15] Fila 32: dep='Almacén Materia Prima' puesto='Supervisor' | depOk=no puestoOk=no
[00:41:15] Fila 33: dep='Almacén Materia Prima' puesto='Planeador' | depOk=no puestoOk=no
[00:41:15] Fila 34: dep='Almacén Materia Prima' puesto='Superintendente' | depOk=no puestoOk=no
[00:41:15] Fila 35: dep='Pañal' puesto='sellador' | depOk=no puestoOk=no
[00:41:15] Fila 36: dep='Pañal' puesto='Ing. Proceso' | depOk=no puestoOk=no
[00:41:15] Fila 37: dep='Pañal' puesto='Electrico' | depOk=no puestoOk=no
[00:41:15] Fila 38: dep='Pañal' puesto='Jefe de mantenimiento' | depOk=no puestoOk=no
[00:41:15] Fila 39: dep='Pañal' puesto='Planeador' | depOk=no puestoOk=no
[00:41:15] Fila 40: dep='Pañal' puesto='Electronico' | depOk=no puestoOk=SI
[00:41:15] Fila 41: dep='Pañal' puesto='Supervisor' | depOk=no puestoOk=no
[00:41:15] Fila 42: dep='Pañal' puesto='Super intendente' | depOk=no puestoOk=no
[00:41:15] Fila 43: dep='Pañal' puesto='Conductor' | depOk=no puestoOk=no
[00:41:15] Fila 44: dep='Pañal' puesto='Mecanico' | depOk=no puestoOk=no
[00:41:15] Fila 45: dep='Pañal' puesto='Empacador' | depOk=no puestoOk=no
[00:41:15] Fila 46: dep='Pañal' puesto='Gerente' | depOk=no puestoOk=no
[00:41:15] Fila 47: dep='Pañal' puesto='TSP' | depOk=no puestoOk=no
[00:41:15] Fila 48: dep='Pañal' puesto='Ayudannte' | depOk=no puestoOk=no
[00:41:15] Fila 49: dep='Protección femenina' puesto='Eléctrico' | depOk=no puestoOk=no
[00:41:15] Fila 50: dep='Protección femenina' puesto='Electrónico' | depOk=no puestoOk=SI
[00:41:15] Fila 51: dep='Protección femenina' puesto='Mecánico' | depOk=no puestoOk=no
[00:41:15] Fila 52: dep='Protección femenina' puesto='Ayudante' | depOk=no puestoOk=no
[00:41:15] Fila 53: dep='Protección femenina' puesto='Conductor' | depOk=no puestoOk=no
[00:41:15] Fila 54: dep='Protección femenina' puesto='Empacador' | depOk=no puestoOk=no
[00:41:15] Fila 55: dep='Protección femenina' puesto='Sellador de Linea' | depOk=no puestoOk=no
[00:41:15] Fila 56: dep='Protección femenina' puesto='TCP' | depOk=no puestoOk=no
[00:41:15] Fila 57: dep='Incontinencia' puesto='Gerente de Incontinencia' | depOk=SI puestoOk=no
[00:41:15] Fila 58: dep='Incontinencia' puesto='Superintendente  mantenimiento mecánico' | depOk=SI puestoOk=no
[00:41:15] Fila 59: dep='Incontinencia' puesto='Superintendente mantenimiento electrico' | depOk=SI puestoOk=no
[00:41:15] Fila 60: dep='Incontinencia' puesto='Superintendente de proceso' | depOk=SI puestoOk=no
[00:41:15] Fila 61: dep='Incontinencia' puesto='Supervisor produción' | depOk=SI puestoOk=no
[00:41:15] Fila 62: dep='Incontinencia' puesto='Supervisor Mecánico' | depOk=SI puestoOk=no
[00:41:15] Fila 63: dep='Incontinencia' puesto='Ing. de proceso' | depOk=SI puestoOk=no
[00:41:15] Fila 64: dep='Incontinencia' puesto='Planeador' | depOk=SI puestoOk=no
[00:41:15] Fila 65: dep='Incontinencia' puesto='Electronico' | depOk=SI puestoOk=SI
[00:41:15]    >>> MATCH en fila 65
[00:41:15]       + [Cabeza] B)        Casco dieléctrico
[00:41:15]       + [Ojos y cara] C)        Protector facial
[00:41:15]       + [Oídos] A)        Tapones auditivos
[00:41:15]       + [Aparato respiratorio] A)        Respirador contra partículas
[00:41:15]       + [Extremidades superiores] B)        Guantes dieléctricos
[00:41:15]       + [Tronco] F)      Ropa de alta visibilidad
[00:41:15]       + [Extremidades inferiores] C)        Calzado dieléctrico
[00:41:15]       + [Otros] A)        Equipo de protección contra caídas de altura
[00:41:15] Fila 66: dep='Incontinencia' puesto='Conductor de Maquina' | depOk=SI puestoOk=no
[00:41:15] Fila 67: dep='Incontinencia' puesto='Mecánico categorias A,B,C,D' | depOk=SI puestoOk=no
[00:41:15] Fila 68: dep='Incontinencia' puesto='Electrico categorias A,B,C,D' | depOk=SI puestoOk=no
[00:41:15] Fila 69: dep='Incontinencia' puesto='Ayudannte' | depOk=SI puestoOk=no
[00:41:15] Fila 70: dep='Incontinencia' puesto='sellador' | depOk=SI puestoOk=no
[00:41:15] Fila 71: dep='Incontinencia' puesto='Empacador' | depOk=SI puestoOk=no
[00:41:15] Fila 72: dep='Incontinencia' puesto='Mecánico especialista adhesivos' | depOk=SI puestoOk=no
[00:41:15] Fila 73: dep='Incontinencia' puesto='Mecánico con perfil maquinas herramientas' | depOk=SI puestoOk=no
[00:41:15] Fila 74: sin puesto (depActual='Incontinencia') -> SALTA
[00:41:15] Fila 75: sin puesto (depActual='Incontinencia') -> SALTA
[00:41:15] Fila 76: sin puesto (depActual='Incontinencia') -> SALTA
[00:41:15] Fila 77: sin puesto (depActual='Incontinencia') -> SALTA
[00:41:15] Fila 78: sin puesto (depActual='Incontinencia') -> SALTA
[00:41:15] Fila 79: sin puesto (depActual='Incontinencia') -> SALTA
[00:41:15] Fila 80: sin puesto (depActual='Incontinencia') -> SALTA
[00:41:15] Fila 81: sin puesto (depActual='Incontinencia') -> SALTA
[00:41:15] Fila 82: sin puesto (depActual='Incontinencia') -> SALTA
[00:41:15] Fila 83: sin puesto (depActual='Incontinencia') -> SALTA
[00:41:15] Fila 84: sin puesto (depActual='Incontinencia') -> SALTA
[00:41:15] Fila 85: sin puesto (depActual='Incontinencia') -> SALTA
[00:41:15] Fila 86: sin puesto (depActual='Incontinencia') -> SALTA
[00:41:15] Fila 87: sin puesto (depActual='Incontinencia') -> SALTA
[00:41:15] Fila 88: sin puesto (depActual='Incontinencia') -> SALTA
[00:41:15] Fila 89: sin puesto (depActual='Incontinencia') -> SALTA
[00:41:15] Fila 90: sin puesto (depActual='Incontinencia') -> SALTA
[00:41:15] Fila 91: sin puesto (depActual='Incontinencia') -> SALTA
[00:41:15] Fila 92: sin puesto (depActual='Incontinencia') -> SALTA
[00:41:15] Fila 93: sin puesto (depActual='Incontinencia') -> SALTA
[00:41:15] Fila 94: sin puesto (depActual='Incontinencia') -> SALTA
[00:41:15] Fila 95: sin puesto (depActual='Incontinencia') -> SALTA
[00:41:15] Fila 96: sin puesto (depActual='Incontinencia') -> SALTA
[00:41:15] Fila 97: sin puesto (depActual='Incontinencia') -> SALTA
[00:41:15] Fila 98: sin puesto (depActual='Incontinencia') -> SALTA
[00:41:15] Fila 99: sin puesto (depActual='Incontinencia') -> SALTA
[00:41:15] Fila 100: sin puesto (depActual='Incontinencia') -> SALTA
[00:41:15] Fila 101: sin puesto (depActual='Incontinencia') -> SALTA
[00:41:15] Fila 102: sin puesto (depActual='Incontinencia') -> SALTA
[00:41:15] Fila 103: sin puesto (depActual='Incontinencia') -> SALTA
[00:41:15] Fila 104: sin puesto (depActual='Incontinencia') -> SALTA
[00:41:15] Fila 105: sin puesto (depActual='Incontinencia') -> SALTA
[00:41:15] Fila 106: sin puesto (depActual='Incontinencia') -> SALTA
[00:41:15] Fila 107: sin puesto (depActual='Incontinencia') -> SALTA
[00:41:15] Fila 108: sin puesto (depActual='Incontinencia') -> SALTA
[00:41:15] Fila 109: sin puesto (depActual='Incontinencia') -> SALTA
[00:41:15] Fila 110: sin puesto (depActual='Incontinencia') -> SALTA
[00:41:15] Fila 111: sin puesto (depActual='Incontinencia') -> SALTA
[00:41:15] Fila 112: sin puesto (depActual='Incontinencia') -> SALTA
[00:41:15] Fila 113: sin puesto (depActual='Incontinencia') -> SALTA
[00:41:15] Fila 114: sin puesto (depActual='Incontinencia') -> SALTA
[00:41:15] Fila 115: sin puesto (depActual='Incontinencia') -> SALTA
[00:41:15] Fila 116: sin puesto (depActual='Incontinencia') -> SALTA
[00:41:15] Fila 117: sin puesto (depActual='Incontinencia') -> SALTA
[00:41:15] Fila 118: sin puesto (depActual='Incontinencia') -> SALTA
[00:41:15] Fila 119: sin puesto (depActual='Incontinencia') -> SALTA
[00:41:15] Fila 120: sin puesto (depActual='Incontinencia') -> SALTA
[00:41:15] Fila 121: sin puesto (depActual='Incontinencia') -> SALTA
[00:41:15] Fila 122: sin puesto (depActual='Incontinencia') -> SALTA
[00:41:15] Fila 123: sin puesto (depActual='Incontinencia') -> SALTA
[00:41:15] Fila 124: sin puesto (depActual='Incontinencia') -> SALTA
[00:41:15] Fila 125: sin puesto (depActual='Incontinencia') -> SALTA
[00:41:15] Fila 126: sin puesto (depActual='Incontinencia') -> SALTA
[00:41:15] Fila 127: sin puesto (depActual='Incontinencia') -> SALTA
[00:41:15] Fila 128: sin puesto (depActual='Incontinencia') -> SALTA
[00:41:15] Fila 129: sin puesto (depActual='Incontinencia') -> SALTA
[00:41:15] Fila 130: sin puesto (depActual='Incontinencia') -> SALTA
[00:41:15] Fila 131: sin puesto (depActual='Incontinencia') -> SALTA
[00:41:15] Fila 132: sin puesto (depActual='Incontinencia') -> SALTA
[00:41:15] Fila 133: sin puesto (depActual='Incontinencia') -> SALTA
[00:41:15] Fila 134: sin puesto (depActual='Incontinencia') -> SALTA
[00:41:15] Fila 135: sin puesto (depActual='Incontinencia') -> SALTA
[00:41:15] Fila 136: sin puesto (depActual='Incontinencia') -> SALTA
[00:41:15] Fila 137: sin puesto (depActual='Incontinencia') -> SALTA
[00:41:15] Fila 138: sin puesto (depActual='Incontinencia') -> SALTA
[00:41:15] Fila 139: sin puesto (depActual='Incontinencia') -> SALTA
[00:41:15] Fila 140: sin puesto (depActual='Incontinencia') -> SALTA
[00:41:15] Fila 141: sin puesto (depActual='Incontinencia') -> SALTA
[00:41:15] Fila 142: sin puesto (depActual='Incontinencia') -> SALTA
[00:41:15] Total de equipos encontrados: 8
[00:41:15] ========================================================
[00:41:30] ==================== NUEVA PETICION ====================
[00:41:30] Departamento recibido: 'Incontinencia'
[00:41:30] Puesto recibido: 'Técnico electrónico'
[00:41:30] Departamento normalizado: 'incontinencia'
[00:41:30] Puesto normalizado: 'tecnico electronico'
[00:41:30] Ruta Excel: C:\xampp\htdocs\Mes\KCMes\EPP\php/FO-OSHPS012-01_Identificación_y_selección_de_EPP.xlsx
[00:41:30] OK: archivo encontrado
[00:41:30] Hoja [0]: 'EPP'
[00:41:30] Hoja [1]: 'Tabla I.1'
[00:41:30] Hoja [2]: 'X supervisor'
[00:41:30] Hoja [3]: 'Para alta'
[00:41:30] Hoja activa: EPP
[00:41:30] Ultima fila con datos: 142
[00:41:30] Fila 6: dep='Contratistas' puesto='Soldador' | depOk=no puestoOk=no
[00:41:30] Fila 7: dep='Contratistas' puesto='Prevencionista' | depOk=no puestoOk=no
[00:41:30] Fila 8: dep='Contratistas' puesto='Ayudante general' | depOk=no puestoOk=no
[00:41:30] Fila 9: dep='Relaciones industriales' puesto='Ayudante general' | depOk=no puestoOk=no
[00:41:30] Fila 10: dep='Relaciones industriales' puesto='Guardia' | depOk=no puestoOk=no
[00:41:30] Fila 11: dep='Relaciones industriales' puesto='Ayudante general' | depOk=no puestoOk=no
[00:41:30] Fila 12: dep='Relaciones industriales' puesto='Personal de intentendencia' | depOk=no puestoOk=no
[00:41:30] Fila 13: dep='Servicios Auxiliares' puesto='Mecánico' | depOk=no puestoOk=no
[00:41:30] Fila 14: dep='Servicios Auxiliares' puesto='Mecánico' | depOk=no puestoOk=no
[00:41:30] Fila 15: dep='Servicios Auxiliares' puesto='Mecánico' | depOk=no puestoOk=no
[00:41:30] Fila 16: dep='Servicios Auxiliares' puesto='Mecánico' | depOk=no puestoOk=no
[00:41:30] Fila 17: dep='Servicios Auxiliares' puesto='Empacador' | depOk=no puestoOk=no
[00:41:30] Fila 18: dep='Telas NoTejidas' puesto='Superintendente mecatronico' | depOk=no puestoOk=no
[00:41:30] Fila 19: dep='Telas NoTejidas' puesto='Ing. Proceso' | depOk=no puestoOk=no
[00:41:30] Fila 20: dep='Telas NoTejidas' puesto='Conductor' | depOk=no puestoOk=no
[00:41:30] Fila 21: dep='Telas NoTejidas' puesto='Ayudante De Operador' | depOk=no puestoOk=no
[00:41:30] Fila 22: dep='Telas NoTejidas' puesto='Empacador' | depOk=no puestoOk=no
[00:41:30] Fila 23: dep='Telas NoTejidas' puesto='Líder de Operación' | depOk=no puestoOk=no
[00:41:30] Fila 24: dep='Telas NoTejidas' puesto='Tecnico Electronico' | depOk=no puestoOk=SI
[00:41:30] Fila 25: dep='Telas NoTejidas' puesto='Mecanico D' | depOk=no puestoOk=no
[00:41:30] Fila 26: dep='Telas NoTejidas' puesto='Mecanico B' | depOk=no puestoOk=no
[00:41:30] Fila 27: dep='Telas NoTejidas' puesto='Electrico D' | depOk=no puestoOk=no
[00:41:30] Fila 28: dep='Telas NoTejidas' puesto='Auxiliar Administrativo' | depOk=no puestoOk=no
[00:41:30] Fila 29: dep='Telas NoTejidas' puesto='Maestro en cardas' | depOk=no puestoOk=no
[00:41:30] Fila 30: dep='Almacén Materia Prima' puesto='Montacarguista' | depOk=no puestoOk=no
[00:41:30] Fila 31: dep='Almacén Materia Prima' puesto='Auxiliar Administrativo' | depOk=no puestoOk=no
[00:41:30] Fila 32: dep='Almacén Materia Prima' puesto='Supervisor' | depOk=no puestoOk=no
[00:41:30] Fila 33: dep='Almacén Materia Prima' puesto='Planeador' | depOk=no puestoOk=no
[00:41:30] Fila 34: dep='Almacén Materia Prima' puesto='Superintendente' | depOk=no puestoOk=no
[00:41:30] Fila 35: dep='Pañal' puesto='sellador' | depOk=no puestoOk=no
[00:41:30] Fila 36: dep='Pañal' puesto='Ing. Proceso' | depOk=no puestoOk=no
[00:41:30] Fila 37: dep='Pañal' puesto='Electrico' | depOk=no puestoOk=no
[00:41:30] Fila 38: dep='Pañal' puesto='Jefe de mantenimiento' | depOk=no puestoOk=no
[00:41:30] Fila 39: dep='Pañal' puesto='Planeador' | depOk=no puestoOk=no
[00:41:30] Fila 40: dep='Pañal' puesto='Electronico' | depOk=no puestoOk=SI
[00:41:30] Fila 41: dep='Pañal' puesto='Supervisor' | depOk=no puestoOk=no
[00:41:30] Fila 42: dep='Pañal' puesto='Super intendente' | depOk=no puestoOk=no
[00:41:30] Fila 43: dep='Pañal' puesto='Conductor' | depOk=no puestoOk=no
[00:41:30] Fila 44: dep='Pañal' puesto='Mecanico' | depOk=no puestoOk=no
[00:41:30] Fila 45: dep='Pañal' puesto='Empacador' | depOk=no puestoOk=no
[00:41:30] Fila 46: dep='Pañal' puesto='Gerente' | depOk=no puestoOk=no
[00:41:30] Fila 47: dep='Pañal' puesto='TSP' | depOk=no puestoOk=no
[00:41:30] Fila 48: dep='Pañal' puesto='Ayudannte' | depOk=no puestoOk=no
[00:41:30] Fila 49: dep='Protección femenina' puesto='Eléctrico' | depOk=no puestoOk=no
[00:41:30] Fila 50: dep='Protección femenina' puesto='Electrónico' | depOk=no puestoOk=SI
[00:41:30] Fila 51: dep='Protección femenina' puesto='Mecánico' | depOk=no puestoOk=no
[00:41:30] Fila 52: dep='Protección femenina' puesto='Ayudante' | depOk=no puestoOk=no
[00:41:30] Fila 53: dep='Protección femenina' puesto='Conductor' | depOk=no puestoOk=no
[00:41:30] Fila 54: dep='Protección femenina' puesto='Empacador' | depOk=no puestoOk=no
[00:41:30] Fila 55: dep='Protección femenina' puesto='Sellador de Linea' | depOk=no puestoOk=no
[00:41:30] Fila 56: dep='Protección femenina' puesto='TCP' | depOk=no puestoOk=no
[00:41:30] Fila 57: dep='Incontinencia' puesto='Gerente de Incontinencia' | depOk=SI puestoOk=no
[00:41:30] Fila 58: dep='Incontinencia' puesto='Superintendente  mantenimiento mecánico' | depOk=SI puestoOk=no
[00:41:30] Fila 59: dep='Incontinencia' puesto='Superintendente mantenimiento electrico' | depOk=SI puestoOk=no
[00:41:30] Fila 60: dep='Incontinencia' puesto='Superintendente de proceso' | depOk=SI puestoOk=no
[00:41:30] Fila 61: dep='Incontinencia' puesto='Supervisor produción' | depOk=SI puestoOk=no
[00:41:30] Fila 62: dep='Incontinencia' puesto='Supervisor Mecánico' | depOk=SI puestoOk=no
[00:41:30] Fila 63: dep='Incontinencia' puesto='Ing. de proceso' | depOk=SI puestoOk=no
[00:41:30] Fila 64: dep='Incontinencia' puesto='Planeador' | depOk=SI puestoOk=no
[00:41:30] Fila 65: dep='Incontinencia' puesto='Electronico' | depOk=SI puestoOk=SI
[00:41:30]    >>> MATCH en fila 65
[00:41:30]       + [Cabeza] B)        Casco dieléctrico
[00:41:30]       + [Ojos y cara] C)        Protector facial
[00:41:30]       + [Oídos] A)        Tapones auditivos
[00:41:30]       + [Aparato respiratorio] A)        Respirador contra partículas
[00:41:30]       + [Extremidades superiores] B)        Guantes dieléctricos
[00:41:30]       + [Tronco] F)      Ropa de alta visibilidad
[00:41:30]       + [Extremidades inferiores] C)        Calzado dieléctrico
[00:41:30]       + [Otros] A)        Equipo de protección contra caídas de altura
[00:41:30] Fila 66: dep='Incontinencia' puesto='Conductor de Maquina' | depOk=SI puestoOk=no
[00:41:30] Fila 67: dep='Incontinencia' puesto='Mecánico categorias A,B,C,D' | depOk=SI puestoOk=no
[00:41:30] Fila 68: dep='Incontinencia' puesto='Electrico categorias A,B,C,D' | depOk=SI puestoOk=no
[00:41:30] Fila 69: dep='Incontinencia' puesto='Ayudannte' | depOk=SI puestoOk=no
[00:41:30] Fila 70: dep='Incontinencia' puesto='sellador' | depOk=SI puestoOk=no
[00:41:30] Fila 71: dep='Incontinencia' puesto='Empacador' | depOk=SI puestoOk=no
[00:41:30] Fila 72: dep='Incontinencia' puesto='Mecánico especialista adhesivos' | depOk=SI puestoOk=no
[00:41:30] Fila 73: dep='Incontinencia' puesto='Mecánico con perfil maquinas herramientas' | depOk=SI puestoOk=no
[00:41:30] Fila 74: sin puesto (depActual='Incontinencia') -> SALTA
[00:41:30] Fila 75: sin puesto (depActual='Incontinencia') -> SALTA
[00:41:30] Fila 76: sin puesto (depActual='Incontinencia') -> SALTA
[00:41:30] Fila 77: sin puesto (depActual='Incontinencia') -> SALTA
[00:41:30] Fila 78: sin puesto (depActual='Incontinencia') -> SALTA
[00:41:30] Fila 79: sin puesto (depActual='Incontinencia') -> SALTA
[00:41:30] Fila 80: sin puesto (depActual='Incontinencia') -> SALTA
[00:41:30] Fila 81: sin puesto (depActual='Incontinencia') -> SALTA
[00:41:30] Fila 82: sin puesto (depActual='Incontinencia') -> SALTA
[00:41:30] Fila 83: sin puesto (depActual='Incontinencia') -> SALTA
[00:41:30] Fila 84: sin puesto (depActual='Incontinencia') -> SALTA
[00:41:30] Fila 85: sin puesto (depActual='Incontinencia') -> SALTA
[00:41:30] Fila 86: sin puesto (depActual='Incontinencia') -> SALTA
[00:41:30] Fila 87: sin puesto (depActual='Incontinencia') -> SALTA
[00:41:30] Fila 88: sin puesto (depActual='Incontinencia') -> SALTA
[00:41:30] Fila 89: sin puesto (depActual='Incontinencia') -> SALTA
[00:41:30] Fila 90: sin puesto (depActual='Incontinencia') -> SALTA
[00:41:30] Fila 91: sin puesto (depActual='Incontinencia') -> SALTA
[00:41:30] Fila 92: sin puesto (depActual='Incontinencia') -> SALTA
[00:41:30] Fila 93: sin puesto (depActual='Incontinencia') -> SALTA
[00:41:30] Fila 94: sin puesto (depActual='Incontinencia') -> SALTA
[00:41:30] Fila 95: sin puesto (depActual='Incontinencia') -> SALTA
[00:41:30] Fila 96: sin puesto (depActual='Incontinencia') -> SALTA
[00:41:30] Fila 97: sin puesto (depActual='Incontinencia') -> SALTA
[00:41:30] Fila 98: sin puesto (depActual='Incontinencia') -> SALTA
[00:41:30] Fila 99: sin puesto (depActual='Incontinencia') -> SALTA
[00:41:30] Fila 100: sin puesto (depActual='Incontinencia') -> SALTA
[00:41:30] Fila 101: sin puesto (depActual='Incontinencia') -> SALTA
[00:41:30] Fila 102: sin puesto (depActual='Incontinencia') -> SALTA
[00:41:30] Fila 103: sin puesto (depActual='Incontinencia') -> SALTA
[00:41:30] Fila 104: sin puesto (depActual='Incontinencia') -> SALTA
[00:41:30] Fila 105: sin puesto (depActual='Incontinencia') -> SALTA
[00:41:30] Fila 106: sin puesto (depActual='Incontinencia') -> SALTA
[00:41:30] Fila 107: sin puesto (depActual='Incontinencia') -> SALTA
[00:41:30] Fila 108: sin puesto (depActual='Incontinencia') -> SALTA
[00:41:30] Fila 109: sin puesto (depActual='Incontinencia') -> SALTA
[00:41:30] Fila 110: sin puesto (depActual='Incontinencia') -> SALTA
[00:41:30] Fila 111: sin puesto (depActual='Incontinencia') -> SALTA
[00:41:30] Fila 112: sin puesto (depActual='Incontinencia') -> SALTA
[00:41:30] Fila 113: sin puesto (depActual='Incontinencia') -> SALTA
[00:41:30] Fila 114: sin puesto (depActual='Incontinencia') -> SALTA
[00:41:30] Fila 115: sin puesto (depActual='Incontinencia') -> SALTA
[00:41:30] Fila 116: sin puesto (depActual='Incontinencia') -> SALTA
[00:41:30] Fila 117: sin puesto (depActual='Incontinencia') -> SALTA
[00:41:30] Fila 118: sin puesto (depActual='Incontinencia') -> SALTA
[00:41:30] Fila 119: sin puesto (depActual='Incontinencia') -> SALTA
[00:41:30] Fila 120: sin puesto (depActual='Incontinencia') -> SALTA
[00:41:30] Fila 121: sin puesto (depActual='Incontinencia') -> SALTA
[00:41:30] Fila 122: sin puesto (depActual='Incontinencia') -> SALTA
[00:41:30] Fila 123: sin puesto (depActual='Incontinencia') -> SALTA
[00:41:30] Fila 124: sin puesto (depActual='Incontinencia') -> SALTA
[00:41:30] Fila 125: sin puesto (depActual='Incontinencia') -> SALTA
[00:41:30] Fila 126: sin puesto (depActual='Incontinencia') -> SALTA
[00:41:30] Fila 127: sin puesto (depActual='Incontinencia') -> SALTA
[00:41:30] Fila 128: sin puesto (depActual='Incontinencia') -> SALTA
[00:41:30] Fila 129: sin puesto (depActual='Incontinencia') -> SALTA
[00:41:30] Fila 130: sin puesto (depActual='Incontinencia') -> SALTA
[00:41:30] Fila 131: sin puesto (depActual='Incontinencia') -> SALTA
[00:41:30] Fila 132: sin puesto (depActual='Incontinencia') -> SALTA
[00:41:30] Fila 133: sin puesto (depActual='Incontinencia') -> SALTA
[00:41:30] Fila 134: sin puesto (depActual='Incontinencia') -> SALTA
[00:41:30] Fila 135: sin puesto (depActual='Incontinencia') -> SALTA
[00:41:30] Fila 136: sin puesto (depActual='Incontinencia') -> SALTA
[00:41:30] Fila 137: sin puesto (depActual='Incontinencia') -> SALTA
[00:41:30] Fila 138: sin puesto (depActual='Incontinencia') -> SALTA
[00:41:30] Fila 139: sin puesto (depActual='Incontinencia') -> SALTA
[00:41:30] Fila 140: sin puesto (depActual='Incontinencia') -> SALTA
[00:41:30] Fila 141: sin puesto (depActual='Incontinencia') -> SALTA
[00:41:30] Fila 142: sin puesto (depActual='Incontinencia') -> SALTA
[00:41:30] Total de equipos encontrados: 8
[00:41:30] ========================================================
[00:42:44] ==================== NUEVA PETICION ====================
[00:42:44] Departamento recibido: 'Incontinencia'
[00:42:44] Puesto recibido: 'Técnico electrónico'
[00:42:44] Departamento normalizado: 'incontinencia'
[00:42:44] Puesto normalizado: 'tecnico electronico'
[00:42:44] Ruta Excel: C:\xampp\htdocs\Mes\KCMes\EPP\php/FO-OSHPS012-01_Identificación_y_selección_de_EPP.xlsx
[00:42:44] OK: archivo encontrado
[00:42:44] Hoja [0]: 'EPP'
[00:42:44] Hoja [1]: 'Tabla I.1'
[00:42:44] Hoja [2]: 'X supervisor'
[00:42:44] Hoja [3]: 'Para alta'
[00:42:44] Hoja activa: EPP
[00:42:44] Ultima fila con datos: 142
[00:42:44] Fila 6: dep='Contratistas' puesto='Soldador' | depOk=no puestoOk=no
[00:42:44] Fila 7: dep='Contratistas' puesto='Prevencionista' | depOk=no puestoOk=no
[00:42:44] Fila 8: dep='Contratistas' puesto='Ayudante general' | depOk=no puestoOk=no
[00:42:44] Fila 9: dep='Relaciones industriales' puesto='Ayudante general' | depOk=no puestoOk=no
[00:42:44] Fila 10: dep='Relaciones industriales' puesto='Guardia' | depOk=no puestoOk=no
[00:42:44] Fila 11: dep='Relaciones industriales' puesto='Ayudante general' | depOk=no puestoOk=no
[00:42:44] Fila 12: dep='Relaciones industriales' puesto='Personal de intentendencia' | depOk=no puestoOk=no
[00:42:44] Fila 13: dep='Servicios Auxiliares' puesto='Mecánico' | depOk=no puestoOk=no
[00:42:44] Fila 14: dep='Servicios Auxiliares' puesto='Mecánico' | depOk=no puestoOk=no
[00:42:44] Fila 15: dep='Servicios Auxiliares' puesto='Mecánico' | depOk=no puestoOk=no
[00:42:44] Fila 16: dep='Servicios Auxiliares' puesto='Mecánico' | depOk=no puestoOk=no
[00:42:44] Fila 17: dep='Servicios Auxiliares' puesto='Empacador' | depOk=no puestoOk=no
[00:42:44] Fila 18: dep='Telas NoTejidas' puesto='Superintendente mecatronico' | depOk=no puestoOk=no
[00:42:44] Fila 19: dep='Telas NoTejidas' puesto='Ing. Proceso' | depOk=no puestoOk=no
[00:42:44] Fila 20: dep='Telas NoTejidas' puesto='Conductor' | depOk=no puestoOk=no
[00:42:44] Fila 21: dep='Telas NoTejidas' puesto='Ayudante De Operador' | depOk=no puestoOk=no
[00:42:44] Fila 22: dep='Telas NoTejidas' puesto='Empacador' | depOk=no puestoOk=no
[00:42:44] Fila 23: dep='Telas NoTejidas' puesto='Líder de Operación' | depOk=no puestoOk=no
[00:42:44] Fila 24: dep='Telas NoTejidas' puesto='Tecnico Electronico' | depOk=no puestoOk=SI
[00:42:44] Fila 25: dep='Telas NoTejidas' puesto='Mecanico D' | depOk=no puestoOk=no
[00:42:44] Fila 26: dep='Telas NoTejidas' puesto='Mecanico B' | depOk=no puestoOk=no
[00:42:44] Fila 27: dep='Telas NoTejidas' puesto='Electrico D' | depOk=no puestoOk=no
[00:42:44] Fila 28: dep='Telas NoTejidas' puesto='Auxiliar Administrativo' | depOk=no puestoOk=no
[00:42:44] Fila 29: dep='Telas NoTejidas' puesto='Maestro en cardas' | depOk=no puestoOk=no
[00:42:44] Fila 30: dep='Almacén Materia Prima' puesto='Montacarguista' | depOk=no puestoOk=no
[00:42:44] Fila 31: dep='Almacén Materia Prima' puesto='Auxiliar Administrativo' | depOk=no puestoOk=no
[00:42:44] Fila 32: dep='Almacén Materia Prima' puesto='Supervisor' | depOk=no puestoOk=no
[00:42:44] Fila 33: dep='Almacén Materia Prima' puesto='Planeador' | depOk=no puestoOk=no
[00:42:44] Fila 34: dep='Almacén Materia Prima' puesto='Superintendente' | depOk=no puestoOk=no
[00:42:44] Fila 35: dep='Pañal' puesto='sellador' | depOk=no puestoOk=no
[00:42:44] Fila 36: dep='Pañal' puesto='Ing. Proceso' | depOk=no puestoOk=no
[00:42:44] Fila 37: dep='Pañal' puesto='Electrico' | depOk=no puestoOk=no
[00:42:44] Fila 38: dep='Pañal' puesto='Jefe de mantenimiento' | depOk=no puestoOk=no
[00:42:44] Fila 39: dep='Pañal' puesto='Planeador' | depOk=no puestoOk=no
[00:42:44] Fila 40: dep='Pañal' puesto='Electronico' | depOk=no puestoOk=SI
[00:42:44] Fila 41: dep='Pañal' puesto='Supervisor' | depOk=no puestoOk=no
[00:42:44] Fila 42: dep='Pañal' puesto='Super intendente' | depOk=no puestoOk=no
[00:42:44] Fila 43: dep='Pañal' puesto='Conductor' | depOk=no puestoOk=no
[00:42:44] Fila 44: dep='Pañal' puesto='Mecanico' | depOk=no puestoOk=no
[00:42:44] Fila 45: dep='Pañal' puesto='Empacador' | depOk=no puestoOk=no
[00:42:44] Fila 46: dep='Pañal' puesto='Gerente' | depOk=no puestoOk=no
[00:42:44] Fila 47: dep='Pañal' puesto='TSP' | depOk=no puestoOk=no
[00:42:44] Fila 48: dep='Pañal' puesto='Ayudannte' | depOk=no puestoOk=no
[00:42:44] Fila 49: dep='Protección femenina' puesto='Eléctrico' | depOk=no puestoOk=no
[00:42:44] Fila 50: dep='Protección femenina' puesto='Electrónico' | depOk=no puestoOk=SI
[00:42:44] Fila 51: dep='Protección femenina' puesto='Mecánico' | depOk=no puestoOk=no
[00:42:44] Fila 52: dep='Protección femenina' puesto='Ayudante' | depOk=no puestoOk=no
[00:42:44] Fila 53: dep='Protección femenina' puesto='Conductor' | depOk=no puestoOk=no
[00:42:44] Fila 54: dep='Protección femenina' puesto='Empacador' | depOk=no puestoOk=no
[00:42:44] Fila 55: dep='Protección femenina' puesto='Sellador de Linea' | depOk=no puestoOk=no
[00:42:44] Fila 56: dep='Protección femenina' puesto='TCP' | depOk=no puestoOk=no
[00:42:44] Fila 57: dep='Incontinencia' puesto='Gerente de Incontinencia' | depOk=SI puestoOk=no
[00:42:44] Fila 58: dep='Incontinencia' puesto='Superintendente  mantenimiento mecánico' | depOk=SI puestoOk=no
[00:42:44] Fila 59: dep='Incontinencia' puesto='Superintendente mantenimiento electrico' | depOk=SI puestoOk=no
[00:42:44] Fila 60: dep='Incontinencia' puesto='Superintendente de proceso' | depOk=SI puestoOk=no
[00:42:44] Fila 61: dep='Incontinencia' puesto='Supervisor produción' | depOk=SI puestoOk=no
[00:42:44] Fila 62: dep='Incontinencia' puesto='Supervisor Mecánico' | depOk=SI puestoOk=no
[00:42:44] Fila 63: dep='Incontinencia' puesto='Ing. de proceso' | depOk=SI puestoOk=no
[00:42:44] Fila 64: dep='Incontinencia' puesto='Planeador' | depOk=SI puestoOk=no
[00:42:44] Fila 65: dep='Incontinencia' puesto='Electronico' | depOk=SI puestoOk=SI
[00:42:44]    >>> MATCH en fila 65
[00:42:44]       + [Cabeza] B)        Casco dieléctrico
[00:42:44]       + [Ojos y cara] C)        Protector facial
[00:42:44]       + [Oídos] A)        Tapones auditivos
[00:42:44]       + [Aparato respiratorio] A)        Respirador contra partículas
[00:42:44]       + [Extremidades superiores] B)        Guantes dieléctricos
[00:42:44]       + [Tronco] F)      Ropa de alta visibilidad
[00:42:44]       + [Extremidades inferiores] C)        Calzado dieléctrico
[00:42:44]       + [Otros] A)        Equipo de protección contra caídas de altura
[00:42:44] Fila 66: dep='Incontinencia' puesto='Conductor de Maquina' | depOk=SI puestoOk=no
[00:42:44] Fila 67: dep='Incontinencia' puesto='Mecánico categorias A,B,C,D' | depOk=SI puestoOk=no
[00:42:44] Fila 68: dep='Incontinencia' puesto='Electrico categorias A,B,C,D' | depOk=SI puestoOk=no
[00:42:44] Fila 69: dep='Incontinencia' puesto='Ayudannte' | depOk=SI puestoOk=no
[00:42:44] Fila 70: dep='Incontinencia' puesto='sellador' | depOk=SI puestoOk=no
[00:42:44] Fila 71: dep='Incontinencia' puesto='Empacador' | depOk=SI puestoOk=no
[00:42:44] Fila 72: dep='Incontinencia' puesto='Mecánico especialista adhesivos' | depOk=SI puestoOk=no
[00:42:44] Fila 73: dep='Incontinencia' puesto='Mecánico con perfil maquinas herramientas' | depOk=SI puestoOk=no
[00:42:44] Fila 74: sin puesto (depActual='Incontinencia') -> SALTA
[00:42:44] Fila 75: sin puesto (depActual='Incontinencia') -> SALTA
[00:42:44] Fila 76: sin puesto (depActual='Incontinencia') -> SALTA
[00:42:44] Fila 77: sin puesto (depActual='Incontinencia') -> SALTA
[00:42:44] Fila 78: sin puesto (depActual='Incontinencia') -> SALTA
[00:42:44] Fila 79: sin puesto (depActual='Incontinencia') -> SALTA
[00:42:44] Fila 80: sin puesto (depActual='Incontinencia') -> SALTA
[00:42:44] Fila 81: sin puesto (depActual='Incontinencia') -> SALTA
[00:42:44] Fila 82: sin puesto (depActual='Incontinencia') -> SALTA
[00:42:44] Fila 83: sin puesto (depActual='Incontinencia') -> SALTA
[00:42:44] Fila 84: sin puesto (depActual='Incontinencia') -> SALTA
[00:42:44] Fila 85: sin puesto (depActual='Incontinencia') -> SALTA
[00:42:44] Fila 86: sin puesto (depActual='Incontinencia') -> SALTA
[00:42:44] Fila 87: sin puesto (depActual='Incontinencia') -> SALTA
[00:42:44] Fila 88: sin puesto (depActual='Incontinencia') -> SALTA
[00:42:44] Fila 89: sin puesto (depActual='Incontinencia') -> SALTA
[00:42:44] Fila 90: sin puesto (depActual='Incontinencia') -> SALTA
[00:42:44] Fila 91: sin puesto (depActual='Incontinencia') -> SALTA
[00:42:44] Fila 92: sin puesto (depActual='Incontinencia') -> SALTA
[00:42:44] Fila 93: sin puesto (depActual='Incontinencia') -> SALTA
[00:42:44] Fila 94: sin puesto (depActual='Incontinencia') -> SALTA
[00:42:44] Fila 95: sin puesto (depActual='Incontinencia') -> SALTA
[00:42:44] Fila 96: sin puesto (depActual='Incontinencia') -> SALTA
[00:42:44] Fila 97: sin puesto (depActual='Incontinencia') -> SALTA
[00:42:44] Fila 98: sin puesto (depActual='Incontinencia') -> SALTA
[00:42:44] Fila 99: sin puesto (depActual='Incontinencia') -> SALTA
[00:42:44] Fila 100: sin puesto (depActual='Incontinencia') -> SALTA
[00:42:44] Fila 101: sin puesto (depActual='Incontinencia') -> SALTA
[00:42:44] Fila 102: sin puesto (depActual='Incontinencia') -> SALTA
[00:42:44] Fila 103: sin puesto (depActual='Incontinencia') -> SALTA
[00:42:44] Fila 104: sin puesto (depActual='Incontinencia') -> SALTA
[00:42:44] Fila 105: sin puesto (depActual='Incontinencia') -> SALTA
[00:42:44] Fila 106: sin puesto (depActual='Incontinencia') -> SALTA
[00:42:44] Fila 107: sin puesto (depActual='Incontinencia') -> SALTA
[00:42:44] Fila 108: sin puesto (depActual='Incontinencia') -> SALTA
[00:42:44] Fila 109: sin puesto (depActual='Incontinencia') -> SALTA
[00:42:44] Fila 110: sin puesto (depActual='Incontinencia') -> SALTA
[00:42:44] Fila 111: sin puesto (depActual='Incontinencia') -> SALTA
[00:42:44] Fila 112: sin puesto (depActual='Incontinencia') -> SALTA
[00:42:44] Fila 113: sin puesto (depActual='Incontinencia') -> SALTA
[00:42:44] Fila 114: sin puesto (depActual='Incontinencia') -> SALTA
[00:42:44] Fila 115: sin puesto (depActual='Incontinencia') -> SALTA
[00:42:44] Fila 116: sin puesto (depActual='Incontinencia') -> SALTA
[00:42:44] Fila 117: sin puesto (depActual='Incontinencia') -> SALTA
[00:42:44] Fila 118: sin puesto (depActual='Incontinencia') -> SALTA
[00:42:44] Fila 119: sin puesto (depActual='Incontinencia') -> SALTA
[00:42:44] Fila 120: sin puesto (depActual='Incontinencia') -> SALTA
[00:42:44] Fila 121: sin puesto (depActual='Incontinencia') -> SALTA
[00:42:44] Fila 122: sin puesto (depActual='Incontinencia') -> SALTA
[00:42:44] Fila 123: sin puesto (depActual='Incontinencia') -> SALTA
[00:42:44] Fila 124: sin puesto (depActual='Incontinencia') -> SALTA
[00:42:44] Fila 125: sin puesto (depActual='Incontinencia') -> SALTA
[00:42:44] Fila 126: sin puesto (depActual='Incontinencia') -> SALTA
[00:42:44] Fila 127: sin puesto (depActual='Incontinencia') -> SALTA
[00:42:44] Fila 128: sin puesto (depActual='Incontinencia') -> SALTA
[00:42:44] Fila 129: sin puesto (depActual='Incontinencia') -> SALTA
[00:42:44] Fila 130: sin puesto (depActual='Incontinencia') -> SALTA
[00:42:44] Fila 131: sin puesto (depActual='Incontinencia') -> SALTA
[00:42:44] Fila 132: sin puesto (depActual='Incontinencia') -> SALTA
[00:42:44] Fila 133: sin puesto (depActual='Incontinencia') -> SALTA
[00:42:44] Fila 134: sin puesto (depActual='Incontinencia') -> SALTA
[00:42:44] Fila 135: sin puesto (depActual='Incontinencia') -> SALTA
[00:42:44] Fila 136: sin puesto (depActual='Incontinencia') -> SALTA
[00:42:44] Fila 137: sin puesto (depActual='Incontinencia') -> SALTA
[00:42:44] Fila 138: sin puesto (depActual='Incontinencia') -> SALTA
[00:42:44] Fila 139: sin puesto (depActual='Incontinencia') -> SALTA
[00:42:44] Fila 140: sin puesto (depActual='Incontinencia') -> SALTA
[00:42:44] Fila 141: sin puesto (depActual='Incontinencia') -> SALTA
[00:42:44] Fila 142: sin puesto (depActual='Incontinencia') -> SALTA
[00:42:44] Total de equipos encontrados: 8
[00:42:44] ========================================================
[00:46:39] ==================== NUEVA PETICION ====================
[00:46:39] Departamento recibido: 'Incontinencia'
[00:46:39] Puesto recibido: 'Técnico electrónico'
[00:46:39] Departamento normalizado: 'incontinencia'
[00:46:39] Puesto normalizado: 'tecnico electronico'
[00:46:39] Ruta Excel: C:\xampp\htdocs\Mes\KCMes\EPP\php/FO-OSHPS012-01_Identificación_y_selección_de_EPP.xlsx
[00:46:39] OK: archivo encontrado
[00:46:39] Hoja [0]: 'EPP'
[00:46:39] Hoja [1]: 'Tabla I.1'
[00:46:39] Hoja [2]: 'X supervisor'
[00:46:39] Hoja [3]: 'Para alta'
[00:46:39] Hoja activa: EPP
[00:46:39] Ultima fila con datos: 142
[00:46:39] Fila 6: dep='Contratistas' puesto='Soldador' | depOk=no puestoOk=no
[00:46:39] Fila 7: dep='Contratistas' puesto='Prevencionista' | depOk=no puestoOk=no
[00:46:39] Fila 8: dep='Contratistas' puesto='Ayudante general' | depOk=no puestoOk=no
[00:46:39] Fila 9: dep='Relaciones industriales' puesto='Ayudante general' | depOk=no puestoOk=no
[00:46:39] Fila 10: dep='Relaciones industriales' puesto='Guardia' | depOk=no puestoOk=no
[00:46:39] Fila 11: dep='Relaciones industriales' puesto='Ayudante general' | depOk=no puestoOk=no
[00:46:39] Fila 12: dep='Relaciones industriales' puesto='Personal de intentendencia' | depOk=no puestoOk=no
[00:46:39] Fila 13: dep='Servicios Auxiliares' puesto='Mecánico' | depOk=no puestoOk=no
[00:46:39] Fila 14: dep='Servicios Auxiliares' puesto='Mecánico' | depOk=no puestoOk=no
[00:46:39] Fila 15: dep='Servicios Auxiliares' puesto='Mecánico' | depOk=no puestoOk=no
[00:46:39] Fila 16: dep='Servicios Auxiliares' puesto='Mecánico' | depOk=no puestoOk=no
[00:46:39] Fila 17: dep='Servicios Auxiliares' puesto='Empacador' | depOk=no puestoOk=no
[00:46:39] Fila 18: dep='Telas NoTejidas' puesto='Superintendente mecatronico' | depOk=no puestoOk=no
[00:46:39] Fila 19: dep='Telas NoTejidas' puesto='Ing. Proceso' | depOk=no puestoOk=no
[00:46:39] Fila 20: dep='Telas NoTejidas' puesto='Conductor' | depOk=no puestoOk=no
[00:46:39] Fila 21: dep='Telas NoTejidas' puesto='Ayudante De Operador' | depOk=no puestoOk=no
[00:46:39] Fila 22: dep='Telas NoTejidas' puesto='Empacador' | depOk=no puestoOk=no
[00:46:39] Fila 23: dep='Telas NoTejidas' puesto='Líder de Operación' | depOk=no puestoOk=no
[00:46:39] Fila 24: dep='Telas NoTejidas' puesto='Tecnico Electronico' | depOk=no puestoOk=SI
[00:46:39] Fila 25: dep='Telas NoTejidas' puesto='Mecanico D' | depOk=no puestoOk=no
[00:46:39] Fila 26: dep='Telas NoTejidas' puesto='Mecanico B' | depOk=no puestoOk=no
[00:46:39] Fila 27: dep='Telas NoTejidas' puesto='Electrico D' | depOk=no puestoOk=no
[00:46:39] Fila 28: dep='Telas NoTejidas' puesto='Auxiliar Administrativo' | depOk=no puestoOk=no
[00:46:39] Fila 29: dep='Telas NoTejidas' puesto='Maestro en cardas' | depOk=no puestoOk=no
[00:46:39] Fila 30: dep='Almacén Materia Prima' puesto='Montacarguista' | depOk=no puestoOk=no
[00:46:39] Fila 31: dep='Almacén Materia Prima' puesto='Auxiliar Administrativo' | depOk=no puestoOk=no
[00:46:39] Fila 32: dep='Almacén Materia Prima' puesto='Supervisor' | depOk=no puestoOk=no
[00:46:39] Fila 33: dep='Almacén Materia Prima' puesto='Planeador' | depOk=no puestoOk=no
[00:46:39] Fila 34: dep='Almacén Materia Prima' puesto='Superintendente' | depOk=no puestoOk=no
[00:46:39] Fila 35: dep='Pañal' puesto='sellador' | depOk=no puestoOk=no
[00:46:39] Fila 36: dep='Pañal' puesto='Ing. Proceso' | depOk=no puestoOk=no
[00:46:39] Fila 37: dep='Pañal' puesto='Electrico' | depOk=no puestoOk=no
[00:46:39] Fila 38: dep='Pañal' puesto='Jefe de mantenimiento' | depOk=no puestoOk=no
[00:46:39] Fila 39: dep='Pañal' puesto='Planeador' | depOk=no puestoOk=no
[00:46:39] Fila 40: dep='Pañal' puesto='Electronico' | depOk=no puestoOk=SI
[00:46:39] Fila 41: dep='Pañal' puesto='Supervisor' | depOk=no puestoOk=no
[00:46:39] Fila 42: dep='Pañal' puesto='Super intendente' | depOk=no puestoOk=no
[00:46:39] Fila 43: dep='Pañal' puesto='Conductor' | depOk=no puestoOk=no
[00:46:39] Fila 44: dep='Pañal' puesto='Mecanico' | depOk=no puestoOk=no
[00:46:39] Fila 45: dep='Pañal' puesto='Empacador' | depOk=no puestoOk=no
[00:46:39] Fila 46: dep='Pañal' puesto='Gerente' | depOk=no puestoOk=no
[00:46:39] Fila 47: dep='Pañal' puesto='TSP' | depOk=no puestoOk=no
[00:46:39] Fila 48: dep='Pañal' puesto='Ayudannte' | depOk=no puestoOk=no
[00:46:39] Fila 49: dep='Protección femenina' puesto='Eléctrico' | depOk=no puestoOk=no
[00:46:39] Fila 50: dep='Protección femenina' puesto='Electrónico' | depOk=no puestoOk=SI
[00:46:39] Fila 51: dep='Protección femenina' puesto='Mecánico' | depOk=no puestoOk=no
[00:46:39] Fila 52: dep='Protección femenina' puesto='Ayudante' | depOk=no puestoOk=no
[00:46:39] Fila 53: dep='Protección femenina' puesto='Conductor' | depOk=no puestoOk=no
[00:46:39] Fila 54: dep='Protección femenina' puesto='Empacador' | depOk=no puestoOk=no
[00:46:39] Fila 55: dep='Protección femenina' puesto='Sellador de Linea' | depOk=no puestoOk=no
[00:46:39] Fila 56: dep='Protección femenina' puesto='TCP' | depOk=no puestoOk=no
[00:46:39] Fila 57: dep='Incontinencia' puesto='Gerente de Incontinencia' | depOk=SI puestoOk=no
[00:46:39] Fila 58: dep='Incontinencia' puesto='Superintendente  mantenimiento mecánico' | depOk=SI puestoOk=no
[00:46:39] Fila 59: dep='Incontinencia' puesto='Superintendente mantenimiento electrico' | depOk=SI puestoOk=no
[00:46:39] Fila 60: dep='Incontinencia' puesto='Superintendente de proceso' | depOk=SI puestoOk=no
[00:46:39] Fila 61: dep='Incontinencia' puesto='Supervisor produción' | depOk=SI puestoOk=no
[00:46:39] Fila 62: dep='Incontinencia' puesto='Supervisor Mecánico' | depOk=SI puestoOk=no
[00:46:39] Fila 63: dep='Incontinencia' puesto='Ing. de proceso' | depOk=SI puestoOk=no
[00:46:39] Fila 64: dep='Incontinencia' puesto='Planeador' | depOk=SI puestoOk=no
[00:46:39] Fila 65: dep='Incontinencia' puesto='Electronico' | depOk=SI puestoOk=SI
[00:46:39]    >>> MATCH en fila 65
[00:46:39]       + [Cabeza] B)        Casco dieléctrico
[00:46:39]       + [Ojos y cara] C)        Protector facial
[00:46:39]       + [Oídos] A)        Tapones auditivos
[00:46:39]       + [Aparato respiratorio] A)        Respirador contra partículas
[00:46:39]       + [Extremidades superiores] B)        Guantes dieléctricos
[00:46:39]       + [Tronco] F)      Ropa de alta visibilidad
[00:46:39]       + [Extremidades inferiores] C)        Calzado dieléctrico
[00:46:39]       + [Otros] A)        Equipo de protección contra caídas de altura
[00:46:39] Fila 66: dep='Incontinencia' puesto='Conductor de Maquina' | depOk=SI puestoOk=no
[00:46:39] Fila 67: dep='Incontinencia' puesto='Mecánico categorias A,B,C,D' | depOk=SI puestoOk=no
[00:46:39] Fila 68: dep='Incontinencia' puesto='Electrico categorias A,B,C,D' | depOk=SI puestoOk=no
[00:46:39] Fila 69: dep='Incontinencia' puesto='Ayudannte' | depOk=SI puestoOk=no
[00:46:39] Fila 70: dep='Incontinencia' puesto='sellador' | depOk=SI puestoOk=no
[00:46:39] Fila 71: dep='Incontinencia' puesto='Empacador' | depOk=SI puestoOk=no
[00:46:39] Fila 72: dep='Incontinencia' puesto='Mecánico especialista adhesivos' | depOk=SI puestoOk=no
[00:46:39] Fila 73: dep='Incontinencia' puesto='Mecánico con perfil maquinas herramientas' | depOk=SI puestoOk=no
[00:46:39] Fila 74: sin puesto (depActual='Incontinencia') -> SALTA
[00:46:39] Fila 75: sin puesto (depActual='Incontinencia') -> SALTA
[00:46:39] Fila 76: sin puesto (depActual='Incontinencia') -> SALTA
[00:46:39] Fila 77: sin puesto (depActual='Incontinencia') -> SALTA
[00:46:39] Fila 78: sin puesto (depActual='Incontinencia') -> SALTA
[00:46:39] Fila 79: sin puesto (depActual='Incontinencia') -> SALTA
[00:46:39] Fila 80: sin puesto (depActual='Incontinencia') -> SALTA
[00:46:39] Fila 81: sin puesto (depActual='Incontinencia') -> SALTA
[00:46:39] Fila 82: sin puesto (depActual='Incontinencia') -> SALTA
[00:46:39] Fila 83: sin puesto (depActual='Incontinencia') -> SALTA
[00:46:39] Fila 84: sin puesto (depActual='Incontinencia') -> SALTA
[00:46:39] Fila 85: sin puesto (depActual='Incontinencia') -> SALTA
[00:46:39] Fila 86: sin puesto (depActual='Incontinencia') -> SALTA
[00:46:39] Fila 87: sin puesto (depActual='Incontinencia') -> SALTA
[00:46:39] Fila 88: sin puesto (depActual='Incontinencia') -> SALTA
[00:46:39] Fila 89: sin puesto (depActual='Incontinencia') -> SALTA
[00:46:39] Fila 90: sin puesto (depActual='Incontinencia') -> SALTA
[00:46:39] Fila 91: sin puesto (depActual='Incontinencia') -> SALTA
[00:46:39] Fila 92: sin puesto (depActual='Incontinencia') -> SALTA
[00:46:39] Fila 93: sin puesto (depActual='Incontinencia') -> SALTA
[00:46:39] Fila 94: sin puesto (depActual='Incontinencia') -> SALTA
[00:46:39] Fila 95: sin puesto (depActual='Incontinencia') -> SALTA
[00:46:39] Fila 96: sin puesto (depActual='Incontinencia') -> SALTA
[00:46:39] Fila 97: sin puesto (depActual='Incontinencia') -> SALTA
[00:46:39] Fila 98: sin puesto (depActual='Incontinencia') -> SALTA
[00:46:39] Fila 99: sin puesto (depActual='Incontinencia') -> SALTA
[00:46:39] Fila 100: sin puesto (depActual='Incontinencia') -> SALTA
[00:46:39] Fila 101: sin puesto (depActual='Incontinencia') -> SALTA
[00:46:39] Fila 102: sin puesto (depActual='Incontinencia') -> SALTA
[00:46:39] Fila 103: sin puesto (depActual='Incontinencia') -> SALTA
[00:46:39] Fila 104: sin puesto (depActual='Incontinencia') -> SALTA
[00:46:39] Fila 105: sin puesto (depActual='Incontinencia') -> SALTA
[00:46:39] Fila 106: sin puesto (depActual='Incontinencia') -> SALTA
[00:46:39] Fila 107: sin puesto (depActual='Incontinencia') -> SALTA
[00:46:39] Fila 108: sin puesto (depActual='Incontinencia') -> SALTA
[00:46:39] Fila 109: sin puesto (depActual='Incontinencia') -> SALTA
[00:46:39] Fila 110: sin puesto (depActual='Incontinencia') -> SALTA
[00:46:39] Fila 111: sin puesto (depActual='Incontinencia') -> SALTA
[00:46:39] Fila 112: sin puesto (depActual='Incontinencia') -> SALTA
[00:46:39] Fila 113: sin puesto (depActual='Incontinencia') -> SALTA
[00:46:39] Fila 114: sin puesto (depActual='Incontinencia') -> SALTA
[00:46:39] Fila 115: sin puesto (depActual='Incontinencia') -> SALTA
[00:46:39] Fila 116: sin puesto (depActual='Incontinencia') -> SALTA
[00:46:39] Fila 117: sin puesto (depActual='Incontinencia') -> SALTA
[00:46:39] Fila 118: sin puesto (depActual='Incontinencia') -> SALTA
[00:46:39] Fila 119: sin puesto (depActual='Incontinencia') -> SALTA
[00:46:39] Fila 120: sin puesto (depActual='Incontinencia') -> SALTA
[00:46:39] Fila 121: sin puesto (depActual='Incontinencia') -> SALTA
[00:46:39] Fila 122: sin puesto (depActual='Incontinencia') -> SALTA
[00:46:39] Fila 123: sin puesto (depActual='Incontinencia') -> SALTA
[00:46:39] Fila 124: sin puesto (depActual='Incontinencia') -> SALTA
[00:46:39] Fila 125: sin puesto (depActual='Incontinencia') -> SALTA
[00:46:39] Fila 126: sin puesto (depActual='Incontinencia') -> SALTA
[00:46:39] Fila 127: sin puesto (depActual='Incontinencia') -> SALTA
[00:46:39] Fila 128: sin puesto (depActual='Incontinencia') -> SALTA
[00:46:39] Fila 129: sin puesto (depActual='Incontinencia') -> SALTA
[00:46:39] Fila 130: sin puesto (depActual='Incontinencia') -> SALTA
[00:46:39] Fila 131: sin puesto (depActual='Incontinencia') -> SALTA
[00:46:39] Fila 132: sin puesto (depActual='Incontinencia') -> SALTA
[00:46:39] Fila 133: sin puesto (depActual='Incontinencia') -> SALTA
[00:46:39] Fila 134: sin puesto (depActual='Incontinencia') -> SALTA
[00:46:39] Fila 135: sin puesto (depActual='Incontinencia') -> SALTA
[00:46:39] Fila 136: sin puesto (depActual='Incontinencia') -> SALTA
[00:46:39] Fila 137: sin puesto (depActual='Incontinencia') -> SALTA
[00:46:39] Fila 138: sin puesto (depActual='Incontinencia') -> SALTA
[00:46:39] Fila 139: sin puesto (depActual='Incontinencia') -> SALTA
[00:46:39] Fila 140: sin puesto (depActual='Incontinencia') -> SALTA
[00:46:39] Fila 141: sin puesto (depActual='Incontinencia') -> SALTA
[00:46:39] Fila 142: sin puesto (depActual='Incontinencia') -> SALTA
[00:46:39] Total de equipos encontrados: 8
[00:46:39] ========================================================
[00:48:44] ==================== NUEVA PETICION ====================
[00:48:44] Departamento recibido: 'Incontinencia'
[00:48:44] Puesto recibido: 'Técnico electrónico'
[00:48:44] Departamento normalizado: 'incontinencia'
[00:48:44] Puesto normalizado: 'tecnico electronico'
[00:48:44] Ruta Excel: C:\xampp\htdocs\Mes\KCMes\EPP\php/FO-OSHPS012-01_Identificación_y_selección_de_EPP.xlsx
[00:48:44] OK: archivo encontrado
[00:48:44] Hoja [0]: 'EPP'
[00:48:44] Hoja [1]: 'Tabla I.1'
[00:48:44] Hoja [2]: 'X supervisor'
[00:48:44] Hoja [3]: 'Para alta'
[00:48:44] Hoja activa: EPP
[00:48:44] Ultima fila con datos: 142
[00:48:44] Fila 6: dep='Contratistas' puesto='Soldador' | depOk=no puestoOk=no
[00:48:44] Fila 7: dep='Contratistas' puesto='Prevencionista' | depOk=no puestoOk=no
[00:48:44] Fila 8: dep='Contratistas' puesto='Ayudante general' | depOk=no puestoOk=no
[00:48:44] Fila 9: dep='Relaciones industriales' puesto='Ayudante general' | depOk=no puestoOk=no
[00:48:44] Fila 10: dep='Relaciones industriales' puesto='Guardia' | depOk=no puestoOk=no
[00:48:44] Fila 11: dep='Relaciones industriales' puesto='Ayudante general' | depOk=no puestoOk=no
[00:48:44] Fila 12: dep='Relaciones industriales' puesto='Personal de intentendencia' | depOk=no puestoOk=no
[00:48:44] Fila 13: dep='Servicios Auxiliares' puesto='Mecánico' | depOk=no puestoOk=no
[00:48:44] Fila 14: dep='Servicios Auxiliares' puesto='Mecánico' | depOk=no puestoOk=no
[00:48:44] Fila 15: dep='Servicios Auxiliares' puesto='Mecánico' | depOk=no puestoOk=no
[00:48:44] Fila 16: dep='Servicios Auxiliares' puesto='Mecánico' | depOk=no puestoOk=no
[00:48:44] Fila 17: dep='Servicios Auxiliares' puesto='Empacador' | depOk=no puestoOk=no
[00:48:44] Fila 18: dep='Telas NoTejidas' puesto='Superintendente mecatronico' | depOk=no puestoOk=no
[00:48:44] Fila 19: dep='Telas NoTejidas' puesto='Ing. Proceso' | depOk=no puestoOk=no
[00:48:44] Fila 20: dep='Telas NoTejidas' puesto='Conductor' | depOk=no puestoOk=no
[00:48:44] Fila 21: dep='Telas NoTejidas' puesto='Ayudante De Operador' | depOk=no puestoOk=no
[00:48:44] Fila 22: dep='Telas NoTejidas' puesto='Empacador' | depOk=no puestoOk=no
[00:48:44] Fila 23: dep='Telas NoTejidas' puesto='Líder de Operación' | depOk=no puestoOk=no
[00:48:44] Fila 24: dep='Telas NoTejidas' puesto='Tecnico Electronico' | depOk=no puestoOk=SI
[00:48:44] Fila 25: dep='Telas NoTejidas' puesto='Mecanico D' | depOk=no puestoOk=no
[00:48:44] Fila 26: dep='Telas NoTejidas' puesto='Mecanico B' | depOk=no puestoOk=no
[00:48:44] Fila 27: dep='Telas NoTejidas' puesto='Electrico D' | depOk=no puestoOk=no
[00:48:44] Fila 28: dep='Telas NoTejidas' puesto='Auxiliar Administrativo' | depOk=no puestoOk=no
[00:48:44] Fila 29: dep='Telas NoTejidas' puesto='Maestro en cardas' | depOk=no puestoOk=no
[00:48:44] Fila 30: dep='Almacén Materia Prima' puesto='Montacarguista' | depOk=no puestoOk=no
[00:48:44] Fila 31: dep='Almacén Materia Prima' puesto='Auxiliar Administrativo' | depOk=no puestoOk=no
[00:48:44] Fila 32: dep='Almacén Materia Prima' puesto='Supervisor' | depOk=no puestoOk=no
[00:48:44] Fila 33: dep='Almacén Materia Prima' puesto='Planeador' | depOk=no puestoOk=no
[00:48:44] Fila 34: dep='Almacén Materia Prima' puesto='Superintendente' | depOk=no puestoOk=no
[00:48:44] Fila 35: dep='Pañal' puesto='sellador' | depOk=no puestoOk=no
[00:48:44] Fila 36: dep='Pañal' puesto='Ing. Proceso' | depOk=no puestoOk=no
[00:48:44] Fila 37: dep='Pañal' puesto='Electrico' | depOk=no puestoOk=no
[00:48:44] Fila 38: dep='Pañal' puesto='Jefe de mantenimiento' | depOk=no puestoOk=no
[00:48:44] Fila 39: dep='Pañal' puesto='Planeador' | depOk=no puestoOk=no
[00:48:44] Fila 40: dep='Pañal' puesto='Electronico' | depOk=no puestoOk=SI
[00:48:44] Fila 41: dep='Pañal' puesto='Supervisor' | depOk=no puestoOk=no
[00:48:44] Fila 42: dep='Pañal' puesto='Super intendente' | depOk=no puestoOk=no
[00:48:44] Fila 43: dep='Pañal' puesto='Conductor' | depOk=no puestoOk=no
[00:48:44] Fila 44: dep='Pañal' puesto='Mecanico' | depOk=no puestoOk=no
[00:48:44] Fila 45: dep='Pañal' puesto='Empacador' | depOk=no puestoOk=no
[00:48:44] Fila 46: dep='Pañal' puesto='Gerente' | depOk=no puestoOk=no
[00:48:44] Fila 47: dep='Pañal' puesto='TSP' | depOk=no puestoOk=no
[00:48:44] Fila 48: dep='Pañal' puesto='Ayudannte' | depOk=no puestoOk=no
[00:48:44] Fila 49: dep='Protección femenina' puesto='Eléctrico' | depOk=no puestoOk=no
[00:48:44] Fila 50: dep='Protección femenina' puesto='Electrónico' | depOk=no puestoOk=SI
[00:48:44] Fila 51: dep='Protección femenina' puesto='Mecánico' | depOk=no puestoOk=no
[00:48:44] Fila 52: dep='Protección femenina' puesto='Ayudante' | depOk=no puestoOk=no
[00:48:44] Fila 53: dep='Protección femenina' puesto='Conductor' | depOk=no puestoOk=no
[00:48:44] Fila 54: dep='Protección femenina' puesto='Empacador' | depOk=no puestoOk=no
[00:48:44] Fila 55: dep='Protección femenina' puesto='Sellador de Linea' | depOk=no puestoOk=no
[00:48:44] Fila 56: dep='Protección femenina' puesto='TCP' | depOk=no puestoOk=no
[00:48:44] Fila 57: dep='Incontinencia' puesto='Gerente de Incontinencia' | depOk=SI puestoOk=no
[00:48:44] Fila 58: dep='Incontinencia' puesto='Superintendente  mantenimiento mecánico' | depOk=SI puestoOk=no
[00:48:44] Fila 59: dep='Incontinencia' puesto='Superintendente mantenimiento electrico' | depOk=SI puestoOk=no
[00:48:44] Fila 60: dep='Incontinencia' puesto='Superintendente de proceso' | depOk=SI puestoOk=no
[00:48:44] Fila 61: dep='Incontinencia' puesto='Supervisor produción' | depOk=SI puestoOk=no
[00:48:44] Fila 62: dep='Incontinencia' puesto='Supervisor Mecánico' | depOk=SI puestoOk=no
[00:48:44] Fila 63: dep='Incontinencia' puesto='Ing. de proceso' | depOk=SI puestoOk=no
[00:48:44] Fila 64: dep='Incontinencia' puesto='Planeador' | depOk=SI puestoOk=no
[00:48:44] Fila 65: dep='Incontinencia' puesto='Electronico' | depOk=SI puestoOk=SI
[00:48:44]    >>> MATCH en fila 65
[00:48:44]       + [Cabeza] B)        Casco dieléctrico
[00:48:44]       + [Ojos y cara] C)        Protector facial
[00:48:44]       + [Oídos] A)        Tapones auditivos
[00:48:44]       + [Aparato respiratorio] A)        Respirador contra partículas
[00:48:44]       + [Extremidades superiores] B)        Guantes dieléctricos
[00:48:44]       + [Tronco] F)      Ropa de alta visibilidad
[00:48:44]       + [Extremidades inferiores] C)        Calzado dieléctrico
[00:48:44]       + [Otros] A)        Equipo de protección contra caídas de altura
[00:48:44] Fila 66: dep='Incontinencia' puesto='Conductor de Maquina' | depOk=SI puestoOk=no
[00:48:44] Fila 67: dep='Incontinencia' puesto='Mecánico categorias A,B,C,D' | depOk=SI puestoOk=no
[00:48:44] Fila 68: dep='Incontinencia' puesto='Electrico categorias A,B,C,D' | depOk=SI puestoOk=no
[00:48:44] Fila 69: dep='Incontinencia' puesto='Ayudannte' | depOk=SI puestoOk=no
[00:48:44] Fila 70: dep='Incontinencia' puesto='sellador' | depOk=SI puestoOk=no
[00:48:44] Fila 71: dep='Incontinencia' puesto='Empacador' | depOk=SI puestoOk=no
[00:48:44] Fila 72: dep='Incontinencia' puesto='Mecánico especialista adhesivos' | depOk=SI puestoOk=no
[00:48:44] Fila 73: dep='Incontinencia' puesto='Mecánico con perfil maquinas herramientas' | depOk=SI puestoOk=no
[00:48:44] Fila 74: sin puesto (depActual='Incontinencia') -> SALTA
[00:48:44] Fila 75: sin puesto (depActual='Incontinencia') -> SALTA
[00:48:44] Fila 76: sin puesto (depActual='Incontinencia') -> SALTA
[00:48:44] Fila 77: sin puesto (depActual='Incontinencia') -> SALTA
[00:48:44] Fila 78: sin puesto (depActual='Incontinencia') -> SALTA
[00:48:44] Fila 79: sin puesto (depActual='Incontinencia') -> SALTA
[00:48:44] Fila 80: sin puesto (depActual='Incontinencia') -> SALTA
[00:48:44] Fila 81: sin puesto (depActual='Incontinencia') -> SALTA
[00:48:44] Fila 82: sin puesto (depActual='Incontinencia') -> SALTA
[00:48:44] Fila 83: sin puesto (depActual='Incontinencia') -> SALTA
[00:48:44] Fila 84: sin puesto (depActual='Incontinencia') -> SALTA
[00:48:44] Fila 85: sin puesto (depActual='Incontinencia') -> SALTA
[00:48:44] Fila 86: sin puesto (depActual='Incontinencia') -> SALTA
[00:48:44] Fila 87: sin puesto (depActual='Incontinencia') -> SALTA
[00:48:44] Fila 88: sin puesto (depActual='Incontinencia') -> SALTA
[00:48:44] Fila 89: sin puesto (depActual='Incontinencia') -> SALTA
[00:48:44] Fila 90: sin puesto (depActual='Incontinencia') -> SALTA
[00:48:44] Fila 91: sin puesto (depActual='Incontinencia') -> SALTA
[00:48:44] Fila 92: sin puesto (depActual='Incontinencia') -> SALTA
[00:48:44] Fila 93: sin puesto (depActual='Incontinencia') -> SALTA
[00:48:44] Fila 94: sin puesto (depActual='Incontinencia') -> SALTA
[00:48:44] Fila 95: sin puesto (depActual='Incontinencia') -> SALTA
[00:48:44] Fila 96: sin puesto (depActual='Incontinencia') -> SALTA
[00:48:44] Fila 97: sin puesto (depActual='Incontinencia') -> SALTA
[00:48:44] Fila 98: sin puesto (depActual='Incontinencia') -> SALTA
[00:48:44] Fila 99: sin puesto (depActual='Incontinencia') -> SALTA
[00:48:44] Fila 100: sin puesto (depActual='Incontinencia') -> SALTA
[00:48:44] Fila 101: sin puesto (depActual='Incontinencia') -> SALTA
[00:48:44] Fila 102: sin puesto (depActual='Incontinencia') -> SALTA
[00:48:44] Fila 103: sin puesto (depActual='Incontinencia') -> SALTA
[00:48:44] Fila 104: sin puesto (depActual='Incontinencia') -> SALTA
[00:48:44] Fila 105: sin puesto (depActual='Incontinencia') -> SALTA
[00:48:44] Fila 106: sin puesto (depActual='Incontinencia') -> SALTA
[00:48:44] Fila 107: sin puesto (depActual='Incontinencia') -> SALTA
[00:48:44] Fila 108: sin puesto (depActual='Incontinencia') -> SALTA
[00:48:44] Fila 109: sin puesto (depActual='Incontinencia') -> SALTA
[00:48:44] Fila 110: sin puesto (depActual='Incontinencia') -> SALTA
[00:48:44] Fila 111: sin puesto (depActual='Incontinencia') -> SALTA
[00:48:44] Fila 112: sin puesto (depActual='Incontinencia') -> SALTA
[00:48:44] Fila 113: sin puesto (depActual='Incontinencia') -> SALTA
[00:48:44] Fila 114: sin puesto (depActual='Incontinencia') -> SALTA
[00:48:44] Fila 115: sin puesto (depActual='Incontinencia') -> SALTA
[00:48:44] Fila 116: sin puesto (depActual='Incontinencia') -> SALTA
[00:48:44] Fila 117: sin puesto (depActual='Incontinencia') -> SALTA
[00:48:44] Fila 118: sin puesto (depActual='Incontinencia') -> SALTA
[00:48:44] Fila 119: sin puesto (depActual='Incontinencia') -> SALTA
[00:48:44] Fila 120: sin puesto (depActual='Incontinencia') -> SALTA
[00:48:44] Fila 121: sin puesto (depActual='Incontinencia') -> SALTA
[00:48:44] Fila 122: sin puesto (depActual='Incontinencia') -> SALTA
[00:48:44] Fila 123: sin puesto (depActual='Incontinencia') -> SALTA
[00:48:44] Fila 124: sin puesto (depActual='Incontinencia') -> SALTA
[00:48:44] Fila 125: sin puesto (depActual='Incontinencia') -> SALTA
[00:48:44] Fila 126: sin puesto (depActual='Incontinencia') -> SALTA
[00:48:44] Fila 127: sin puesto (depActual='Incontinencia') -> SALTA
[00:48:44] Fila 128: sin puesto (depActual='Incontinencia') -> SALTA
[00:48:44] Fila 129: sin puesto (depActual='Incontinencia') -> SALTA
[00:48:44] Fila 130: sin puesto (depActual='Incontinencia') -> SALTA
[00:48:44] Fila 131: sin puesto (depActual='Incontinencia') -> SALTA
[00:48:44] Fila 132: sin puesto (depActual='Incontinencia') -> SALTA
[00:48:44] Fila 133: sin puesto (depActual='Incontinencia') -> SALTA
[00:48:44] Fila 134: sin puesto (depActual='Incontinencia') -> SALTA
[00:48:44] Fila 135: sin puesto (depActual='Incontinencia') -> SALTA
[00:48:44] Fila 136: sin puesto (depActual='Incontinencia') -> SALTA
[00:48:44] Fila 137: sin puesto (depActual='Incontinencia') -> SALTA
[00:48:44] Fila 138: sin puesto (depActual='Incontinencia') -> SALTA
[00:48:44] Fila 139: sin puesto (depActual='Incontinencia') -> SALTA
[00:48:44] Fila 140: sin puesto (depActual='Incontinencia') -> SALTA
[00:48:44] Fila 141: sin puesto (depActual='Incontinencia') -> SALTA
[00:48:44] Fila 142: sin puesto (depActual='Incontinencia') -> SALTA
[00:48:44] Total de equipos encontrados: 8
[00:48:44] ========================================================
[01:11:25] ==================== NUEVA PETICION ====================
[01:11:25] Departamento recibido: 'Incontinencia'
[01:11:25] Puesto recibido: 'Técnico electrónico'
[01:11:25] Departamento normalizado: 'incontinencia'
[01:11:25] Puesto normalizado: 'tecnico electronico'
[01:11:25] Ruta Excel: C:\xampp\htdocs\Mes\KCMes\EPP\php/FO-OSHPS012-01_Identificación_y_selección_de_EPP.xlsx
[01:11:25] OK: archivo encontrado
[01:11:27] Hoja [0]: 'EPP'
[01:11:27] Hoja [1]: 'Tabla I.1'
[01:11:27] Hoja [2]: 'X supervisor'
[01:11:27] Hoja [3]: 'Para alta'
[01:11:27] Hoja activa: EPP
[01:11:27] Ultima fila con datos: 142
[01:11:27] Fila 6: dep='Contratistas' puesto='Soldador' | depOk=no puestoOk=no
[01:11:27] Fila 7: dep='Contratistas' puesto='Prevencionista' | depOk=no puestoOk=no
[01:11:27] Fila 8: dep='Contratistas' puesto='Ayudante general' | depOk=no puestoOk=no
[01:11:27] Fila 9: dep='Relaciones industriales' puesto='Ayudante general' | depOk=no puestoOk=no
[01:11:27] Fila 10: dep='Relaciones industriales' puesto='Guardia' | depOk=no puestoOk=no
[01:11:27] Fila 11: dep='Relaciones industriales' puesto='Ayudante general' | depOk=no puestoOk=no
[01:11:27] Fila 12: dep='Relaciones industriales' puesto='Personal de intentendencia' | depOk=no puestoOk=no
[01:11:27] Fila 13: dep='Servicios Auxiliares' puesto='Mecánico' | depOk=no puestoOk=no
[01:11:27] Fila 14: dep='Servicios Auxiliares' puesto='Mecánico' | depOk=no puestoOk=no
[01:11:27] Fila 15: dep='Servicios Auxiliares' puesto='Mecánico' | depOk=no puestoOk=no
[01:11:27] Fila 16: dep='Servicios Auxiliares' puesto='Mecánico' | depOk=no puestoOk=no
[01:11:27] Fila 17: dep='Servicios Auxiliares' puesto='Empacador' | depOk=no puestoOk=no
[01:11:27] Fila 18: dep='Telas NoTejidas' puesto='Superintendente mecatronico' | depOk=no puestoOk=no
[01:11:27] Fila 19: dep='Telas NoTejidas' puesto='Ing. Proceso' | depOk=no puestoOk=no
[01:11:27] Fila 20: dep='Telas NoTejidas' puesto='Conductor' | depOk=no puestoOk=no
[01:11:27] Fila 21: dep='Telas NoTejidas' puesto='Ayudante De Operador' | depOk=no puestoOk=no
[01:11:27] Fila 22: dep='Telas NoTejidas' puesto='Empacador' | depOk=no puestoOk=no
[01:11:27] Fila 23: dep='Telas NoTejidas' puesto='Líder de Operación' | depOk=no puestoOk=no
[01:11:27] Fila 24: dep='Telas NoTejidas' puesto='Tecnico Electronico' | depOk=no puestoOk=SI
[01:11:27] Fila 25: dep='Telas NoTejidas' puesto='Mecanico D' | depOk=no puestoOk=no
[01:11:27] Fila 26: dep='Telas NoTejidas' puesto='Mecanico B' | depOk=no puestoOk=no
[01:11:27] Fila 27: dep='Telas NoTejidas' puesto='Electrico D' | depOk=no puestoOk=no
[01:11:27] Fila 28: dep='Telas NoTejidas' puesto='Auxiliar Administrativo' | depOk=no puestoOk=no
[01:11:27] Fila 29: dep='Telas NoTejidas' puesto='Maestro en cardas' | depOk=no puestoOk=no
[01:11:27] Fila 30: dep='Almacén Materia Prima' puesto='Montacarguista' | depOk=no puestoOk=no
[01:11:27] Fila 31: dep='Almacén Materia Prima' puesto='Auxiliar Administrativo' | depOk=no puestoOk=no
[01:11:27] Fila 32: dep='Almacén Materia Prima' puesto='Supervisor' | depOk=no puestoOk=no
[01:11:27] Fila 33: dep='Almacén Materia Prima' puesto='Planeador' | depOk=no puestoOk=no
[01:11:27] Fila 34: dep='Almacén Materia Prima' puesto='Superintendente' | depOk=no puestoOk=no
[01:11:27] Fila 35: dep='Pañal' puesto='sellador' | depOk=no puestoOk=no
[01:11:27] Fila 36: dep='Pañal' puesto='Ing. Proceso' | depOk=no puestoOk=no
[01:11:27] Fila 37: dep='Pañal' puesto='Electrico' | depOk=no puestoOk=no
[01:11:27] Fila 38: dep='Pañal' puesto='Jefe de mantenimiento' | depOk=no puestoOk=no
[01:11:27] Fila 39: dep='Pañal' puesto='Planeador' | depOk=no puestoOk=no
[01:11:27] Fila 40: dep='Pañal' puesto='Electronico' | depOk=no puestoOk=SI
[01:11:27] Fila 41: dep='Pañal' puesto='Supervisor' | depOk=no puestoOk=no
[01:11:27] Fila 42: dep='Pañal' puesto='Super intendente' | depOk=no puestoOk=no
[01:11:27] Fila 43: dep='Pañal' puesto='Conductor' | depOk=no puestoOk=no
[01:11:27] Fila 44: dep='Pañal' puesto='Mecanico' | depOk=no puestoOk=no
[01:11:27] Fila 45: dep='Pañal' puesto='Empacador' | depOk=no puestoOk=no
[01:11:27] Fila 46: dep='Pañal' puesto='Gerente' | depOk=no puestoOk=no
[01:11:27] Fila 47: dep='Pañal' puesto='TSP' | depOk=no puestoOk=no
[01:11:27] Fila 48: dep='Pañal' puesto='Ayudannte' | depOk=no puestoOk=no
[01:11:27] Fila 49: dep='Protección femenina' puesto='Eléctrico' | depOk=no puestoOk=no
[01:11:27] Fila 50: dep='Protección femenina' puesto='Electrónico' | depOk=no puestoOk=SI
[01:11:27] Fila 51: dep='Protección femenina' puesto='Mecánico' | depOk=no puestoOk=no
[01:11:27] Fila 52: dep='Protección femenina' puesto='Ayudante' | depOk=no puestoOk=no
[01:11:27] Fila 53: dep='Protección femenina' puesto='Conductor' | depOk=no puestoOk=no
[01:11:27] Fila 54: dep='Protección femenina' puesto='Empacador' | depOk=no puestoOk=no
[01:11:27] Fila 55: dep='Protección femenina' puesto='Sellador de Linea' | depOk=no puestoOk=no
[01:11:27] Fila 56: dep='Protección femenina' puesto='TCP' | depOk=no puestoOk=no
[01:11:27] Fila 57: dep='Incontinencia' puesto='Gerente de Incontinencia' | depOk=SI puestoOk=no
[01:11:27] Fila 58: dep='Incontinencia' puesto='Superintendente  mantenimiento mecánico' | depOk=SI puestoOk=no
[01:11:27] Fila 59: dep='Incontinencia' puesto='Superintendente mantenimiento electrico' | depOk=SI puestoOk=no
[01:11:27] Fila 60: dep='Incontinencia' puesto='Superintendente de proceso' | depOk=SI puestoOk=no
[01:11:27] Fila 61: dep='Incontinencia' puesto='Supervisor produción' | depOk=SI puestoOk=no
[01:11:27] Fila 62: dep='Incontinencia' puesto='Supervisor Mecánico' | depOk=SI puestoOk=no
[01:11:27] Fila 63: dep='Incontinencia' puesto='Ing. de proceso' | depOk=SI puestoOk=no
[01:11:27] Fila 64: dep='Incontinencia' puesto='Planeador' | depOk=SI puestoOk=no
[01:11:27] Fila 65: dep='Incontinencia' puesto='Electronico' | depOk=SI puestoOk=SI
[01:11:27]    >>> MATCH en fila 65
[01:11:27]       + [Cabeza] B)        Casco dieléctrico
[01:11:27]       + [Ojos y cara] C)        Protector facial
[01:11:27]       + [Oídos] A)        Tapones auditivos
[01:11:27]       + [Aparato respiratorio] A)        Respirador contra partículas
[01:11:27]       + [Extremidades superiores] B)        Guantes dieléctricos
[01:11:27]       + [Tronco] F)      Ropa de alta visibilidad
[01:11:27]       + [Extremidades inferiores] C)        Calzado dieléctrico
[01:11:27]       + [Otros] A)        Equipo de protección contra caídas de altura
[01:11:27] Fila 66: dep='Incontinencia' puesto='Conductor de Maquina' | depOk=SI puestoOk=no
[01:11:27] Fila 67: dep='Incontinencia' puesto='Mecánico categorias A,B,C,D' | depOk=SI puestoOk=no
[01:11:27] Fila 68: dep='Incontinencia' puesto='Electrico categorias A,B,C,D' | depOk=SI puestoOk=no
[01:11:27] Fila 69: dep='Incontinencia' puesto='Ayudannte' | depOk=SI puestoOk=no
[01:11:27] Fila 70: dep='Incontinencia' puesto='sellador' | depOk=SI puestoOk=no
[01:11:27] Fila 71: dep='Incontinencia' puesto='Empacador' | depOk=SI puestoOk=no
[01:11:27] Fila 72: dep='Incontinencia' puesto='Mecánico especialista adhesivos' | depOk=SI puestoOk=no
[01:11:27] Fila 73: dep='Incontinencia' puesto='Mecánico con perfil maquinas herramientas' | depOk=SI puestoOk=no
[01:11:27] Fila 74: sin puesto (depActual='Incontinencia') -> SALTA
[01:11:27] Fila 75: sin puesto (depActual='Incontinencia') -> SALTA
[01:11:27] Fila 76: sin puesto (depActual='Incontinencia') -> SALTA
[01:11:27] Fila 77: sin puesto (depActual='Incontinencia') -> SALTA
[01:11:27] Fila 78: sin puesto (depActual='Incontinencia') -> SALTA
[01:11:27] Fila 79: sin puesto (depActual='Incontinencia') -> SALTA
[01:11:27] Fila 80: sin puesto (depActual='Incontinencia') -> SALTA
[01:11:27] Fila 81: sin puesto (depActual='Incontinencia') -> SALTA
[01:11:27] Fila 82: sin puesto (depActual='Incontinencia') -> SALTA
[01:11:27] Fila 83: sin puesto (depActual='Incontinencia') -> SALTA
[01:11:27] Fila 84: sin puesto (depActual='Incontinencia') -> SALTA
[01:11:27] Fila 85: sin puesto (depActual='Incontinencia') -> SALTA
[01:11:27] Fila 86: sin puesto (depActual='Incontinencia') -> SALTA
[01:11:27] Fila 87: sin puesto (depActual='Incontinencia') -> SALTA
[01:11:27] Fila 88: sin puesto (depActual='Incontinencia') -> SALTA
[01:11:27] Fila 89: sin puesto (depActual='Incontinencia') -> SALTA
[01:11:27] Fila 90: sin puesto (depActual='Incontinencia') -> SALTA
[01:11:27] Fila 91: sin puesto (depActual='Incontinencia') -> SALTA
[01:11:27] Fila 92: sin puesto (depActual='Incontinencia') -> SALTA
[01:11:27] Fila 93: sin puesto (depActual='Incontinencia') -> SALTA
[01:11:27] Fila 94: sin puesto (depActual='Incontinencia') -> SALTA
[01:11:27] Fila 95: sin puesto (depActual='Incontinencia') -> SALTA
[01:11:27] Fila 96: sin puesto (depActual='Incontinencia') -> SALTA
[01:11:27] Fila 97: sin puesto (depActual='Incontinencia') -> SALTA
[01:11:27] Fila 98: sin puesto (depActual='Incontinencia') -> SALTA
[01:11:27] Fila 99: sin puesto (depActual='Incontinencia') -> SALTA
[01:11:27] Fila 100: sin puesto (depActual='Incontinencia') -> SALTA
[01:11:27] Fila 101: sin puesto (depActual='Incontinencia') -> SALTA
[01:11:27] Fila 102: sin puesto (depActual='Incontinencia') -> SALTA
[01:11:27] Fila 103: sin puesto (depActual='Incontinencia') -> SALTA
[01:11:27] Fila 104: sin puesto (depActual='Incontinencia') -> SALTA
[01:11:27] Fila 105: sin puesto (depActual='Incontinencia') -> SALTA
[01:11:27] Fila 106: sin puesto (depActual='Incontinencia') -> SALTA
[01:11:27] Fila 107: sin puesto (depActual='Incontinencia') -> SALTA
[01:11:27] Fila 108: sin puesto (depActual='Incontinencia') -> SALTA
[01:11:27] Fila 109: sin puesto (depActual='Incontinencia') -> SALTA
[01:11:27] Fila 110: sin puesto (depActual='Incontinencia') -> SALTA
[01:11:27] Fila 111: sin puesto (depActual='Incontinencia') -> SALTA
[01:11:27] Fila 112: sin puesto (depActual='Incontinencia') -> SALTA
[01:11:27] Fila 113: sin puesto (depActual='Incontinencia') -> SALTA
[01:11:27] Fila 114: sin puesto (depActual='Incontinencia') -> SALTA
[01:11:27] Fila 115: sin puesto (depActual='Incontinencia') -> SALTA
[01:11:27] Fila 116: sin puesto (depActual='Incontinencia') -> SALTA
[01:11:27] Fila 117: sin puesto (depActual='Incontinencia') -> SALTA
[01:11:27] Fila 118: sin puesto (depActual='Incontinencia') -> SALTA
[01:11:27] Fila 119: sin puesto (depActual='Incontinencia') -> SALTA
[01:11:27] Fila 120: sin puesto (depActual='Incontinencia') -> SALTA
[01:11:27] Fila 121: sin puesto (depActual='Incontinencia') -> SALTA
[01:11:27] Fila 122: sin puesto (depActual='Incontinencia') -> SALTA
[01:11:27] Fila 123: sin puesto (depActual='Incontinencia') -> SALTA
[01:11:27] Fila 124: sin puesto (depActual='Incontinencia') -> SALTA
[01:11:27] Fila 125: sin puesto (depActual='Incontinencia') -> SALTA
[01:11:27] Fila 126: sin puesto (depActual='Incontinencia') -> SALTA
[01:11:27] Fila 127: sin puesto (depActual='Incontinencia') -> SALTA
[01:11:27] Fila 128: sin puesto (depActual='Incontinencia') -> SALTA
[01:11:27] Fila 129: sin puesto (depActual='Incontinencia') -> SALTA
[01:11:27] Fila 130: sin puesto (depActual='Incontinencia') -> SALTA
[01:11:27] Fila 131: sin puesto (depActual='Incontinencia') -> SALTA
[01:11:27] Fila 132: sin puesto (depActual='Incontinencia') -> SALTA
[01:11:27] Fila 133: sin puesto (depActual='Incontinencia') -> SALTA
[01:11:27] Fila 134: sin puesto (depActual='Incontinencia') -> SALTA
[01:11:27] Fila 135: sin puesto (depActual='Incontinencia') -> SALTA
[01:11:27] Fila 136: sin puesto (depActual='Incontinencia') -> SALTA
[01:11:27] Fila 137: sin puesto (depActual='Incontinencia') -> SALTA
[01:11:27] Fila 138: sin puesto (depActual='Incontinencia') -> SALTA
[01:11:27] Fila 139: sin puesto (depActual='Incontinencia') -> SALTA
[01:11:27] Fila 140: sin puesto (depActual='Incontinencia') -> SALTA
[01:11:27] Fila 141: sin puesto (depActual='Incontinencia') -> SALTA
[01:11:27] Fila 142: sin puesto (depActual='Incontinencia') -> SALTA
[01:11:27] Total de equipos encontrados: 8
[01:11:27] ========================================================
[01:35:04] ==================== NUEVA PETICION ====================
[01:35:04] Departamento recibido: 'Incontinencia'
[01:35:04] Puesto recibido: 'Técnico electrónico'
[01:35:04] Departamento normalizado: 'incontinencia'
[01:35:04] Puesto normalizado: 'tecnico electronico'
[01:35:04] Ruta Excel: C:\xampp\htdocs\Mes\KCMes\EPP\php/FO-OSHPS012-01_Identificación_y_selección_de_EPP.xlsx
[01:35:04] OK: archivo encontrado
[01:35:04] Hoja [0]: 'EPP'
[01:35:04] Hoja [1]: 'Tabla I.1'
[01:35:04] Hoja [2]: 'X supervisor'
[01:35:04] Hoja [3]: 'Para alta'
[01:35:04] Hoja activa: EPP
[01:35:04] Ultima fila con datos: 142
[01:35:04] Fila 6: dep='Contratistas' puesto='Soldador' | depOk=no puestoOk=no
[01:35:04] Fila 7: dep='Contratistas' puesto='Prevencionista' | depOk=no puestoOk=no
[01:35:04] Fila 8: dep='Contratistas' puesto='Ayudante general' | depOk=no puestoOk=no
[01:35:04] Fila 9: dep='Relaciones industriales' puesto='Ayudante general' | depOk=no puestoOk=no
[01:35:04] Fila 10: dep='Relaciones industriales' puesto='Guardia' | depOk=no puestoOk=no
[01:35:04] Fila 11: dep='Relaciones industriales' puesto='Ayudante general' | depOk=no puestoOk=no
[01:35:04] Fila 12: dep='Relaciones industriales' puesto='Personal de intentendencia' | depOk=no puestoOk=no
[01:35:04] Fila 13: dep='Servicios Auxiliares' puesto='Mecánico' | depOk=no puestoOk=no
[01:35:04] Fila 14: dep='Servicios Auxiliares' puesto='Mecánico' | depOk=no puestoOk=no
[01:35:04] Fila 15: dep='Servicios Auxiliares' puesto='Mecánico' | depOk=no puestoOk=no
[01:35:04] Fila 16: dep='Servicios Auxiliares' puesto='Mecánico' | depOk=no puestoOk=no
[01:35:04] Fila 17: dep='Servicios Auxiliares' puesto='Empacador' | depOk=no puestoOk=no
[01:35:04] Fila 18: dep='Telas NoTejidas' puesto='Superintendente mecatronico' | depOk=no puestoOk=no
[01:35:04] Fila 19: dep='Telas NoTejidas' puesto='Ing. Proceso' | depOk=no puestoOk=no
[01:35:04] Fila 20: dep='Telas NoTejidas' puesto='Conductor' | depOk=no puestoOk=no
[01:35:04] Fila 21: dep='Telas NoTejidas' puesto='Ayudante De Operador' | depOk=no puestoOk=no
[01:35:04] Fila 22: dep='Telas NoTejidas' puesto='Empacador' | depOk=no puestoOk=no
[01:35:04] Fila 23: dep='Telas NoTejidas' puesto='Líder de Operación' | depOk=no puestoOk=no
[01:35:04] Fila 24: dep='Telas NoTejidas' puesto='Tecnico Electronico' | depOk=no puestoOk=SI
[01:35:04] Fila 25: dep='Telas NoTejidas' puesto='Mecanico D' | depOk=no puestoOk=no
[01:35:04] Fila 26: dep='Telas NoTejidas' puesto='Mecanico B' | depOk=no puestoOk=no
[01:35:04] Fila 27: dep='Telas NoTejidas' puesto='Electrico D' | depOk=no puestoOk=no
[01:35:04] Fila 28: dep='Telas NoTejidas' puesto='Auxiliar Administrativo' | depOk=no puestoOk=no
[01:35:04] Fila 29: dep='Telas NoTejidas' puesto='Maestro en cardas' | depOk=no puestoOk=no
[01:35:04] Fila 30: dep='Almacén Materia Prima' puesto='Montacarguista' | depOk=no puestoOk=no
[01:35:04] Fila 31: dep='Almacén Materia Prima' puesto='Auxiliar Administrativo' | depOk=no puestoOk=no
[01:35:04] Fila 32: dep='Almacén Materia Prima' puesto='Supervisor' | depOk=no puestoOk=no
[01:35:04] Fila 33: dep='Almacén Materia Prima' puesto='Planeador' | depOk=no puestoOk=no
[01:35:04] Fila 34: dep='Almacén Materia Prima' puesto='Superintendente' | depOk=no puestoOk=no
[01:35:04] Fila 35: dep='Pañal' puesto='sellador' | depOk=no puestoOk=no
[01:35:04] Fila 36: dep='Pañal' puesto='Ing. Proceso' | depOk=no puestoOk=no
[01:35:04] Fila 37: dep='Pañal' puesto='Electrico' | depOk=no puestoOk=no
[01:35:04] Fila 38: dep='Pañal' puesto='Jefe de mantenimiento' | depOk=no puestoOk=no
[01:35:04] Fila 39: dep='Pañal' puesto='Planeador' | depOk=no puestoOk=no
[01:35:04] Fila 40: dep='Pañal' puesto='Electronico' | depOk=no puestoOk=SI
[01:35:04] Fila 41: dep='Pañal' puesto='Supervisor' | depOk=no puestoOk=no
[01:35:04] Fila 42: dep='Pañal' puesto='Super intendente' | depOk=no puestoOk=no
[01:35:04] Fila 43: dep='Pañal' puesto='Conductor' | depOk=no puestoOk=no
[01:35:04] Fila 44: dep='Pañal' puesto='Mecanico' | depOk=no puestoOk=no
[01:35:04] Fila 45: dep='Pañal' puesto='Empacador' | depOk=no puestoOk=no
[01:35:04] Fila 46: dep='Pañal' puesto='Gerente' | depOk=no puestoOk=no
[01:35:04] Fila 47: dep='Pañal' puesto='TSP' | depOk=no puestoOk=no
[01:35:04] Fila 48: dep='Pañal' puesto='Ayudannte' | depOk=no puestoOk=no
[01:35:04] Fila 49: dep='Protección femenina' puesto='Eléctrico' | depOk=no puestoOk=no
[01:35:04] Fila 50: dep='Protección femenina' puesto='Electrónico' | depOk=no puestoOk=SI
[01:35:04] Fila 51: dep='Protección femenina' puesto='Mecánico' | depOk=no puestoOk=no
[01:35:04] Fila 52: dep='Protección femenina' puesto='Ayudante' | depOk=no puestoOk=no
[01:35:04] Fila 53: dep='Protección femenina' puesto='Conductor' | depOk=no puestoOk=no
[01:35:04] Fila 54: dep='Protección femenina' puesto='Empacador' | depOk=no puestoOk=no
[01:35:04] Fila 55: dep='Protección femenina' puesto='Sellador de Linea' | depOk=no puestoOk=no
[01:35:04] Fila 56: dep='Protección femenina' puesto='TCP' | depOk=no puestoOk=no
[01:35:04] Fila 57: dep='Incontinencia' puesto='Gerente de Incontinencia' | depOk=SI puestoOk=no
[01:35:04] Fila 58: dep='Incontinencia' puesto='Superintendente  mantenimiento mecánico' | depOk=SI puestoOk=no
[01:35:04] Fila 59: dep='Incontinencia' puesto='Superintendente mantenimiento electrico' | depOk=SI puestoOk=no
[01:35:04] Fila 60: dep='Incontinencia' puesto='Superintendente de proceso' | depOk=SI puestoOk=no
[01:35:04] Fila 61: dep='Incontinencia' puesto='Supervisor produción' | depOk=SI puestoOk=no
[01:35:04] Fila 62: dep='Incontinencia' puesto='Supervisor Mecánico' | depOk=SI puestoOk=no
[01:35:04] Fila 63: dep='Incontinencia' puesto='Ing. de proceso' | depOk=SI puestoOk=no
[01:35:04] Fila 64: dep='Incontinencia' puesto='Planeador' | depOk=SI puestoOk=no
[01:35:04] Fila 65: dep='Incontinencia' puesto='Electronico' | depOk=SI puestoOk=SI
[01:35:04]    >>> MATCH en fila 65
[01:35:04]       + [Cabeza] B)        Casco dieléctrico
[01:35:04]       + [Ojos y cara] C)        Protector facial
[01:35:04]       + [Oídos] A)        Tapones auditivos
[01:35:04]       + [Aparato respiratorio] A)        Respirador contra partículas
[01:35:04]       + [Extremidades superiores] B)        Guantes dieléctricos
[01:35:04]       + [Tronco] F)      Ropa de alta visibilidad
[01:35:04]       + [Extremidades inferiores] C)        Calzado dieléctrico
[01:35:04]       + [Otros] A)        Equipo de protección contra caídas de altura
[01:35:04] Fila 66: dep='Incontinencia' puesto='Conductor de Maquina' | depOk=SI puestoOk=no
[01:35:04] Fila 67: dep='Incontinencia' puesto='Mecánico categorias A,B,C,D' | depOk=SI puestoOk=no
[01:35:04] Fila 68: dep='Incontinencia' puesto='Electrico categorias A,B,C,D' | depOk=SI puestoOk=no
[01:35:04] Fila 69: dep='Incontinencia' puesto='Ayudannte' | depOk=SI puestoOk=no
[01:35:04] Fila 70: dep='Incontinencia' puesto='sellador' | depOk=SI puestoOk=no
[01:35:04] Fila 71: dep='Incontinencia' puesto='Empacador' | depOk=SI puestoOk=no
[01:35:04] Fila 72: dep='Incontinencia' puesto='Mecánico especialista adhesivos' | depOk=SI puestoOk=no
[01:35:04] Fila 73: dep='Incontinencia' puesto='Mecánico con perfil maquinas herramientas' | depOk=SI puestoOk=no
[01:35:04] Fila 74: sin puesto (depActual='Incontinencia') -> SALTA
[01:35:04] Fila 75: sin puesto (depActual='Incontinencia') -> SALTA
[01:35:04] Fila 76: sin puesto (depActual='Incontinencia') -> SALTA
[01:35:04] Fila 77: sin puesto (depActual='Incontinencia') -> SALTA
[01:35:04] Fila 78: sin puesto (depActual='Incontinencia') -> SALTA
[01:35:04] Fila 79: sin puesto (depActual='Incontinencia') -> SALTA
[01:35:04] Fila 80: sin puesto (depActual='Incontinencia') -> SALTA
[01:35:04] Fila 81: sin puesto (depActual='Incontinencia') -> SALTA
[01:35:04] Fila 82: sin puesto (depActual='Incontinencia') -> SALTA
[01:35:04] Fila 83: sin puesto (depActual='Incontinencia') -> SALTA
[01:35:04] Fila 84: sin puesto (depActual='Incontinencia') -> SALTA
[01:35:04] Fila 85: sin puesto (depActual='Incontinencia') -> SALTA
[01:35:04] Fila 86: sin puesto (depActual='Incontinencia') -> SALTA
[01:35:04] Fila 87: sin puesto (depActual='Incontinencia') -> SALTA
[01:35:04] Fila 88: sin puesto (depActual='Incontinencia') -> SALTA
[01:35:04] Fila 89: sin puesto (depActual='Incontinencia') -> SALTA
[01:35:04] Fila 90: sin puesto (depActual='Incontinencia') -> SALTA
[01:35:04] Fila 91: sin puesto (depActual='Incontinencia') -> SALTA
[01:35:04] Fila 92: sin puesto (depActual='Incontinencia') -> SALTA
[01:35:04] Fila 93: sin puesto (depActual='Incontinencia') -> SALTA
[01:35:04] Fila 94: sin puesto (depActual='Incontinencia') -> SALTA
[01:35:04] Fila 95: sin puesto (depActual='Incontinencia') -> SALTA
[01:35:04] Fila 96: sin puesto (depActual='Incontinencia') -> SALTA
[01:35:04] Fila 97: sin puesto (depActual='Incontinencia') -> SALTA
[01:35:04] Fila 98: sin puesto (depActual='Incontinencia') -> SALTA
[01:35:04] Fila 99: sin puesto (depActual='Incontinencia') -> SALTA
[01:35:04] Fila 100: sin puesto (depActual='Incontinencia') -> SALTA
[01:35:04] Fila 101: sin puesto (depActual='Incontinencia') -> SALTA
[01:35:04] Fila 102: sin puesto (depActual='Incontinencia') -> SALTA
[01:35:04] Fila 103: sin puesto (depActual='Incontinencia') -> SALTA
[01:35:04] Fila 104: sin puesto (depActual='Incontinencia') -> SALTA
[01:35:04] Fila 105: sin puesto (depActual='Incontinencia') -> SALTA
[01:35:04] Fila 106: sin puesto (depActual='Incontinencia') -> SALTA
[01:35:04] Fila 107: sin puesto (depActual='Incontinencia') -> SALTA
[01:35:04] Fila 108: sin puesto (depActual='Incontinencia') -> SALTA
[01:35:04] Fila 109: sin puesto (depActual='Incontinencia') -> SALTA
[01:35:04] Fila 110: sin puesto (depActual='Incontinencia') -> SALTA
[01:35:04] Fila 111: sin puesto (depActual='Incontinencia') -> SALTA
[01:35:04] Fila 112: sin puesto (depActual='Incontinencia') -> SALTA
[01:35:04] Fila 113: sin puesto (depActual='Incontinencia') -> SALTA
[01:35:04] Fila 114: sin puesto (depActual='Incontinencia') -> SALTA
[01:35:04] Fila 115: sin puesto (depActual='Incontinencia') -> SALTA
[01:35:04] Fila 116: sin puesto (depActual='Incontinencia') -> SALTA
[01:35:04] Fila 117: sin puesto (depActual='Incontinencia') -> SALTA
[01:35:04] Fila 118: sin puesto (depActual='Incontinencia') -> SALTA
[01:35:04] Fila 119: sin puesto (depActual='Incontinencia') -> SALTA
[01:35:04] Fila 120: sin puesto (depActual='Incontinencia') -> SALTA
[01:35:04] Fila 121: sin puesto (depActual='Incontinencia') -> SALTA
[01:35:04] Fila 122: sin puesto (depActual='Incontinencia') -> SALTA
[01:35:04] Fila 123: sin puesto (depActual='Incontinencia') -> SALTA
[01:35:04] Fila 124: sin puesto (depActual='Incontinencia') -> SALTA
[01:35:04] Fila 125: sin puesto (depActual='Incontinencia') -> SALTA
[01:35:04] Fila 126: sin puesto (depActual='Incontinencia') -> SALTA
[01:35:04] Fila 127: sin puesto (depActual='Incontinencia') -> SALTA
[01:35:04] Fila 128: sin puesto (depActual='Incontinencia') -> SALTA
[01:35:04] Fila 129: sin puesto (depActual='Incontinencia') -> SALTA
[01:35:04] Fila 130: sin puesto (depActual='Incontinencia') -> SALTA
[01:35:04] Fila 131: sin puesto (depActual='Incontinencia') -> SALTA
[01:35:04] Fila 132: sin puesto (depActual='Incontinencia') -> SALTA
[01:35:04] Fila 133: sin puesto (depActual='Incontinencia') -> SALTA
[01:35:04] Fila 134: sin puesto (depActual='Incontinencia') -> SALTA
[01:35:04] Fila 135: sin puesto (depActual='Incontinencia') -> SALTA
[01:35:04] Fila 136: sin puesto (depActual='Incontinencia') -> SALTA
[01:35:04] Fila 137: sin puesto (depActual='Incontinencia') -> SALTA
[01:35:04] Fila 138: sin puesto (depActual='Incontinencia') -> SALTA
[01:35:04] Fila 139: sin puesto (depActual='Incontinencia') -> SALTA
[01:35:04] Fila 140: sin puesto (depActual='Incontinencia') -> SALTA
[01:35:04] Fila 141: sin puesto (depActual='Incontinencia') -> SALTA
[01:35:04] Fila 142: sin puesto (depActual='Incontinencia') -> SALTA
[01:35:04] Total de equipos encontrados: 8
[01:35:04] ========================================================
[01:36:16] ==================== NUEVA PETICION ====================
[01:36:16] Departamento recibido: 'Incontinencia'
[01:36:16] Puesto recibido: 'Técnico electrónico'
[01:36:16] Departamento normalizado: 'incontinencia'
[01:36:16] Puesto normalizado: 'tecnico electronico'
[01:36:16] Ruta Excel: C:\xampp\htdocs\Mes\KCMes\EPP\php/FO-OSHPS012-01_Identificación_y_selección_de_EPP.xlsx
[01:36:16] OK: archivo encontrado
[01:36:16] Hoja [0]: 'EPP'
[01:36:16] Hoja [1]: 'Tabla I.1'
[01:36:16] Hoja [2]: 'X supervisor'
[01:36:16] Hoja [3]: 'Para alta'
[01:36:16] Hoja activa: EPP
[01:36:16] Ultima fila con datos: 142
[01:36:16] Fila 6: dep='Contratistas' puesto='Soldador' | depOk=no puestoOk=no
[01:36:16] Fila 7: dep='Contratistas' puesto='Prevencionista' | depOk=no puestoOk=no
[01:36:16] Fila 8: dep='Contratistas' puesto='Ayudante general' | depOk=no puestoOk=no
[01:36:16] Fila 9: dep='Relaciones industriales' puesto='Ayudante general' | depOk=no puestoOk=no
[01:36:16] Fila 10: dep='Relaciones industriales' puesto='Guardia' | depOk=no puestoOk=no
[01:36:16] Fila 11: dep='Relaciones industriales' puesto='Ayudante general' | depOk=no puestoOk=no
[01:36:16] Fila 12: dep='Relaciones industriales' puesto='Personal de intentendencia' | depOk=no puestoOk=no
[01:36:16] Fila 13: dep='Servicios Auxiliares' puesto='Mecánico' | depOk=no puestoOk=no
[01:36:16] Fila 14: dep='Servicios Auxiliares' puesto='Mecánico' | depOk=no puestoOk=no
[01:36:16] Fila 15: dep='Servicios Auxiliares' puesto='Mecánico' | depOk=no puestoOk=no
[01:36:16] Fila 16: dep='Servicios Auxiliares' puesto='Mecánico' | depOk=no puestoOk=no
[01:36:16] Fila 17: dep='Servicios Auxiliares' puesto='Empacador' | depOk=no puestoOk=no
[01:36:16] Fila 18: dep='Telas NoTejidas' puesto='Superintendente mecatronico' | depOk=no puestoOk=no
[01:36:16] Fila 19: dep='Telas NoTejidas' puesto='Ing. Proceso' | depOk=no puestoOk=no
[01:36:16] Fila 20: dep='Telas NoTejidas' puesto='Conductor' | depOk=no puestoOk=no
[01:36:16] Fila 21: dep='Telas NoTejidas' puesto='Ayudante De Operador' | depOk=no puestoOk=no
[01:36:16] Fila 22: dep='Telas NoTejidas' puesto='Empacador' | depOk=no puestoOk=no
[01:36:16] Fila 23: dep='Telas NoTejidas' puesto='Líder de Operación' | depOk=no puestoOk=no
[01:36:16] Fila 24: dep='Telas NoTejidas' puesto='Tecnico Electronico' | depOk=no puestoOk=SI
[01:36:16] Fila 25: dep='Telas NoTejidas' puesto='Mecanico D' | depOk=no puestoOk=no
[01:36:16] Fila 26: dep='Telas NoTejidas' puesto='Mecanico B' | depOk=no puestoOk=no
[01:36:16] Fila 27: dep='Telas NoTejidas' puesto='Electrico D' | depOk=no puestoOk=no
[01:36:16] Fila 28: dep='Telas NoTejidas' puesto='Auxiliar Administrativo' | depOk=no puestoOk=no
[01:36:16] Fila 29: dep='Telas NoTejidas' puesto='Maestro en cardas' | depOk=no puestoOk=no
[01:36:16] Fila 30: dep='Almacén Materia Prima' puesto='Montacarguista' | depOk=no puestoOk=no
[01:36:16] Fila 31: dep='Almacén Materia Prima' puesto='Auxiliar Administrativo' | depOk=no puestoOk=no
[01:36:16] Fila 32: dep='Almacén Materia Prima' puesto='Supervisor' | depOk=no puestoOk=no
[01:36:16] Fila 33: dep='Almacén Materia Prima' puesto='Planeador' | depOk=no puestoOk=no
[01:36:16] Fila 34: dep='Almacén Materia Prima' puesto='Superintendente' | depOk=no puestoOk=no
[01:36:16] Fila 35: dep='Pañal' puesto='sellador' | depOk=no puestoOk=no
[01:36:16] Fila 36: dep='Pañal' puesto='Ing. Proceso' | depOk=no puestoOk=no
[01:36:16] Fila 37: dep='Pañal' puesto='Electrico' | depOk=no puestoOk=no
[01:36:16] Fila 38: dep='Pañal' puesto='Jefe de mantenimiento' | depOk=no puestoOk=no
[01:36:16] Fila 39: dep='Pañal' puesto='Planeador' | depOk=no puestoOk=no
[01:36:16] Fila 40: dep='Pañal' puesto='Electronico' | depOk=no puestoOk=SI
[01:36:16] Fila 41: dep='Pañal' puesto='Supervisor' | depOk=no puestoOk=no
[01:36:16] Fila 42: dep='Pañal' puesto='Super intendente' | depOk=no puestoOk=no
[01:36:16] Fila 43: dep='Pañal' puesto='Conductor' | depOk=no puestoOk=no
[01:36:16] Fila 44: dep='Pañal' puesto='Mecanico' | depOk=no puestoOk=no
[01:36:16] Fila 45: dep='Pañal' puesto='Empacador' | depOk=no puestoOk=no
[01:36:16] Fila 46: dep='Pañal' puesto='Gerente' | depOk=no puestoOk=no
[01:36:16] Fila 47: dep='Pañal' puesto='TSP' | depOk=no puestoOk=no
[01:36:16] Fila 48: dep='Pañal' puesto='Ayudannte' | depOk=no puestoOk=no
[01:36:16] Fila 49: dep='Protección femenina' puesto='Eléctrico' | depOk=no puestoOk=no
[01:36:16] Fila 50: dep='Protección femenina' puesto='Electrónico' | depOk=no puestoOk=SI
[01:36:16] Fila 51: dep='Protección femenina' puesto='Mecánico' | depOk=no puestoOk=no
[01:36:16] Fila 52: dep='Protección femenina' puesto='Ayudante' | depOk=no puestoOk=no
[01:36:16] Fila 53: dep='Protección femenina' puesto='Conductor' | depOk=no puestoOk=no
[01:36:16] Fila 54: dep='Protección femenina' puesto='Empacador' | depOk=no puestoOk=no
[01:36:16] Fila 55: dep='Protección femenina' puesto='Sellador de Linea' | depOk=no puestoOk=no
[01:36:16] Fila 56: dep='Protección femenina' puesto='TCP' | depOk=no puestoOk=no
[01:36:16] Fila 57: dep='Incontinencia' puesto='Gerente de Incontinencia' | depOk=SI puestoOk=no
[01:36:16] Fila 58: dep='Incontinencia' puesto='Superintendente  mantenimiento mecánico' | depOk=SI puestoOk=no
[01:36:16] Fila 59: dep='Incontinencia' puesto='Superintendente mantenimiento electrico' | depOk=SI puestoOk=no
[01:36:16] Fila 60: dep='Incontinencia' puesto='Superintendente de proceso' | depOk=SI puestoOk=no
[01:36:16] Fila 61: dep='Incontinencia' puesto='Supervisor produción' | depOk=SI puestoOk=no
[01:36:16] Fila 62: dep='Incontinencia' puesto='Supervisor Mecánico' | depOk=SI puestoOk=no
[01:36:16] Fila 63: dep='Incontinencia' puesto='Ing. de proceso' | depOk=SI puestoOk=no
[01:36:16] Fila 64: dep='Incontinencia' puesto='Planeador' | depOk=SI puestoOk=no
[01:36:16] Fila 65: dep='Incontinencia' puesto='Electronico' | depOk=SI puestoOk=SI
[01:36:16]    >>> MATCH en fila 65
[01:36:16]       + [Cabeza] B)        Casco dieléctrico
[01:36:16]       + [Ojos y cara] C)        Protector facial
[01:36:16]       + [Oídos] A)        Tapones auditivos
[01:36:16]       + [Aparato respiratorio] A)        Respirador contra partículas
[01:36:16]       + [Extremidades superiores] B)        Guantes dieléctricos
[01:36:16]       + [Tronco] F)      Ropa de alta visibilidad
[01:36:16]       + [Extremidades inferiores] C)        Calzado dieléctrico
[01:36:16]       + [Otros] A)        Equipo de protección contra caídas de altura
[01:36:16] Fila 66: dep='Incontinencia' puesto='Conductor de Maquina' | depOk=SI puestoOk=no
[01:36:16] Fila 67: dep='Incontinencia' puesto='Mecánico categorias A,B,C,D' | depOk=SI puestoOk=no
[01:36:16] Fila 68: dep='Incontinencia' puesto='Electrico categorias A,B,C,D' | depOk=SI puestoOk=no
[01:36:16] Fila 69: dep='Incontinencia' puesto='Ayudannte' | depOk=SI puestoOk=no
[01:36:16] Fila 70: dep='Incontinencia' puesto='sellador' | depOk=SI puestoOk=no
[01:36:16] Fila 71: dep='Incontinencia' puesto='Empacador' | depOk=SI puestoOk=no
[01:36:16] Fila 72: dep='Incontinencia' puesto='Mecánico especialista adhesivos' | depOk=SI puestoOk=no
[01:36:16] Fila 73: dep='Incontinencia' puesto='Mecánico con perfil maquinas herramientas' | depOk=SI puestoOk=no
[01:36:16] Fila 74: sin puesto (depActual='Incontinencia') -> SALTA
[01:36:16] Fila 75: sin puesto (depActual='Incontinencia') -> SALTA
[01:36:16] Fila 76: sin puesto (depActual='Incontinencia') -> SALTA
[01:36:16] Fila 77: sin puesto (depActual='Incontinencia') -> SALTA
[01:36:16] Fila 78: sin puesto (depActual='Incontinencia') -> SALTA
[01:36:16] Fila 79: sin puesto (depActual='Incontinencia') -> SALTA
[01:36:16] Fila 80: sin puesto (depActual='Incontinencia') -> SALTA
[01:36:16] Fila 81: sin puesto (depActual='Incontinencia') -> SALTA
[01:36:16] Fila 82: sin puesto (depActual='Incontinencia') -> SALTA
[01:36:16] Fila 83: sin puesto (depActual='Incontinencia') -> SALTA
[01:36:16] Fila 84: sin puesto (depActual='Incontinencia') -> SALTA
[01:36:16] Fila 85: sin puesto (depActual='Incontinencia') -> SALTA
[01:36:16] Fila 86: sin puesto (depActual='Incontinencia') -> SALTA
[01:36:16] Fila 87: sin puesto (depActual='Incontinencia') -> SALTA
[01:36:16] Fila 88: sin puesto (depActual='Incontinencia') -> SALTA
[01:36:16] Fila 89: sin puesto (depActual='Incontinencia') -> SALTA
[01:36:16] Fila 90: sin puesto (depActual='Incontinencia') -> SALTA
[01:36:16] Fila 91: sin puesto (depActual='Incontinencia') -> SALTA
[01:36:16] Fila 92: sin puesto (depActual='Incontinencia') -> SALTA
[01:36:16] Fila 93: sin puesto (depActual='Incontinencia') -> SALTA
[01:36:16] Fila 94: sin puesto (depActual='Incontinencia') -> SALTA
[01:36:16] Fila 95: sin puesto (depActual='Incontinencia') -> SALTA
[01:36:16] Fila 96: sin puesto (depActual='Incontinencia') -> SALTA
[01:36:16] Fila 97: sin puesto (depActual='Incontinencia') -> SALTA
[01:36:16] Fila 98: sin puesto (depActual='Incontinencia') -> SALTA
[01:36:16] Fila 99: sin puesto (depActual='Incontinencia') -> SALTA
[01:36:16] Fila 100: sin puesto (depActual='Incontinencia') -> SALTA
[01:36:16] Fila 101: sin puesto (depActual='Incontinencia') -> SALTA
[01:36:16] Fila 102: sin puesto (depActual='Incontinencia') -> SALTA
[01:36:16] Fila 103: sin puesto (depActual='Incontinencia') -> SALTA
[01:36:16] Fila 104: sin puesto (depActual='Incontinencia') -> SALTA
[01:36:16] Fila 105: sin puesto (depActual='Incontinencia') -> SALTA
[01:36:16] Fila 106: sin puesto (depActual='Incontinencia') -> SALTA
[01:36:16] Fila 107: sin puesto (depActual='Incontinencia') -> SALTA
[01:36:16] Fila 108: sin puesto (depActual='Incontinencia') -> SALTA
[01:36:16] Fila 109: sin puesto (depActual='Incontinencia') -> SALTA
[01:36:16] Fila 110: sin puesto (depActual='Incontinencia') -> SALTA
[01:36:16] Fila 111: sin puesto (depActual='Incontinencia') -> SALTA
[01:36:16] Fila 112: sin puesto (depActual='Incontinencia') -> SALTA
[01:36:16] Fila 113: sin puesto (depActual='Incontinencia') -> SALTA
[01:36:16] Fila 114: sin puesto (depActual='Incontinencia') -> SALTA
[01:36:16] Fila 115: sin puesto (depActual='Incontinencia') -> SALTA
[01:36:16] Fila 116: sin puesto (depActual='Incontinencia') -> SALTA
[01:36:16] Fila 117: sin puesto (depActual='Incontinencia') -> SALTA
[01:36:16] Fila 118: sin puesto (depActual='Incontinencia') -> SALTA
[01:36:16] Fila 119: sin puesto (depActual='Incontinencia') -> SALTA
[01:36:16] Fila 120: sin puesto (depActual='Incontinencia') -> SALTA
[01:36:16] Fila 121: sin puesto (depActual='Incontinencia') -> SALTA
[01:36:16] Fila 122: sin puesto (depActual='Incontinencia') -> SALTA
[01:36:16] Fila 123: sin puesto (depActual='Incontinencia') -> SALTA
[01:36:16] Fila 124: sin puesto (depActual='Incontinencia') -> SALTA
[01:36:16] Fila 125: sin puesto (depActual='Incontinencia') -> SALTA
[01:36:16] Fila 126: sin puesto (depActual='Incontinencia') -> SALTA
[01:36:16] Fila 127: sin puesto (depActual='Incontinencia') -> SALTA
[01:36:16] Fila 128: sin puesto (depActual='Incontinencia') -> SALTA
[01:36:16] Fila 129: sin puesto (depActual='Incontinencia') -> SALTA
[01:36:16] Fila 130: sin puesto (depActual='Incontinencia') -> SALTA
[01:36:16] Fila 131: sin puesto (depActual='Incontinencia') -> SALTA
[01:36:16] Fila 132: sin puesto (depActual='Incontinencia') -> SALTA
[01:36:16] Fila 133: sin puesto (depActual='Incontinencia') -> SALTA
[01:36:16] Fila 134: sin puesto (depActual='Incontinencia') -> SALTA
[01:36:16] Fila 135: sin puesto (depActual='Incontinencia') -> SALTA
[01:36:16] Fila 136: sin puesto (depActual='Incontinencia') -> SALTA
[01:36:16] Fila 137: sin puesto (depActual='Incontinencia') -> SALTA
[01:36:16] Fila 138: sin puesto (depActual='Incontinencia') -> SALTA
[01:36:16] Fila 139: sin puesto (depActual='Incontinencia') -> SALTA
[01:36:16] Fila 140: sin puesto (depActual='Incontinencia') -> SALTA
[01:36:16] Fila 141: sin puesto (depActual='Incontinencia') -> SALTA
[01:36:16] Fila 142: sin puesto (depActual='Incontinencia') -> SALTA
[01:36:16] Total de equipos encontrados: 8
[01:36:16] ========================================================
[17:39:41] ==================== NUEVA PETICION ====================
[17:39:41] Departamento recibido: 'Sin Depto'
[17:39:41] Puesto recibido: 'Sin Puesto'
[17:39:41] Departamento normalizado: 'sin depto'
[17:39:41] Puesto normalizado: 'sin puesto'
[17:39:41] Ruta Excel: C:\xampp\htdocs\Mes\KCMes\EPP\php/FO-OSHPS012-01_Identificación_y_selección_de_EPP.xlsx
[17:39:41] OK: archivo encontrado
[17:39:43] Hoja [0]: 'EPP'
[17:39:43] Hoja [1]: 'Tabla I.1'
[17:39:43] Hoja [2]: 'X supervisor'
[17:39:43] Hoja [3]: 'Para alta'
[17:39:43] Hoja activa: EPP
[17:39:43] Ultima fila con datos: 142
[17:39:43] Fila 6: dep='Contratistas' puesto='Soldador' | depOk=no puestoOk=no
[17:39:43] Fila 7: dep='Contratistas' puesto='Prevencionista' | depOk=no puestoOk=no
[17:39:43] Fila 8: dep='Contratistas' puesto='Ayudante general' | depOk=no puestoOk=no
[17:39:43] Fila 9: dep='Relaciones industriales' puesto='Ayudante general' | depOk=no puestoOk=no
[17:39:43] Fila 10: dep='Relaciones industriales' puesto='Guardia' | depOk=no puestoOk=no
[17:39:43] Fila 11: dep='Relaciones industriales' puesto='Ayudante general' | depOk=no puestoOk=no
[17:39:43] Fila 12: dep='Relaciones industriales' puesto='Personal de intentendencia' | depOk=no puestoOk=no
[17:39:43] Fila 13: dep='Servicios Auxiliares' puesto='Mecánico' | depOk=no puestoOk=no
[17:39:43] Fila 14: dep='Servicios Auxiliares' puesto='Mecánico' | depOk=no puestoOk=no
[17:39:43] Fila 15: dep='Servicios Auxiliares' puesto='Mecánico' | depOk=no puestoOk=no
[17:39:43] Fila 16: dep='Servicios Auxiliares' puesto='Mecánico' | depOk=no puestoOk=no
[17:39:43] Fila 17: dep='Servicios Auxiliares' puesto='Empacador' | depOk=no puestoOk=no
[17:39:43] Fila 18: dep='Telas NoTejidas' puesto='Superintendente mecatronico' | depOk=no puestoOk=no
[17:39:43] Fila 19: dep='Telas NoTejidas' puesto='Ing. Proceso' | depOk=no puestoOk=no
[17:39:43] Fila 20: dep='Telas NoTejidas' puesto='Conductor' | depOk=no puestoOk=no
[17:39:43] Fila 21: dep='Telas NoTejidas' puesto='Ayudante De Operador' | depOk=no puestoOk=no
[17:39:43] Fila 22: dep='Telas NoTejidas' puesto='Empacador' | depOk=no puestoOk=no
[17:39:43] Fila 23: dep='Telas NoTejidas' puesto='Líder de Operación' | depOk=no puestoOk=no
[17:39:43] Fila 24: dep='Telas NoTejidas' puesto='Tecnico Electronico' | depOk=no puestoOk=no
[17:39:43] Fila 25: dep='Telas NoTejidas' puesto='Mecanico D' | depOk=no puestoOk=no
[17:39:43] Fila 26: dep='Telas NoTejidas' puesto='Mecanico B' | depOk=no puestoOk=no
[17:39:43] Fila 27: dep='Telas NoTejidas' puesto='Electrico D' | depOk=no puestoOk=no
[17:39:43] Fila 28: dep='Telas NoTejidas' puesto='Auxiliar Administrativo' | depOk=no puestoOk=no
[17:39:43] Fila 29: dep='Telas NoTejidas' puesto='Maestro en cardas' | depOk=no puestoOk=no
[17:39:43] Fila 30: dep='Almacén Materia Prima' puesto='Montacarguista' | depOk=no puestoOk=no
[17:39:43] Fila 31: dep='Almacén Materia Prima' puesto='Auxiliar Administrativo' | depOk=no puestoOk=no
[17:39:43] Fila 32: dep='Almacén Materia Prima' puesto='Supervisor' | depOk=no puestoOk=no
[17:39:43] Fila 33: dep='Almacén Materia Prima' puesto='Planeador' | depOk=no puestoOk=no
[17:39:43] Fila 34: dep='Almacén Materia Prima' puesto='Superintendente' | depOk=no puestoOk=no
[17:39:43] Fila 35: dep='Pañal' puesto='sellador' | depOk=no puestoOk=no
[17:39:43] Fila 36: dep='Pañal' puesto='Ing. Proceso' | depOk=no puestoOk=no
[17:39:43] Fila 37: dep='Pañal' puesto='Electrico' | depOk=no puestoOk=no
[17:39:43] Fila 38: dep='Pañal' puesto='Jefe de mantenimiento' | depOk=no puestoOk=no
[17:39:43] Fila 39: dep='Pañal' puesto='Planeador' | depOk=no puestoOk=no
[17:39:43] Fila 40: dep='Pañal' puesto='Electronico' | depOk=no puestoOk=no
[17:39:43] Fila 41: dep='Pañal' puesto='Supervisor' | depOk=no puestoOk=no
[17:39:43] Fila 42: dep='Pañal' puesto='Super intendente' | depOk=no puestoOk=no
[17:39:43] Fila 43: dep='Pañal' puesto='Conductor' | depOk=no puestoOk=no
[17:39:43] Fila 44: dep='Pañal' puesto='Mecanico' | depOk=no puestoOk=no
[17:39:43] Fila 45: dep='Pañal' puesto='Empacador' | depOk=no puestoOk=no
[17:39:43] Fila 46: dep='Pañal' puesto='Gerente' | depOk=no puestoOk=no
[17:39:43] Fila 47: dep='Pañal' puesto='TSP' | depOk=no puestoOk=no
[17:39:43] Fila 48: dep='Pañal' puesto='Ayudannte' | depOk=no puestoOk=no
[17:39:43] Fila 49: dep='Protección femenina' puesto='Eléctrico' | depOk=no puestoOk=no
[17:39:43] Fila 50: dep='Protección femenina' puesto='Electrónico' | depOk=no puestoOk=no
[17:39:43] Fila 51: dep='Protección femenina' puesto='Mecánico' | depOk=no puestoOk=no
[17:39:43] Fila 52: dep='Protección femenina' puesto='Ayudante' | depOk=no puestoOk=no
[17:39:43] Fila 53: dep='Protección femenina' puesto='Conductor' | depOk=no puestoOk=no
[17:39:43] Fila 54: dep='Protección femenina' puesto='Empacador' | depOk=no puestoOk=no
[17:39:43] Fila 55: dep='Protección femenina' puesto='Sellador de Linea' | depOk=no puestoOk=no
[17:39:43] Fila 56: dep='Protección femenina' puesto='TCP' | depOk=no puestoOk=no
[17:39:43] Fila 57: dep='Incontinencia' puesto='Gerente de Incontinencia' | depOk=no puestoOk=no
[17:39:43] Fila 58: dep='Incontinencia' puesto='Superintendente  mantenimiento mecánico' | depOk=no puestoOk=no
[17:39:43] Fila 59: dep='Incontinencia' puesto='Superintendente mantenimiento electrico' | depOk=no puestoOk=no
[17:39:43] Fila 60: dep='Incontinencia' puesto='Superintendente de proceso' | depOk=no puestoOk=no
[17:39:43] Fila 61: dep='Incontinencia' puesto='Supervisor produción' | depOk=no puestoOk=no
[17:39:43] Fila 62: dep='Incontinencia' puesto='Supervisor Mecánico' | depOk=no puestoOk=no
[17:39:43] Fila 63: dep='Incontinencia' puesto='Ing. de proceso' | depOk=no puestoOk=no
[17:39:43] Fila 64: dep='Incontinencia' puesto='Planeador' | depOk=no puestoOk=no
[17:39:43] Fila 65: dep='Incontinencia' puesto='Electronico' | depOk=no puestoOk=no
[17:39:43] Fila 66: dep='Incontinencia' puesto='Conductor de Maquina' | depOk=no puestoOk=no
[17:39:43] Fila 67: dep='Incontinencia' puesto='Mecánico categorias A,B,C,D' | depOk=no puestoOk=no
[17:39:43] Fila 68: dep='Incontinencia' puesto='Electrico categorias A,B,C,D' | depOk=no puestoOk=no
[17:39:43] Fila 69: dep='Incontinencia' puesto='Ayudannte' | depOk=no puestoOk=no
[17:39:43] Fila 70: dep='Incontinencia' puesto='sellador' | depOk=no puestoOk=no
[17:39:43] Fila 71: dep='Incontinencia' puesto='Empacador' | depOk=no puestoOk=no
[17:39:43] Fila 72: dep='Incontinencia' puesto='Mecánico especialista adhesivos' | depOk=no puestoOk=no
[17:39:43] Fila 73: dep='Incontinencia' puesto='Mecánico con perfil maquinas herramientas' | depOk=no puestoOk=no
[17:39:43] Fila 74: sin puesto (depActual='Incontinencia') -> SALTA
[17:39:43] Fila 75: sin puesto (depActual='Incontinencia') -> SALTA
[17:39:43] Fila 76: sin puesto (depActual='Incontinencia') -> SALTA
[17:39:43] Fila 77: sin puesto (depActual='Incontinencia') -> SALTA
[17:39:43] Fila 78: sin puesto (depActual='Incontinencia') -> SALTA
[17:39:43] Fila 79: sin puesto (depActual='Incontinencia') -> SALTA
[17:39:43] Fila 80: sin puesto (depActual='Incontinencia') -> SALTA
[17:39:43] Fila 81: sin puesto (depActual='Incontinencia') -> SALTA
[17:39:43] Fila 82: sin puesto (depActual='Incontinencia') -> SALTA
[17:39:43] Fila 83: sin puesto (depActual='Incontinencia') -> SALTA
[17:39:43] Fila 84: sin puesto (depActual='Incontinencia') -> SALTA
[17:39:43] Fila 85: sin puesto (depActual='Incontinencia') -> SALTA
[17:39:43] Fila 86: sin puesto (depActual='Incontinencia') -> SALTA
[17:39:43] Fila 87: sin puesto (depActual='Incontinencia') -> SALTA
[17:39:43] Fila 88: sin puesto (depActual='Incontinencia') -> SALTA
[17:39:43] Fila 89: sin puesto (depActual='Incontinencia') -> SALTA
[17:39:43] Fila 90: sin puesto (depActual='Incontinencia') -> SALTA
[17:39:43] Fila 91: sin puesto (depActual='Incontinencia') -> SALTA
[17:39:43] Fila 92: sin puesto (depActual='Incontinencia') -> SALTA
[17:39:43] Fila 93: sin puesto (depActual='Incontinencia') -> SALTA
[17:39:43] Fila 94: sin puesto (depActual='Incontinencia') -> SALTA
[17:39:43] Fila 95: sin puesto (depActual='Incontinencia') -> SALTA
[17:39:43] Fila 96: sin puesto (depActual='Incontinencia') -> SALTA
[17:39:43] Fila 97: sin puesto (depActual='Incontinencia') -> SALTA
[17:39:43] Fila 98: sin puesto (depActual='Incontinencia') -> SALTA
[17:39:43] Fila 99: sin puesto (depActual='Incontinencia') -> SALTA
[17:39:43] Fila 100: sin puesto (depActual='Incontinencia') -> SALTA
[17:39:43] Fila 101: sin puesto (depActual='Incontinencia') -> SALTA
[17:39:43] Fila 102: sin puesto (depActual='Incontinencia') -> SALTA
[17:39:43] Fila 103: sin puesto (depActual='Incontinencia') -> SALTA
[17:39:43] Fila 104: sin puesto (depActual='Incontinencia') -> SALTA
[17:39:43] Fila 105: sin puesto (depActual='Incontinencia') -> SALTA
[17:39:43] Fila 106: sin puesto (depActual='Incontinencia') -> SALTA
[17:39:43] Fila 107: sin puesto (depActual='Incontinencia') -> SALTA
[17:39:43] Fila 108: sin puesto (depActual='Incontinencia') -> SALTA
[17:39:43] Fila 109: sin puesto (depActual='Incontinencia') -> SALTA
[17:39:43] Fila 110: sin puesto (depActual='Incontinencia') -> SALTA
[17:39:43] Fila 111: sin puesto (depActual='Incontinencia') -> SALTA
[17:39:43] Fila 112: sin puesto (depActual='Incontinencia') -> SALTA
[17:39:43] Fila 113: sin puesto (depActual='Incontinencia') -> SALTA
[17:39:43] Fila 114: sin puesto (depActual='Incontinencia') -> SALTA
[17:39:43] Fila 115: sin puesto (depActual='Incontinencia') -> SALTA
[17:39:43] Fila 116: sin puesto (depActual='Incontinencia') -> SALTA
[17:39:43] Fila 117: sin puesto (depActual='Incontinencia') -> SALTA
[17:39:43] Fila 118: sin puesto (depActual='Incontinencia') -> SALTA
[17:39:43] Fila 119: sin puesto (depActual='Incontinencia') -> SALTA
[17:39:43] Fila 120: sin puesto (depActual='Incontinencia') -> SALTA
[17:39:43] Fila 121: sin puesto (depActual='Incontinencia') -> SALTA
[17:39:43] Fila 122: sin puesto (depActual='Incontinencia') -> SALTA
[17:39:43] Fila 123: sin puesto (depActual='Incontinencia') -> SALTA
[17:39:43] Fila 124: sin puesto (depActual='Incontinencia') -> SALTA
[17:39:43] Fila 125: sin puesto (depActual='Incontinencia') -> SALTA
[17:39:43] Fila 126: sin puesto (depActual='Incontinencia') -> SALTA
[17:39:43] Fila 127: sin puesto (depActual='Incontinencia') -> SALTA
[17:39:43] Fila 128: sin puesto (depActual='Incontinencia') -> SALTA
[17:39:43] Fila 129: sin puesto (depActual='Incontinencia') -> SALTA
[17:39:43] Fila 130: sin puesto (depActual='Incontinencia') -> SALTA
[17:39:43] Fila 131: sin puesto (depActual='Incontinencia') -> SALTA
[17:39:43] Fila 132: sin puesto (depActual='Incontinencia') -> SALTA
[17:39:43] Fila 133: sin puesto (depActual='Incontinencia') -> SALTA
[17:39:43] Fila 134: sin puesto (depActual='Incontinencia') -> SALTA
[17:39:43] Fila 135: sin puesto (depActual='Incontinencia') -> SALTA
[17:39:43] Fila 136: sin puesto (depActual='Incontinencia') -> SALTA
[17:39:43] Fila 137: sin puesto (depActual='Incontinencia') -> SALTA
[17:39:43] Fila 138: sin puesto (depActual='Incontinencia') -> SALTA
[17:39:43] Fila 139: sin puesto (depActual='Incontinencia') -> SALTA
[17:39:43] Fila 140: sin puesto (depActual='Incontinencia') -> SALTA
[17:39:43] Fila 141: sin puesto (depActual='Incontinencia') -> SALTA
[17:39:43] Fila 142: sin puesto (depActual='Incontinencia') -> SALTA
[17:39:43] Total de equipos encontrados: 0
[17:39:43] ========================================================
[17:40:26] ==================== NUEVA PETICION ====================
[17:40:26] Departamento recibido: 'Incontinencia'
[17:40:26] Puesto recibido: 'Técnico electrónico'
[17:40:26] Departamento normalizado: 'incontinencia'
[17:40:26] Puesto normalizado: 'tecnico electronico'
[17:40:26] Ruta Excel: C:\xampp\htdocs\Mes\KCMes\EPP\php/FO-OSHPS012-01_Identificación_y_selección_de_EPP.xlsx
[17:40:26] OK: archivo encontrado
[17:40:26] Hoja [0]: 'EPP'
[17:40:26] Hoja [1]: 'Tabla I.1'
[17:40:26] Hoja [2]: 'X supervisor'
[17:40:26] Hoja [3]: 'Para alta'
[17:40:26] Hoja activa: EPP
[17:40:26] Ultima fila con datos: 142
[17:40:26] Fila 6: dep='Contratistas' puesto='Soldador' | depOk=no puestoOk=no
[17:40:26] Fila 7: dep='Contratistas' puesto='Prevencionista' | depOk=no puestoOk=no
[17:40:26] Fila 8: dep='Contratistas' puesto='Ayudante general' | depOk=no puestoOk=no
[17:40:26] Fila 9: dep='Relaciones industriales' puesto='Ayudante general' | depOk=no puestoOk=no
[17:40:26] Fila 10: dep='Relaciones industriales' puesto='Guardia' | depOk=no puestoOk=no
[17:40:26] Fila 11: dep='Relaciones industriales' puesto='Ayudante general' | depOk=no puestoOk=no
[17:40:26] Fila 12: dep='Relaciones industriales' puesto='Personal de intentendencia' | depOk=no puestoOk=no
[17:40:26] Fila 13: dep='Servicios Auxiliares' puesto='Mecánico' | depOk=no puestoOk=no
[17:40:26] Fila 14: dep='Servicios Auxiliares' puesto='Mecánico' | depOk=no puestoOk=no
[17:40:26] Fila 15: dep='Servicios Auxiliares' puesto='Mecánico' | depOk=no puestoOk=no
[17:40:26] Fila 16: dep='Servicios Auxiliares' puesto='Mecánico' | depOk=no puestoOk=no
[17:40:26] Fila 17: dep='Servicios Auxiliares' puesto='Empacador' | depOk=no puestoOk=no
[17:40:26] Fila 18: dep='Telas NoTejidas' puesto='Superintendente mecatronico' | depOk=no puestoOk=no
[17:40:26] Fila 19: dep='Telas NoTejidas' puesto='Ing. Proceso' | depOk=no puestoOk=no
[17:40:26] Fila 20: dep='Telas NoTejidas' puesto='Conductor' | depOk=no puestoOk=no
[17:40:26] Fila 21: dep='Telas NoTejidas' puesto='Ayudante De Operador' | depOk=no puestoOk=no
[17:40:26] Fila 22: dep='Telas NoTejidas' puesto='Empacador' | depOk=no puestoOk=no
[17:40:26] Fila 23: dep='Telas NoTejidas' puesto='Líder de Operación' | depOk=no puestoOk=no
[17:40:26] Fila 24: dep='Telas NoTejidas' puesto='Tecnico Electronico' | depOk=no puestoOk=SI
[17:40:26] Fila 25: dep='Telas NoTejidas' puesto='Mecanico D' | depOk=no puestoOk=no
[17:40:26] Fila 26: dep='Telas NoTejidas' puesto='Mecanico B' | depOk=no puestoOk=no
[17:40:26] Fila 27: dep='Telas NoTejidas' puesto='Electrico D' | depOk=no puestoOk=no
[17:40:26] Fila 28: dep='Telas NoTejidas' puesto='Auxiliar Administrativo' | depOk=no puestoOk=no
[17:40:26] Fila 29: dep='Telas NoTejidas' puesto='Maestro en cardas' | depOk=no puestoOk=no
[17:40:26] Fila 30: dep='Almacén Materia Prima' puesto='Montacarguista' | depOk=no puestoOk=no
[17:40:26] Fila 31: dep='Almacén Materia Prima' puesto='Auxiliar Administrativo' | depOk=no puestoOk=no
[17:40:26] Fila 32: dep='Almacén Materia Prima' puesto='Supervisor' | depOk=no puestoOk=no
[17:40:26] Fila 33: dep='Almacén Materia Prima' puesto='Planeador' | depOk=no puestoOk=no
[17:40:26] Fila 34: dep='Almacén Materia Prima' puesto='Superintendente' | depOk=no puestoOk=no
[17:40:26] Fila 35: dep='Pañal' puesto='sellador' | depOk=no puestoOk=no
[17:40:26] Fila 36: dep='Pañal' puesto='Ing. Proceso' | depOk=no puestoOk=no
[17:40:26] Fila 37: dep='Pañal' puesto='Electrico' | depOk=no puestoOk=no
[17:40:26] Fila 38: dep='Pañal' puesto='Jefe de mantenimiento' | depOk=no puestoOk=no
[17:40:26] Fila 39: dep='Pañal' puesto='Planeador' | depOk=no puestoOk=no
[17:40:26] Fila 40: dep='Pañal' puesto='Electronico' | depOk=no puestoOk=SI
[17:40:26] Fila 41: dep='Pañal' puesto='Supervisor' | depOk=no puestoOk=no
[17:40:26] Fila 42: dep='Pañal' puesto='Super intendente' | depOk=no puestoOk=no
[17:40:26] Fila 43: dep='Pañal' puesto='Conductor' | depOk=no puestoOk=no
[17:40:26] Fila 44: dep='Pañal' puesto='Mecanico' | depOk=no puestoOk=no
[17:40:26] Fila 45: dep='Pañal' puesto='Empacador' | depOk=no puestoOk=no
[17:40:26] Fila 46: dep='Pañal' puesto='Gerente' | depOk=no puestoOk=no
[17:40:26] Fila 47: dep='Pañal' puesto='TSP' | depOk=no puestoOk=no
[17:40:26] Fila 48: dep='Pañal' puesto='Ayudannte' | depOk=no puestoOk=no
[17:40:26] Fila 49: dep='Protección femenina' puesto='Eléctrico' | depOk=no puestoOk=no
[17:40:26] Fila 50: dep='Protección femenina' puesto='Electrónico' | depOk=no puestoOk=SI
[17:40:26] Fila 51: dep='Protección femenina' puesto='Mecánico' | depOk=no puestoOk=no
[17:40:26] Fila 52: dep='Protección femenina' puesto='Ayudante' | depOk=no puestoOk=no
[17:40:26] Fila 53: dep='Protección femenina' puesto='Conductor' | depOk=no puestoOk=no
[17:40:26] Fila 54: dep='Protección femenina' puesto='Empacador' | depOk=no puestoOk=no
[17:40:26] Fila 55: dep='Protección femenina' puesto='Sellador de Linea' | depOk=no puestoOk=no
[17:40:26] Fila 56: dep='Protección femenina' puesto='TCP' | depOk=no puestoOk=no
[17:40:26] Fila 57: dep='Incontinencia' puesto='Gerente de Incontinencia' | depOk=SI puestoOk=no
[17:40:26] Fila 58: dep='Incontinencia' puesto='Superintendente  mantenimiento mecánico' | depOk=SI puestoOk=no
[17:40:26] Fila 59: dep='Incontinencia' puesto='Superintendente mantenimiento electrico' | depOk=SI puestoOk=no
[17:40:26] Fila 60: dep='Incontinencia' puesto='Superintendente de proceso' | depOk=SI puestoOk=no
[17:40:26] Fila 61: dep='Incontinencia' puesto='Supervisor produción' | depOk=SI puestoOk=no
[17:40:26] Fila 62: dep='Incontinencia' puesto='Supervisor Mecánico' | depOk=SI puestoOk=no
[17:40:26] Fila 63: dep='Incontinencia' puesto='Ing. de proceso' | depOk=SI puestoOk=no
[17:40:26] Fila 64: dep='Incontinencia' puesto='Planeador' | depOk=SI puestoOk=no
[17:40:26] Fila 65: dep='Incontinencia' puesto='Electronico' | depOk=SI puestoOk=SI
[17:40:26]    >>> MATCH en fila 65
[17:40:26]       + [Cabeza] B)        Casco dieléctrico
[17:40:26]       + [Ojos y cara] C)        Protector facial
[17:40:26]       + [Oídos] A)        Tapones auditivos
[17:40:26]       + [Aparato respiratorio] A)        Respirador contra partículas
[17:40:26]       + [Extremidades superiores] B)        Guantes dieléctricos
[17:40:26]       + [Tronco] F)      Ropa de alta visibilidad
[17:40:26]       + [Extremidades inferiores] C)        Calzado dieléctrico
[17:40:26]       + [Otros] A)        Equipo de protección contra caídas de altura
[17:40:26] Fila 66: dep='Incontinencia' puesto='Conductor de Maquina' | depOk=SI puestoOk=no
[17:40:26] Fila 67: dep='Incontinencia' puesto='Mecánico categorias A,B,C,D' | depOk=SI puestoOk=no
[17:40:26] Fila 68: dep='Incontinencia' puesto='Electrico categorias A,B,C,D' | depOk=SI puestoOk=no
[17:40:26] Fila 69: dep='Incontinencia' puesto='Ayudannte' | depOk=SI puestoOk=no
[17:40:26] Fila 70: dep='Incontinencia' puesto='sellador' | depOk=SI puestoOk=no
[17:40:26] Fila 71: dep='Incontinencia' puesto='Empacador' | depOk=SI puestoOk=no
[17:40:26] Fila 72: dep='Incontinencia' puesto='Mecánico especialista adhesivos' | depOk=SI puestoOk=no
[17:40:26] Fila 73: dep='Incontinencia' puesto='Mecánico con perfil maquinas herramientas' | depOk=SI puestoOk=no
[17:40:26] Fila 74: sin puesto (depActual='Incontinencia') -> SALTA
[17:40:26] Fila 75: sin puesto (depActual='Incontinencia') -> SALTA
[17:40:26] Fila 76: sin puesto (depActual='Incontinencia') -> SALTA
[17:40:26] Fila 77: sin puesto (depActual='Incontinencia') -> SALTA
[17:40:26] Fila 78: sin puesto (depActual='Incontinencia') -> SALTA
[17:40:26] Fila 79: sin puesto (depActual='Incontinencia') -> SALTA
[17:40:26] Fila 80: sin puesto (depActual='Incontinencia') -> SALTA
[17:40:26] Fila 81: sin puesto (depActual='Incontinencia') -> SALTA
[17:40:26] Fila 82: sin puesto (depActual='Incontinencia') -> SALTA
[17:40:26] Fila 83: sin puesto (depActual='Incontinencia') -> SALTA
[17:40:26] Fila 84: sin puesto (depActual='Incontinencia') -> SALTA
[17:40:26] Fila 85: sin puesto (depActual='Incontinencia') -> SALTA
[17:40:26] Fila 86: sin puesto (depActual='Incontinencia') -> SALTA
[17:40:26] Fila 87: sin puesto (depActual='Incontinencia') -> SALTA
[17:40:26] Fila 88: sin puesto (depActual='Incontinencia') -> SALTA
[17:40:26] Fila 89: sin puesto (depActual='Incontinencia') -> SALTA
[17:40:26] Fila 90: sin puesto (depActual='Incontinencia') -> SALTA
[17:40:26] Fila 91: sin puesto (depActual='Incontinencia') -> SALTA
[17:40:26] Fila 92: sin puesto (depActual='Incontinencia') -> SALTA
[17:40:26] Fila 93: sin puesto (depActual='Incontinencia') -> SALTA
[17:40:26] Fila 94: sin puesto (depActual='Incontinencia') -> SALTA
[17:40:26] Fila 95: sin puesto (depActual='Incontinencia') -> SALTA
[17:40:26] Fila 96: sin puesto (depActual='Incontinencia') -> SALTA
[17:40:26] Fila 97: sin puesto (depActual='Incontinencia') -> SALTA
[17:40:26] Fila 98: sin puesto (depActual='Incontinencia') -> SALTA
[17:40:26] Fila 99: sin puesto (depActual='Incontinencia') -> SALTA
[17:40:26] Fila 100: sin puesto (depActual='Incontinencia') -> SALTA
[17:40:26] Fila 101: sin puesto (depActual='Incontinencia') -> SALTA
[17:40:26] Fila 102: sin puesto (depActual='Incontinencia') -> SALTA
[17:40:26] Fila 103: sin puesto (depActual='Incontinencia') -> SALTA
[17:40:26] Fila 104: sin puesto (depActual='Incontinencia') -> SALTA
[17:40:26] Fila 105: sin puesto (depActual='Incontinencia') -> SALTA
[17:40:26] Fila 106: sin puesto (depActual='Incontinencia') -> SALTA
[17:40:26] Fila 107: sin puesto (depActual='Incontinencia') -> SALTA
[17:40:26] Fila 108: sin puesto (depActual='Incontinencia') -> SALTA
[17:40:26] Fila 109: sin puesto (depActual='Incontinencia') -> SALTA
[17:40:26] Fila 110: sin puesto (depActual='Incontinencia') -> SALTA
[17:40:26] Fila 111: sin puesto (depActual='Incontinencia') -> SALTA
[17:40:26] Fila 112: sin puesto (depActual='Incontinencia') -> SALTA
[17:40:26] Fila 113: sin puesto (depActual='Incontinencia') -> SALTA
[17:40:26] Fila 114: sin puesto (depActual='Incontinencia') -> SALTA
[17:40:26] Fila 115: sin puesto (depActual='Incontinencia') -> SALTA
[17:40:26] Fila 116: sin puesto (depActual='Incontinencia') -> SALTA
[17:40:26] Fila 117: sin puesto (depActual='Incontinencia') -> SALTA
[17:40:26] Fila 118: sin puesto (depActual='Incontinencia') -> SALTA
[17:40:26] Fila 119: sin puesto (depActual='Incontinencia') -> SALTA
[17:40:26] Fila 120: sin puesto (depActual='Incontinencia') -> SALTA
[17:40:26] Fila 121: sin puesto (depActual='Incontinencia') -> SALTA
[17:40:26] Fila 122: sin puesto (depActual='Incontinencia') -> SALTA
[17:40:26] Fila 123: sin puesto (depActual='Incontinencia') -> SALTA
[17:40:26] Fila 124: sin puesto (depActual='Incontinencia') -> SALTA
[17:40:26] Fila 125: sin puesto (depActual='Incontinencia') -> SALTA
[17:40:26] Fila 126: sin puesto (depActual='Incontinencia') -> SALTA
[17:40:26] Fila 127: sin puesto (depActual='Incontinencia') -> SALTA
[17:40:26] Fila 128: sin puesto (depActual='Incontinencia') -> SALTA
[17:40:26] Fila 129: sin puesto (depActual='Incontinencia') -> SALTA
[17:40:26] Fila 130: sin puesto (depActual='Incontinencia') -> SALTA
[17:40:26] Fila 131: sin puesto (depActual='Incontinencia') -> SALTA
[17:40:26] Fila 132: sin puesto (depActual='Incontinencia') -> SALTA
[17:40:26] Fila 133: sin puesto (depActual='Incontinencia') -> SALTA
[17:40:26] Fila 134: sin puesto (depActual='Incontinencia') -> SALTA
[17:40:26] Fila 135: sin puesto (depActual='Incontinencia') -> SALTA
[17:40:26] Fila 136: sin puesto (depActual='Incontinencia') -> SALTA
[17:40:26] Fila 137: sin puesto (depActual='Incontinencia') -> SALTA
[17:40:26] Fila 138: sin puesto (depActual='Incontinencia') -> SALTA
[17:40:26] Fila 139: sin puesto (depActual='Incontinencia') -> SALTA
[17:40:26] Fila 140: sin puesto (depActual='Incontinencia') -> SALTA
[17:40:26] Fila 141: sin puesto (depActual='Incontinencia') -> SALTA
[17:40:26] Fila 142: sin puesto (depActual='Incontinencia') -> SALTA
[17:40:26] Total de equipos encontrados: 8
[17:40:26] ========================================================
[20:07:19] ==================== NUEVA PETICION ====================
[20:07:19] Departamento recibido: 'Incontinencia'
[20:07:19] Puesto recibido: 'Técnico electrónico'
[20:07:19] Departamento normalizado: 'incontinencia'
[20:07:19] Puesto normalizado: 'tecnico electronico'
[20:07:19] Ruta Excel: C:\xampp\htdocs\Mes\KCMes\EPP\php/FO-OSHPS012-01_Identificación_y_selección_de_EPP.xlsx
[20:07:19] OK: archivo encontrado
[20:07:21] Hoja [0]: 'EPP'
[20:07:21] Hoja [1]: 'Tabla I.1'
[20:07:21] Hoja [2]: 'X supervisor'
[20:07:21] Hoja [3]: 'Para alta'
[20:07:21] Hoja activa: EPP
[20:07:21] Ultima fila con datos: 142
[20:07:21] Fila 6: dep='Contratistas' puesto='Soldador' | depOk=no puestoOk=no
[20:07:21] Fila 7: dep='Contratistas' puesto='Prevencionista' | depOk=no puestoOk=no
[20:07:21] Fila 8: dep='Contratistas' puesto='Ayudante general' | depOk=no puestoOk=no
[20:07:21] Fila 9: dep='Relaciones industriales' puesto='Ayudante general' | depOk=no puestoOk=no
[20:07:21] Fila 10: dep='Relaciones industriales' puesto='Guardia' | depOk=no puestoOk=no
[20:07:21] Fila 11: dep='Relaciones industriales' puesto='Ayudante general' | depOk=no puestoOk=no
[20:07:21] Fila 12: dep='Relaciones industriales' puesto='Personal de intentendencia' | depOk=no puestoOk=no
[20:07:21] Fila 13: dep='Servicios Auxiliares' puesto='Mecánico' | depOk=no puestoOk=no
[20:07:21] Fila 14: dep='Servicios Auxiliares' puesto='Mecánico' | depOk=no puestoOk=no
[20:07:21] Fila 15: dep='Servicios Auxiliares' puesto='Mecánico' | depOk=no puestoOk=no
[20:07:21] Fila 16: dep='Servicios Auxiliares' puesto='Mecánico' | depOk=no puestoOk=no
[20:07:21] Fila 17: dep='Servicios Auxiliares' puesto='Empacador' | depOk=no puestoOk=no
[20:07:21] Fila 18: dep='Telas NoTejidas' puesto='Superintendente mecatronico' | depOk=no puestoOk=no
[20:07:21] Fila 19: dep='Telas NoTejidas' puesto='Ing. Proceso' | depOk=no puestoOk=no
[20:07:21] Fila 20: dep='Telas NoTejidas' puesto='Conductor' | depOk=no puestoOk=no
[20:07:21] Fila 21: dep='Telas NoTejidas' puesto='Ayudante De Operador' | depOk=no puestoOk=no
[20:07:21] Fila 22: dep='Telas NoTejidas' puesto='Empacador' | depOk=no puestoOk=no
[20:07:21] Fila 23: dep='Telas NoTejidas' puesto='Líder de Operación' | depOk=no puestoOk=no
[20:07:21] Fila 24: dep='Telas NoTejidas' puesto='Tecnico Electronico' | depOk=no puestoOk=SI
[20:07:21] Fila 25: dep='Telas NoTejidas' puesto='Mecanico D' | depOk=no puestoOk=no
[20:07:21] Fila 26: dep='Telas NoTejidas' puesto='Mecanico B' | depOk=no puestoOk=no
[20:07:21] Fila 27: dep='Telas NoTejidas' puesto='Electrico D' | depOk=no puestoOk=no
[20:07:21] Fila 28: dep='Telas NoTejidas' puesto='Auxiliar Administrativo' | depOk=no puestoOk=no
[20:07:21] Fila 29: dep='Telas NoTejidas' puesto='Maestro en cardas' | depOk=no puestoOk=no
[20:07:21] Fila 30: dep='Almacén Materia Prima' puesto='Montacarguista' | depOk=no puestoOk=no
[20:07:21] Fila 31: dep='Almacén Materia Prima' puesto='Auxiliar Administrativo' | depOk=no puestoOk=no
[20:07:21] Fila 32: dep='Almacén Materia Prima' puesto='Supervisor' | depOk=no puestoOk=no
[20:07:21] Fila 33: dep='Almacén Materia Prima' puesto='Planeador' | depOk=no puestoOk=no
[20:07:21] Fila 34: dep='Almacén Materia Prima' puesto='Superintendente' | depOk=no puestoOk=no
[20:07:21] Fila 35: dep='Pañal' puesto='sellador' | depOk=no puestoOk=no
[20:07:21] Fila 36: dep='Pañal' puesto='Ing. Proceso' | depOk=no puestoOk=no
[20:07:21] Fila 37: dep='Pañal' puesto='Electrico' | depOk=no puestoOk=no
[20:07:21] Fila 38: dep='Pañal' puesto='Jefe de mantenimiento' | depOk=no puestoOk=no
[20:07:21] Fila 39: dep='Pañal' puesto='Planeador' | depOk=no puestoOk=no
[20:07:21] Fila 40: dep='Pañal' puesto='Electronico' | depOk=no puestoOk=SI
[20:07:21] Fila 41: dep='Pañal' puesto='Supervisor' | depOk=no puestoOk=no
[20:07:21] Fila 42: dep='Pañal' puesto='Super intendente' | depOk=no puestoOk=no
[20:07:21] Fila 43: dep='Pañal' puesto='Conductor' | depOk=no puestoOk=no
[20:07:21] Fila 44: dep='Pañal' puesto='Mecanico' | depOk=no puestoOk=no
[20:07:21] Fila 45: dep='Pañal' puesto='Empacador' | depOk=no puestoOk=no
[20:07:21] Fila 46: dep='Pañal' puesto='Gerente' | depOk=no puestoOk=no
[20:07:21] Fila 47: dep='Pañal' puesto='TSP' | depOk=no puestoOk=no
[20:07:21] Fila 48: dep='Pañal' puesto='Ayudannte' | depOk=no puestoOk=no
[20:07:21] Fila 49: dep='Protección femenina' puesto='Eléctrico' | depOk=no puestoOk=no
[20:07:21] Fila 50: dep='Protección femenina' puesto='Electrónico' | depOk=no puestoOk=SI
[20:07:21] Fila 51: dep='Protección femenina' puesto='Mecánico' | depOk=no puestoOk=no
[20:07:21] Fila 52: dep='Protección femenina' puesto='Ayudante' | depOk=no puestoOk=no
[20:07:21] Fila 53: dep='Protección femenina' puesto='Conductor' | depOk=no puestoOk=no
[20:07:21] Fila 54: dep='Protección femenina' puesto='Empacador' | depOk=no puestoOk=no
[20:07:21] Fila 55: dep='Protección femenina' puesto='Sellador de Linea' | depOk=no puestoOk=no
[20:07:21] Fila 56: dep='Protección femenina' puesto='TCP' | depOk=no puestoOk=no
[20:07:21] Fila 57: dep='Incontinencia' puesto='Gerente de Incontinencia' | depOk=SI puestoOk=no
[20:07:21] Fila 58: dep='Incontinencia' puesto='Superintendente  mantenimiento mecánico' | depOk=SI puestoOk=no
[20:07:21] Fila 59: dep='Incontinencia' puesto='Superintendente mantenimiento electrico' | depOk=SI puestoOk=no
[20:07:21] Fila 60: dep='Incontinencia' puesto='Superintendente de proceso' | depOk=SI puestoOk=no
[20:07:21] Fila 61: dep='Incontinencia' puesto='Supervisor produción' | depOk=SI puestoOk=no
[20:07:21] Fila 62: dep='Incontinencia' puesto='Supervisor Mecánico' | depOk=SI puestoOk=no
[20:07:21] Fila 63: dep='Incontinencia' puesto='Ing. de proceso' | depOk=SI puestoOk=no
[20:07:21] Fila 64: dep='Incontinencia' puesto='Planeador' | depOk=SI puestoOk=no
[20:07:21] Fila 65: dep='Incontinencia' puesto='Electronico' | depOk=SI puestoOk=SI
[20:07:21]    >>> MATCH en fila 65
[20:07:21]       + [Cabeza] B)        Casco dieléctrico
[20:07:21]       + [Ojos y cara] C)        Protector facial
[20:07:21]       + [Oídos] A)        Tapones auditivos
[20:07:21]       + [Aparato respiratorio] A)        Respirador contra partículas
[20:07:21]       + [Extremidades superiores] B)        Guantes dieléctricos
[20:07:21]       + [Tronco] F)      Ropa de alta visibilidad
[20:07:21]       + [Extremidades inferiores] C)        Calzado dieléctrico
[20:07:21]       + [Otros] A)        Equipo de protección contra caídas de altura
[20:07:21] Fila 66: dep='Incontinencia' puesto='Conductor de Maquina' | depOk=SI puestoOk=no
[20:07:21] Fila 67: dep='Incontinencia' puesto='Mecánico categorias A,B,C,D' | depOk=SI puestoOk=no
[20:07:21] Fila 68: dep='Incontinencia' puesto='Electrico categorias A,B,C,D' | depOk=SI puestoOk=no
[20:07:21] Fila 69: dep='Incontinencia' puesto='Ayudannte' | depOk=SI puestoOk=no
[20:07:21] Fila 70: dep='Incontinencia' puesto='sellador' | depOk=SI puestoOk=no
[20:07:21] Fila 71: dep='Incontinencia' puesto='Empacador' | depOk=SI puestoOk=no
[20:07:21] Fila 72: dep='Incontinencia' puesto='Mecánico especialista adhesivos' | depOk=SI puestoOk=no
[20:07:21] Fila 73: dep='Incontinencia' puesto='Mecánico con perfil maquinas herramientas' | depOk=SI puestoOk=no
[20:07:21] Fila 74: sin puesto (depActual='Incontinencia') -> SALTA
[20:07:21] Fila 75: sin puesto (depActual='Incontinencia') -> SALTA
[20:07:21] Fila 76: sin puesto (depActual='Incontinencia') -> SALTA
[20:07:21] Fila 77: sin puesto (depActual='Incontinencia') -> SALTA
[20:07:21] Fila 78: sin puesto (depActual='Incontinencia') -> SALTA
[20:07:21] Fila 79: sin puesto (depActual='Incontinencia') -> SALTA
[20:07:21] Fila 80: sin puesto (depActual='Incontinencia') -> SALTA
[20:07:21] Fila 81: sin puesto (depActual='Incontinencia') -> SALTA
[20:07:21] Fila 82: sin puesto (depActual='Incontinencia') -> SALTA
[20:07:21] Fila 83: sin puesto (depActual='Incontinencia') -> SALTA
[20:07:21] Fila 84: sin puesto (depActual='Incontinencia') -> SALTA
[20:07:21] Fila 85: sin puesto (depActual='Incontinencia') -> SALTA
[20:07:21] Fila 86: sin puesto (depActual='Incontinencia') -> SALTA
[20:07:21] Fila 87: sin puesto (depActual='Incontinencia') -> SALTA
[20:07:21] Fila 88: sin puesto (depActual='Incontinencia') -> SALTA
[20:07:21] Fila 89: sin puesto (depActual='Incontinencia') -> SALTA
[20:07:21] Fila 90: sin puesto (depActual='Incontinencia') -> SALTA
[20:07:21] Fila 91: sin puesto (depActual='Incontinencia') -> SALTA
[20:07:21] Fila 92: sin puesto (depActual='Incontinencia') -> SALTA
[20:07:21] Fila 93: sin puesto (depActual='Incontinencia') -> SALTA
[20:07:21] Fila 94: sin puesto (depActual='Incontinencia') -> SALTA
[20:07:21] Fila 95: sin puesto (depActual='Incontinencia') -> SALTA
[20:07:21] Fila 96: sin puesto (depActual='Incontinencia') -> SALTA
[20:07:21] Fila 97: sin puesto (depActual='Incontinencia') -> SALTA
[20:07:21] Fila 98: sin puesto (depActual='Incontinencia') -> SALTA
[20:07:21] Fila 99: sin puesto (depActual='Incontinencia') -> SALTA
[20:07:21] Fila 100: sin puesto (depActual='Incontinencia') -> SALTA
[20:07:21] Fila 101: sin puesto (depActual='Incontinencia') -> SALTA
[20:07:21] Fila 102: sin puesto (depActual='Incontinencia') -> SALTA
[20:07:21] Fila 103: sin puesto (depActual='Incontinencia') -> SALTA
[20:07:21] Fila 104: sin puesto (depActual='Incontinencia') -> SALTA
[20:07:21] Fila 105: sin puesto (depActual='Incontinencia') -> SALTA
[20:07:21] Fila 106: sin puesto (depActual='Incontinencia') -> SALTA
[20:07:21] Fila 107: sin puesto (depActual='Incontinencia') -> SALTA
[20:07:21] Fila 108: sin puesto (depActual='Incontinencia') -> SALTA
[20:07:21] Fila 109: sin puesto (depActual='Incontinencia') -> SALTA
[20:07:21] Fila 110: sin puesto (depActual='Incontinencia') -> SALTA
[20:07:21] Fila 111: sin puesto (depActual='Incontinencia') -> SALTA
[20:07:21] Fila 112: sin puesto (depActual='Incontinencia') -> SALTA
[20:07:21] Fila 113: sin puesto (depActual='Incontinencia') -> SALTA
[20:07:21] Fila 114: sin puesto (depActual='Incontinencia') -> SALTA
[20:07:21] Fila 115: sin puesto (depActual='Incontinencia') -> SALTA
[20:07:21] Fila 116: sin puesto (depActual='Incontinencia') -> SALTA
[20:07:21] Fila 117: sin puesto (depActual='Incontinencia') -> SALTA
[20:07:21] Fila 118: sin puesto (depActual='Incontinencia') -> SALTA
[20:07:21] Fila 119: sin puesto (depActual='Incontinencia') -> SALTA
[20:07:21] Fila 120: sin puesto (depActual='Incontinencia') -> SALTA
[20:07:21] Fila 121: sin puesto (depActual='Incontinencia') -> SALTA
[20:07:21] Fila 122: sin puesto (depActual='Incontinencia') -> SALTA
[20:07:21] Fila 123: sin puesto (depActual='Incontinencia') -> SALTA
[20:07:21] Fila 124: sin puesto (depActual='Incontinencia') -> SALTA
[20:07:21] Fila 125: sin puesto (depActual='Incontinencia') -> SALTA
[20:07:21] Fila 126: sin puesto (depActual='Incontinencia') -> SALTA
[20:07:21] Fila 127: sin puesto (depActual='Incontinencia') -> SALTA
[20:07:21] Fila 128: sin puesto (depActual='Incontinencia') -> SALTA
[20:07:21] Fila 129: sin puesto (depActual='Incontinencia') -> SALTA
[20:07:21] Fila 130: sin puesto (depActual='Incontinencia') -> SALTA
[20:07:21] Fila 131: sin puesto (depActual='Incontinencia') -> SALTA
[20:07:21] Fila 132: sin puesto (depActual='Incontinencia') -> SALTA
[20:07:21] Fila 133: sin puesto (depActual='Incontinencia') -> SALTA
[20:07:21] Fila 134: sin puesto (depActual='Incontinencia') -> SALTA
[20:07:21] Fila 135: sin puesto (depActual='Incontinencia') -> SALTA
[20:07:21] Fila 136: sin puesto (depActual='Incontinencia') -> SALTA
[20:07:21] Fila 137: sin puesto (depActual='Incontinencia') -> SALTA
[20:07:21] Fila 138: sin puesto (depActual='Incontinencia') -> SALTA
[20:07:21] Fila 139: sin puesto (depActual='Incontinencia') -> SALTA
[20:07:21] Fila 140: sin puesto (depActual='Incontinencia') -> SALTA
[20:07:21] Fila 141: sin puesto (depActual='Incontinencia') -> SALTA
[20:07:21] Fila 142: sin puesto (depActual='Incontinencia') -> SALTA
[20:07:21] Total de equipos encontrados: 8
[20:07:21] ========================================================
[20:11:28] ==================== NUEVA PETICION ====================
[20:11:28] Departamento recibido: 'Incontinencia'
[20:11:28] Puesto recibido: 'Técnico electrónico'
[20:11:28] Departamento normalizado: 'incontinencia'
[20:11:28] Puesto normalizado: 'tecnico electronico'
[20:11:28] Ruta Excel: C:\xampp\htdocs\Mes\KCMes\EPP\php/FO-OSHPS012-01_Identificación_y_selección_de_EPP.xlsx
[20:11:28] OK: archivo encontrado
[20:11:28] Hoja [0]: 'EPP'
[20:11:28] Hoja [1]: 'Tabla I.1'
[20:11:28] Hoja [2]: 'X supervisor'
[20:11:28] Hoja [3]: 'Para alta'
[20:11:28] Hoja activa: EPP
[20:11:28] Ultima fila con datos: 142
[20:11:28] Fila 6: dep='Contratistas' puesto='Soldador' | depOk=no puestoOk=no
[20:11:28] Fila 7: dep='Contratistas' puesto='Prevencionista' | depOk=no puestoOk=no
[20:11:28] Fila 8: dep='Contratistas' puesto='Ayudante general' | depOk=no puestoOk=no
[20:11:28] Fila 9: dep='Relaciones industriales' puesto='Ayudante general' | depOk=no puestoOk=no
[20:11:28] Fila 10: dep='Relaciones industriales' puesto='Guardia' | depOk=no puestoOk=no
[20:11:28] Fila 11: dep='Relaciones industriales' puesto='Ayudante general' | depOk=no puestoOk=no
[20:11:28] Fila 12: dep='Relaciones industriales' puesto='Personal de intentendencia' | depOk=no puestoOk=no
[20:11:28] Fila 13: dep='Servicios Auxiliares' puesto='Mecánico' | depOk=no puestoOk=no
[20:11:28] Fila 14: dep='Servicios Auxiliares' puesto='Mecánico' | depOk=no puestoOk=no
[20:11:28] Fila 15: dep='Servicios Auxiliares' puesto='Mecánico' | depOk=no puestoOk=no
[20:11:28] Fila 16: dep='Servicios Auxiliares' puesto='Mecánico' | depOk=no puestoOk=no
[20:11:28] Fila 17: dep='Servicios Auxiliares' puesto='Empacador' | depOk=no puestoOk=no
[20:11:28] Fila 18: dep='Telas NoTejidas' puesto='Superintendente mecatronico' | depOk=no puestoOk=no
[20:11:28] Fila 19: dep='Telas NoTejidas' puesto='Ing. Proceso' | depOk=no puestoOk=no
[20:11:28] Fila 20: dep='Telas NoTejidas' puesto='Conductor' | depOk=no puestoOk=no
[20:11:28] Fila 21: dep='Telas NoTejidas' puesto='Ayudante De Operador' | depOk=no puestoOk=no
[20:11:28] Fila 22: dep='Telas NoTejidas' puesto='Empacador' | depOk=no puestoOk=no
[20:11:28] Fila 23: dep='Telas NoTejidas' puesto='Líder de Operación' | depOk=no puestoOk=no
[20:11:28] Fila 24: dep='Telas NoTejidas' puesto='Tecnico Electronico' | depOk=no puestoOk=SI
[20:11:28] Fila 25: dep='Telas NoTejidas' puesto='Mecanico D' | depOk=no puestoOk=no
[20:11:28] Fila 26: dep='Telas NoTejidas' puesto='Mecanico B' | depOk=no puestoOk=no
[20:11:28] Fila 27: dep='Telas NoTejidas' puesto='Electrico D' | depOk=no puestoOk=no
[20:11:28] Fila 28: dep='Telas NoTejidas' puesto='Auxiliar Administrativo' | depOk=no puestoOk=no
[20:11:28] Fila 29: dep='Telas NoTejidas' puesto='Maestro en cardas' | depOk=no puestoOk=no
[20:11:28] Fila 30: dep='Almacén Materia Prima' puesto='Montacarguista' | depOk=no puestoOk=no
[20:11:28] Fila 31: dep='Almacén Materia Prima' puesto='Auxiliar Administrativo' | depOk=no puestoOk=no
[20:11:28] Fila 32: dep='Almacén Materia Prima' puesto='Supervisor' | depOk=no puestoOk=no
[20:11:28] Fila 33: dep='Almacén Materia Prima' puesto='Planeador' | depOk=no puestoOk=no
[20:11:28] Fila 34: dep='Almacén Materia Prima' puesto='Superintendente' | depOk=no puestoOk=no
[20:11:28] Fila 35: dep='Pañal' puesto='sellador' | depOk=no puestoOk=no
[20:11:28] Fila 36: dep='Pañal' puesto='Ing. Proceso' | depOk=no puestoOk=no
[20:11:28] Fila 37: dep='Pañal' puesto='Electrico' | depOk=no puestoOk=no
[20:11:28] Fila 38: dep='Pañal' puesto='Jefe de mantenimiento' | depOk=no puestoOk=no
[20:11:28] Fila 39: dep='Pañal' puesto='Planeador' | depOk=no puestoOk=no
[20:11:28] Fila 40: dep='Pañal' puesto='Electronico' | depOk=no puestoOk=SI
[20:11:28] Fila 41: dep='Pañal' puesto='Supervisor' | depOk=no puestoOk=no
[20:11:28] Fila 42: dep='Pañal' puesto='Super intendente' | depOk=no puestoOk=no
[20:11:28] Fila 43: dep='Pañal' puesto='Conductor' | depOk=no puestoOk=no
[20:11:28] Fila 44: dep='Pañal' puesto='Mecanico' | depOk=no puestoOk=no
[20:11:28] Fila 45: dep='Pañal' puesto='Empacador' | depOk=no puestoOk=no
[20:11:28] Fila 46: dep='Pañal' puesto='Gerente' | depOk=no puestoOk=no
[20:11:28] Fila 47: dep='Pañal' puesto='TSP' | depOk=no puestoOk=no
[20:11:28] Fila 48: dep='Pañal' puesto='Ayudannte' | depOk=no puestoOk=no
[20:11:28] Fila 49: dep='Protección femenina' puesto='Eléctrico' | depOk=no puestoOk=no
[20:11:28] Fila 50: dep='Protección femenina' puesto='Electrónico' | depOk=no puestoOk=SI
[20:11:28] Fila 51: dep='Protección femenina' puesto='Mecánico' | depOk=no puestoOk=no
[20:11:28] Fila 52: dep='Protección femenina' puesto='Ayudante' | depOk=no puestoOk=no
[20:11:28] Fila 53: dep='Protección femenina' puesto='Conductor' | depOk=no puestoOk=no
[20:11:28] Fila 54: dep='Protección femenina' puesto='Empacador' | depOk=no puestoOk=no
[20:11:28] Fila 55: dep='Protección femenina' puesto='Sellador de Linea' | depOk=no puestoOk=no
[20:11:28] Fila 56: dep='Protección femenina' puesto='TCP' | depOk=no puestoOk=no
[20:11:28] Fila 57: dep='Incontinencia' puesto='Gerente de Incontinencia' | depOk=SI puestoOk=no
[20:11:28] Fila 58: dep='Incontinencia' puesto='Superintendente  mantenimiento mecánico' | depOk=SI puestoOk=no
[20:11:28] Fila 59: dep='Incontinencia' puesto='Superintendente mantenimiento electrico' | depOk=SI puestoOk=no
[20:11:28] Fila 60: dep='Incontinencia' puesto='Superintendente de proceso' | depOk=SI puestoOk=no
[20:11:28] Fila 61: dep='Incontinencia' puesto='Supervisor produción' | depOk=SI puestoOk=no
[20:11:28] Fila 62: dep='Incontinencia' puesto='Supervisor Mecánico' | depOk=SI puestoOk=no
[20:11:28] Fila 63: dep='Incontinencia' puesto='Ing. de proceso' | depOk=SI puestoOk=no
[20:11:28] Fila 64: dep='Incontinencia' puesto='Planeador' | depOk=SI puestoOk=no
[20:11:28] Fila 65: dep='Incontinencia' puesto='Electronico' | depOk=SI puestoOk=SI
[20:11:28]    >>> MATCH en fila 65
[20:11:28]       + [Cabeza] B)        Casco dieléctrico
[20:11:28]       + [Ojos y cara] C)        Protector facial
[20:11:28]       + [Oídos] A)        Tapones auditivos
[20:11:28]       + [Aparato respiratorio] A)        Respirador contra partículas
[20:11:28]       + [Extremidades superiores] B)        Guantes dieléctricos
[20:11:28]       + [Tronco] F)      Ropa de alta visibilidad
[20:11:28]       + [Extremidades inferiores] C)        Calzado dieléctrico
[20:11:28]       + [Otros] A)        Equipo de protección contra caídas de altura
[20:11:28] Fila 66: dep='Incontinencia' puesto='Conductor de Maquina' | depOk=SI puestoOk=no
[20:11:28] Fila 67: dep='Incontinencia' puesto='Mecánico categorias A,B,C,D' | depOk=SI puestoOk=no
[20:11:28] Fila 68: dep='Incontinencia' puesto='Electrico categorias A,B,C,D' | depOk=SI puestoOk=no
[20:11:28] Fila 69: dep='Incontinencia' puesto='Ayudannte' | depOk=SI puestoOk=no
[20:11:28] Fila 70: dep='Incontinencia' puesto='sellador' | depOk=SI puestoOk=no
[20:11:28] Fila 71: dep='Incontinencia' puesto='Empacador' | depOk=SI puestoOk=no
[20:11:28] Fila 72: dep='Incontinencia' puesto='Mecánico especialista adhesivos' | depOk=SI puestoOk=no
[20:11:28] Fila 73: dep='Incontinencia' puesto='Mecánico con perfil maquinas herramientas' | depOk=SI puestoOk=no
[20:11:28] Fila 74: sin puesto (depActual='Incontinencia') -> SALTA
[20:11:28] Fila 75: sin puesto (depActual='Incontinencia') -> SALTA
[20:11:28] Fila 76: sin puesto (depActual='Incontinencia') -> SALTA
[20:11:28] Fila 77: sin puesto (depActual='Incontinencia') -> SALTA
[20:11:28] Fila 78: sin puesto (depActual='Incontinencia') -> SALTA
[20:11:28] Fila 79: sin puesto (depActual='Incontinencia') -> SALTA
[20:11:28] Fila 80: sin puesto (depActual='Incontinencia') -> SALTA
[20:11:28] Fila 81: sin puesto (depActual='Incontinencia') -> SALTA
[20:11:28] Fila 82: sin puesto (depActual='Incontinencia') -> SALTA
[20:11:28] Fila 83: sin puesto (depActual='Incontinencia') -> SALTA
[20:11:28] Fila 84: sin puesto (depActual='Incontinencia') -> SALTA
[20:11:28] Fila 85: sin puesto (depActual='Incontinencia') -> SALTA
[20:11:28] Fila 86: sin puesto (depActual='Incontinencia') -> SALTA
[20:11:28] Fila 87: sin puesto (depActual='Incontinencia') -> SALTA
[20:11:28] Fila 88: sin puesto (depActual='Incontinencia') -> SALTA
[20:11:28] Fila 89: sin puesto (depActual='Incontinencia') -> SALTA
[20:11:28] Fila 90: sin puesto (depActual='Incontinencia') -> SALTA
[20:11:28] Fila 91: sin puesto (depActual='Incontinencia') -> SALTA
[20:11:28] Fila 92: sin puesto (depActual='Incontinencia') -> SALTA
[20:11:28] Fila 93: sin puesto (depActual='Incontinencia') -> SALTA
[20:11:28] Fila 94: sin puesto (depActual='Incontinencia') -> SALTA
[20:11:28] Fila 95: sin puesto (depActual='Incontinencia') -> SALTA
[20:11:28] Fila 96: sin puesto (depActual='Incontinencia') -> SALTA
[20:11:28] Fila 97: sin puesto (depActual='Incontinencia') -> SALTA
[20:11:28] Fila 98: sin puesto (depActual='Incontinencia') -> SALTA
[20:11:28] Fila 99: sin puesto (depActual='Incontinencia') -> SALTA
[20:11:28] Fila 100: sin puesto (depActual='Incontinencia') -> SALTA
[20:11:28] Fila 101: sin puesto (depActual='Incontinencia') -> SALTA
[20:11:28] Fila 102: sin puesto (depActual='Incontinencia') -> SALTA
[20:11:28] Fila 103: sin puesto (depActual='Incontinencia') -> SALTA
[20:11:28] Fila 104: sin puesto (depActual='Incontinencia') -> SALTA
[20:11:28] Fila 105: sin puesto (depActual='Incontinencia') -> SALTA
[20:11:28] Fila 106: sin puesto (depActual='Incontinencia') -> SALTA
[20:11:28] Fila 107: sin puesto (depActual='Incontinencia') -> SALTA
[20:11:28] Fila 108: sin puesto (depActual='Incontinencia') -> SALTA
[20:11:28] Fila 109: sin puesto (depActual='Incontinencia') -> SALTA
[20:11:28] Fila 110: sin puesto (depActual='Incontinencia') -> SALTA
[20:11:28] Fila 111: sin puesto (depActual='Incontinencia') -> SALTA
[20:11:28] Fila 112: sin puesto (depActual='Incontinencia') -> SALTA
[20:11:28] Fila 113: sin puesto (depActual='Incontinencia') -> SALTA
[20:11:28] Fila 114: sin puesto (depActual='Incontinencia') -> SALTA
[20:11:28] Fila 115: sin puesto (depActual='Incontinencia') -> SALTA
[20:11:28] Fila 116: sin puesto (depActual='Incontinencia') -> SALTA
[20:11:28] Fila 117: sin puesto (depActual='Incontinencia') -> SALTA
[20:11:28] Fila 118: sin puesto (depActual='Incontinencia') -> SALTA
[20:11:28] Fila 119: sin puesto (depActual='Incontinencia') -> SALTA
[20:11:28] Fila 120: sin puesto (depActual='Incontinencia') -> SALTA
[20:11:28] Fila 121: sin puesto (depActual='Incontinencia') -> SALTA
[20:11:28] Fila 122: sin puesto (depActual='Incontinencia') -> SALTA
[20:11:28] Fila 123: sin puesto (depActual='Incontinencia') -> SALTA
[20:11:28] Fila 124: sin puesto (depActual='Incontinencia') -> SALTA
[20:11:28] Fila 125: sin puesto (depActual='Incontinencia') -> SALTA
[20:11:28] Fila 126: sin puesto (depActual='Incontinencia') -> SALTA
[20:11:28] Fila 127: sin puesto (depActual='Incontinencia') -> SALTA
[20:11:28] Fila 128: sin puesto (depActual='Incontinencia') -> SALTA
[20:11:28] Fila 129: sin puesto (depActual='Incontinencia') -> SALTA
[20:11:28] Fila 130: sin puesto (depActual='Incontinencia') -> SALTA
[20:11:28] Fila 131: sin puesto (depActual='Incontinencia') -> SALTA
[20:11:28] Fila 132: sin puesto (depActual='Incontinencia') -> SALTA
[20:11:28] Fila 133: sin puesto (depActual='Incontinencia') -> SALTA
[20:11:28] Fila 134: sin puesto (depActual='Incontinencia') -> SALTA
[20:11:28] Fila 135: sin puesto (depActual='Incontinencia') -> SALTA
[20:11:28] Fila 136: sin puesto (depActual='Incontinencia') -> SALTA
[20:11:28] Fila 137: sin puesto (depActual='Incontinencia') -> SALTA
[20:11:28] Fila 138: sin puesto (depActual='Incontinencia') -> SALTA
[20:11:28] Fila 139: sin puesto (depActual='Incontinencia') -> SALTA
[20:11:28] Fila 140: sin puesto (depActual='Incontinencia') -> SALTA
[20:11:28] Fila 141: sin puesto (depActual='Incontinencia') -> SALTA
[20:11:28] Fila 142: sin puesto (depActual='Incontinencia') -> SALTA
[20:11:28] Total de equipos encontrados: 8
[20:11:28] ========================================================
[20:37:30] ==================== NUEVA PETICION ====================
[20:37:30] Departamento recibido: 'Incontinencia'
[20:37:30] Puesto recibido: 'Técnico electrónico'
[20:37:30] Departamento normalizado: 'incontinencia'
[20:37:30] Puesto normalizado: 'tecnico electronico'
[20:37:30] Ruta Excel: C:\xampp\htdocs\Mes\KCMes\EPP\php/FO-OSHPS012-01_Identificación_y_selección_de_EPP.xlsx
[20:37:30] OK: archivo encontrado
[20:37:32] Hoja [0]: 'EPP'
[20:37:32] Hoja [1]: 'Tabla I.1'
[20:37:32] Hoja [2]: 'X supervisor'
[20:37:32] Hoja [3]: 'Para alta'
[20:37:32] Hoja activa: EPP
[20:37:32] Ultima fila con datos: 142
[20:37:32] Fila 6: dep='Contratistas' puesto='Soldador' | depOk=no puestoOk=no
[20:37:32] Fila 7: dep='Contratistas' puesto='Prevencionista' | depOk=no puestoOk=no
[20:37:32] Fila 8: dep='Contratistas' puesto='Ayudante general' | depOk=no puestoOk=no
[20:37:32] Fila 9: dep='Relaciones industriales' puesto='Ayudante general' | depOk=no puestoOk=no
[20:37:32] Fila 10: dep='Relaciones industriales' puesto='Guardia' | depOk=no puestoOk=no
[20:37:32] Fila 11: dep='Relaciones industriales' puesto='Ayudante general' | depOk=no puestoOk=no
[20:37:32] Fila 12: dep='Relaciones industriales' puesto='Personal de intentendencia' | depOk=no puestoOk=no
[20:37:32] Fila 13: dep='Servicios Auxiliares' puesto='Mecánico' | depOk=no puestoOk=no
[20:37:32] Fila 14: dep='Servicios Auxiliares' puesto='Mecánico' | depOk=no puestoOk=no
[20:37:32] Fila 15: dep='Servicios Auxiliares' puesto='Mecánico' | depOk=no puestoOk=no
[20:37:32] Fila 16: dep='Servicios Auxiliares' puesto='Mecánico' | depOk=no puestoOk=no
[20:37:32] Fila 17: dep='Servicios Auxiliares' puesto='Empacador' | depOk=no puestoOk=no
[20:37:32] Fila 18: dep='Telas NoTejidas' puesto='Superintendente mecatronico' | depOk=no puestoOk=no
[20:37:32] Fila 19: dep='Telas NoTejidas' puesto='Ing. Proceso' | depOk=no puestoOk=no
[20:37:32] Fila 20: dep='Telas NoTejidas' puesto='Conductor' | depOk=no puestoOk=no
[20:37:32] Fila 21: dep='Telas NoTejidas' puesto='Ayudante De Operador' | depOk=no puestoOk=no
[20:37:32] Fila 22: dep='Telas NoTejidas' puesto='Empacador' | depOk=no puestoOk=no
[20:37:32] Fila 23: dep='Telas NoTejidas' puesto='Líder de Operación' | depOk=no puestoOk=no
[20:37:32] Fila 24: dep='Telas NoTejidas' puesto='Tecnico Electronico' | depOk=no puestoOk=SI
[20:37:32] Fila 25: dep='Telas NoTejidas' puesto='Mecanico D' | depOk=no puestoOk=no
[20:37:32] Fila 26: dep='Telas NoTejidas' puesto='Mecanico B' | depOk=no puestoOk=no
[20:37:32] Fila 27: dep='Telas NoTejidas' puesto='Electrico D' | depOk=no puestoOk=no
[20:37:32] Fila 28: dep='Telas NoTejidas' puesto='Auxiliar Administrativo' | depOk=no puestoOk=no
[20:37:32] Fila 29: dep='Telas NoTejidas' puesto='Maestro en cardas' | depOk=no puestoOk=no
[20:37:32] Fila 30: dep='Almacén Materia Prima' puesto='Montacarguista' | depOk=no puestoOk=no
[20:37:32] Fila 31: dep='Almacén Materia Prima' puesto='Auxiliar Administrativo' | depOk=no puestoOk=no
[20:37:32] Fila 32: dep='Almacén Materia Prima' puesto='Supervisor' | depOk=no puestoOk=no
[20:37:32] Fila 33: dep='Almacén Materia Prima' puesto='Planeador' | depOk=no puestoOk=no
[20:37:32] Fila 34: dep='Almacén Materia Prima' puesto='Superintendente' | depOk=no puestoOk=no
[20:37:32] Fila 35: dep='Pañal' puesto='sellador' | depOk=no puestoOk=no
[20:37:32] Fila 36: dep='Pañal' puesto='Ing. Proceso' | depOk=no puestoOk=no
[20:37:32] Fila 37: dep='Pañal' puesto='Electrico' | depOk=no puestoOk=no
[20:37:32] Fila 38: dep='Pañal' puesto='Jefe de mantenimiento' | depOk=no puestoOk=no
[20:37:32] Fila 39: dep='Pañal' puesto='Planeador' | depOk=no puestoOk=no
[20:37:32] Fila 40: dep='Pañal' puesto='Electronico' | depOk=no puestoOk=SI
[20:37:32] Fila 41: dep='Pañal' puesto='Supervisor' | depOk=no puestoOk=no
[20:37:32] Fila 42: dep='Pañal' puesto='Super intendente' | depOk=no puestoOk=no
[20:37:32] Fila 43: dep='Pañal' puesto='Conductor' | depOk=no puestoOk=no
[20:37:32] Fila 44: dep='Pañal' puesto='Mecanico' | depOk=no puestoOk=no
[20:37:32] Fila 45: dep='Pañal' puesto='Empacador' | depOk=no puestoOk=no
[20:37:32] Fila 46: dep='Pañal' puesto='Gerente' | depOk=no puestoOk=no
[20:37:32] Fila 47: dep='Pañal' puesto='TSP' | depOk=no puestoOk=no
[20:37:32] Fila 48: dep='Pañal' puesto='Ayudannte' | depOk=no puestoOk=no
[20:37:32] Fila 49: dep='Protección femenina' puesto='Eléctrico' | depOk=no puestoOk=no
[20:37:32] Fila 50: dep='Protección femenina' puesto='Electrónico' | depOk=no puestoOk=SI
[20:37:32] Fila 51: dep='Protección femenina' puesto='Mecánico' | depOk=no puestoOk=no
[20:37:32] Fila 52: dep='Protección femenina' puesto='Ayudante' | depOk=no puestoOk=no
[20:37:32] Fila 53: dep='Protección femenina' puesto='Conductor' | depOk=no puestoOk=no
[20:37:32] Fila 54: dep='Protección femenina' puesto='Empacador' | depOk=no puestoOk=no
[20:37:32] Fila 55: dep='Protección femenina' puesto='Sellador de Linea' | depOk=no puestoOk=no
[20:37:32] Fila 56: dep='Protección femenina' puesto='TCP' | depOk=no puestoOk=no
[20:37:32] Fila 57: dep='Incontinencia' puesto='Gerente de Incontinencia' | depOk=SI puestoOk=no
[20:37:32] Fila 58: dep='Incontinencia' puesto='Superintendente  mantenimiento mecánico' | depOk=SI puestoOk=no
[20:37:32] Fila 59: dep='Incontinencia' puesto='Superintendente mantenimiento electrico' | depOk=SI puestoOk=no
[20:37:32] Fila 60: dep='Incontinencia' puesto='Superintendente de proceso' | depOk=SI puestoOk=no
[20:37:32] Fila 61: dep='Incontinencia' puesto='Supervisor produción' | depOk=SI puestoOk=no
[20:37:32] Fila 62: dep='Incontinencia' puesto='Supervisor Mecánico' | depOk=SI puestoOk=no
[20:37:32] Fila 63: dep='Incontinencia' puesto='Ing. de proceso' | depOk=SI puestoOk=no
[20:37:32] Fila 64: dep='Incontinencia' puesto='Planeador' | depOk=SI puestoOk=no
[20:37:32] Fila 65: dep='Incontinencia' puesto='Electronico' | depOk=SI puestoOk=SI
[20:37:32]    >>> MATCH en fila 65
[20:37:32]       + [Cabeza] B)        Casco dieléctrico
[20:37:32]       + [Ojos y cara] C)        Protector facial
[20:37:32]       + [Oídos] A)        Tapones auditivos
[20:37:32]       + [Aparato respiratorio] A)        Respirador contra partículas
[20:37:32]       + [Extremidades superiores] B)        Guantes dieléctricos
[20:37:32]       + [Tronco] F)      Ropa de alta visibilidad
[20:37:32]       + [Extremidades inferiores] C)        Calzado dieléctrico
[20:37:32]       + [Otros] A)        Equipo de protección contra caídas de altura
[20:37:32] Fila 66: dep='Incontinencia' puesto='Conductor de Maquina' | depOk=SI puestoOk=no
[20:37:32] Fila 67: dep='Incontinencia' puesto='Mecánico categorias A,B,C,D' | depOk=SI puestoOk=no
[20:37:32] Fila 68: dep='Incontinencia' puesto='Electrico categorias A,B,C,D' | depOk=SI puestoOk=no
[20:37:32] Fila 69: dep='Incontinencia' puesto='Ayudannte' | depOk=SI puestoOk=no
[20:37:32] Fila 70: dep='Incontinencia' puesto='sellador' | depOk=SI puestoOk=no
[20:37:32] Fila 71: dep='Incontinencia' puesto='Empacador' | depOk=SI puestoOk=no
[20:37:32] Fila 72: dep='Incontinencia' puesto='Mecánico especialista adhesivos' | depOk=SI puestoOk=no
[20:37:32] Fila 73: dep='Incontinencia' puesto='Mecánico con perfil maquinas herramientas' | depOk=SI puestoOk=no
[20:37:32] Fila 74: sin puesto (depActual='Incontinencia') -> SALTA
[20:37:32] Fila 75: sin puesto (depActual='Incontinencia') -> SALTA
[20:37:32] Fila 76: sin puesto (depActual='Incontinencia') -> SALTA
[20:37:32] Fila 77: sin puesto (depActual='Incontinencia') -> SALTA
[20:37:32] Fila 78: sin puesto (depActual='Incontinencia') -> SALTA
[20:37:32] Fila 79: sin puesto (depActual='Incontinencia') -> SALTA
[20:37:32] Fila 80: sin puesto (depActual='Incontinencia') -> SALTA
[20:37:32] Fila 81: sin puesto (depActual='Incontinencia') -> SALTA
[20:37:32] Fila 82: sin puesto (depActual='Incontinencia') -> SALTA
[20:37:32] Fila 83: sin puesto (depActual='Incontinencia') -> SALTA
[20:37:32] Fila 84: sin puesto (depActual='Incontinencia') -> SALTA
[20:37:32] Fila 85: sin puesto (depActual='Incontinencia') -> SALTA
[20:37:32] Fila 86: sin puesto (depActual='Incontinencia') -> SALTA
[20:37:32] Fila 87: sin puesto (depActual='Incontinencia') -> SALTA
[20:37:32] Fila 88: sin puesto (depActual='Incontinencia') -> SALTA
[20:37:32] Fila 89: sin puesto (depActual='Incontinencia') -> SALTA
[20:37:32] Fila 90: sin puesto (depActual='Incontinencia') -> SALTA
[20:37:32] Fila 91: sin puesto (depActual='Incontinencia') -> SALTA
[20:37:32] Fila 92: sin puesto (depActual='Incontinencia') -> SALTA
[20:37:32] Fila 93: sin puesto (depActual='Incontinencia') -> SALTA
[20:37:32] Fila 94: sin puesto (depActual='Incontinencia') -> SALTA
[20:37:32] Fila 95: sin puesto (depActual='Incontinencia') -> SALTA
[20:37:32] Fila 96: sin puesto (depActual='Incontinencia') -> SALTA
[20:37:32] Fila 97: sin puesto (depActual='Incontinencia') -> SALTA
[20:37:32] Fila 98: sin puesto (depActual='Incontinencia') -> SALTA
[20:37:32] Fila 99: sin puesto (depActual='Incontinencia') -> SALTA
[20:37:32] Fila 100: sin puesto (depActual='Incontinencia') -> SALTA
[20:37:32] Fila 101: sin puesto (depActual='Incontinencia') -> SALTA
[20:37:32] Fila 102: sin puesto (depActual='Incontinencia') -> SALTA
[20:37:32] Fila 103: sin puesto (depActual='Incontinencia') -> SALTA
[20:37:32] Fila 104: sin puesto (depActual='Incontinencia') -> SALTA
[20:37:32] Fila 105: sin puesto (depActual='Incontinencia') -> SALTA
[20:37:32] Fila 106: sin puesto (depActual='Incontinencia') -> SALTA
[20:37:32] Fila 107: sin puesto (depActual='Incontinencia') -> SALTA
[20:37:32] Fila 108: sin puesto (depActual='Incontinencia') -> SALTA
[20:37:32] Fila 109: sin puesto (depActual='Incontinencia') -> SALTA
[20:37:32] Fila 110: sin puesto (depActual='Incontinencia') -> SALTA
[20:37:32] Fila 111: sin puesto (depActual='Incontinencia') -> SALTA
[20:37:32] Fila 112: sin puesto (depActual='Incontinencia') -> SALTA
[20:37:32] Fila 113: sin puesto (depActual='Incontinencia') -> SALTA
[20:37:32] Fila 114: sin puesto (depActual='Incontinencia') -> SALTA
[20:37:32] Fila 115: sin puesto (depActual='Incontinencia') -> SALTA
[20:37:32] Fila 116: sin puesto (depActual='Incontinencia') -> SALTA
[20:37:32] Fila 117: sin puesto (depActual='Incontinencia') -> SALTA
[20:37:32] Fila 118: sin puesto (depActual='Incontinencia') -> SALTA
[20:37:32] Fila 119: sin puesto (depActual='Incontinencia') -> SALTA
[20:37:32] Fila 120: sin puesto (depActual='Incontinencia') -> SALTA
[20:37:32] Fila 121: sin puesto (depActual='Incontinencia') -> SALTA
[20:37:32] Fila 122: sin puesto (depActual='Incontinencia') -> SALTA
[20:37:32] Fila 123: sin puesto (depActual='Incontinencia') -> SALTA
[20:37:32] Fila 124: sin puesto (depActual='Incontinencia') -> SALTA
[20:37:32] Fila 125: sin puesto (depActual='Incontinencia') -> SALTA
[20:37:32] Fila 126: sin puesto (depActual='Incontinencia') -> SALTA
[20:37:32] Fila 127: sin puesto (depActual='Incontinencia') -> SALTA
[20:37:32] Fila 128: sin puesto (depActual='Incontinencia') -> SALTA
[20:37:32] Fila 129: sin puesto (depActual='Incontinencia') -> SALTA
[20:37:32] Fila 130: sin puesto (depActual='Incontinencia') -> SALTA
[20:37:32] Fila 131: sin puesto (depActual='Incontinencia') -> SALTA
[20:37:32] Fila 132: sin puesto (depActual='Incontinencia') -> SALTA
[20:37:32] Fila 133: sin puesto (depActual='Incontinencia') -> SALTA
[20:37:32] Fila 134: sin puesto (depActual='Incontinencia') -> SALTA
[20:37:32] Fila 135: sin puesto (depActual='Incontinencia') -> SALTA
[20:37:32] Fila 136: sin puesto (depActual='Incontinencia') -> SALTA
[20:37:32] Fila 137: sin puesto (depActual='Incontinencia') -> SALTA
[20:37:32] Fila 138: sin puesto (depActual='Incontinencia') -> SALTA
[20:37:32] Fila 139: sin puesto (depActual='Incontinencia') -> SALTA
[20:37:32] Fila 140: sin puesto (depActual='Incontinencia') -> SALTA
[20:37:32] Fila 141: sin puesto (depActual='Incontinencia') -> SALTA
[20:37:32] Fila 142: sin puesto (depActual='Incontinencia') -> SALTA
[20:37:32] Total de equipos encontrados: 8
[20:37:32] ========================================================
[20:38:38] ==================== NUEVA PETICION ====================
[20:38:38] Departamento recibido: 'Incontinencia'
[20:38:38] Puesto recibido: 'Técnico electrónico'
[20:38:38] Departamento normalizado: 'incontinencia'
[20:38:38] Puesto normalizado: 'tecnico electronico'
[20:38:38] Ruta Excel: C:\xampp\htdocs\Mes\KCMes\EPP\php/FO-OSHPS012-01_Identificación_y_selección_de_EPP.xlsx
[20:38:38] OK: archivo encontrado
[20:38:38] Hoja [0]: 'EPP'
[20:38:38] Hoja [1]: 'Tabla I.1'
[20:38:38] Hoja [2]: 'X supervisor'
[20:38:38] Hoja [3]: 'Para alta'
[20:38:38] Hoja activa: EPP
[20:38:38] Ultima fila con datos: 142
[20:38:38] Fila 6: dep='Contratistas' puesto='Soldador' | depOk=no puestoOk=no
[20:38:38] Fila 7: dep='Contratistas' puesto='Prevencionista' | depOk=no puestoOk=no
[20:38:38] Fila 8: dep='Contratistas' puesto='Ayudante general' | depOk=no puestoOk=no
[20:38:38] Fila 9: dep='Relaciones industriales' puesto='Ayudante general' | depOk=no puestoOk=no
[20:38:38] Fila 10: dep='Relaciones industriales' puesto='Guardia' | depOk=no puestoOk=no
[20:38:38] Fila 11: dep='Relaciones industriales' puesto='Ayudante general' | depOk=no puestoOk=no
[20:38:38] Fila 12: dep='Relaciones industriales' puesto='Personal de intentendencia' | depOk=no puestoOk=no
[20:38:38] Fila 13: dep='Servicios Auxiliares' puesto='Mecánico' | depOk=no puestoOk=no
[20:38:38] Fila 14: dep='Servicios Auxiliares' puesto='Mecánico' | depOk=no puestoOk=no
[20:38:38] Fila 15: dep='Servicios Auxiliares' puesto='Mecánico' | depOk=no puestoOk=no
[20:38:38] Fila 16: dep='Servicios Auxiliares' puesto='Mecánico' | depOk=no puestoOk=no
[20:38:38] Fila 17: dep='Servicios Auxiliares' puesto='Empacador' | depOk=no puestoOk=no
[20:38:38] Fila 18: dep='Telas NoTejidas' puesto='Superintendente mecatronico' | depOk=no puestoOk=no
[20:38:38] Fila 19: dep='Telas NoTejidas' puesto='Ing. Proceso' | depOk=no puestoOk=no
[20:38:38] Fila 20: dep='Telas NoTejidas' puesto='Conductor' | depOk=no puestoOk=no
[20:38:38] Fila 21: dep='Telas NoTejidas' puesto='Ayudante De Operador' | depOk=no puestoOk=no
[20:38:38] Fila 22: dep='Telas NoTejidas' puesto='Empacador' | depOk=no puestoOk=no
[20:38:38] Fila 23: dep='Telas NoTejidas' puesto='Líder de Operación' | depOk=no puestoOk=no
[20:38:38] Fila 24: dep='Telas NoTejidas' puesto='Tecnico Electronico' | depOk=no puestoOk=SI
[20:38:38] Fila 25: dep='Telas NoTejidas' puesto='Mecanico D' | depOk=no puestoOk=no
[20:38:38] Fila 26: dep='Telas NoTejidas' puesto='Mecanico B' | depOk=no puestoOk=no
[20:38:38] Fila 27: dep='Telas NoTejidas' puesto='Electrico D' | depOk=no puestoOk=no
[20:38:38] Fila 28: dep='Telas NoTejidas' puesto='Auxiliar Administrativo' | depOk=no puestoOk=no
[20:38:38] Fila 29: dep='Telas NoTejidas' puesto='Maestro en cardas' | depOk=no puestoOk=no
[20:38:38] Fila 30: dep='Almacén Materia Prima' puesto='Montacarguista' | depOk=no puestoOk=no
[20:38:38] Fila 31: dep='Almacén Materia Prima' puesto='Auxiliar Administrativo' | depOk=no puestoOk=no
[20:38:38] Fila 32: dep='Almacén Materia Prima' puesto='Supervisor' | depOk=no puestoOk=no
[20:38:38] Fila 33: dep='Almacén Materia Prima' puesto='Planeador' | depOk=no puestoOk=no
[20:38:38] Fila 34: dep='Almacén Materia Prima' puesto='Superintendente' | depOk=no puestoOk=no
[20:38:38] Fila 35: dep='Pañal' puesto='sellador' | depOk=no puestoOk=no
[20:38:38] Fila 36: dep='Pañal' puesto='Ing. Proceso' | depOk=no puestoOk=no
[20:38:38] Fila 37: dep='Pañal' puesto='Electrico' | depOk=no puestoOk=no
[20:38:38] Fila 38: dep='Pañal' puesto='Jefe de mantenimiento' | depOk=no puestoOk=no
[20:38:38] Fila 39: dep='Pañal' puesto='Planeador' | depOk=no puestoOk=no
[20:38:38] Fila 40: dep='Pañal' puesto='Electronico' | depOk=no puestoOk=SI
[20:38:38] Fila 41: dep='Pañal' puesto='Supervisor' | depOk=no puestoOk=no
[20:38:38] Fila 42: dep='Pañal' puesto='Super intendente' | depOk=no puestoOk=no
[20:38:38] Fila 43: dep='Pañal' puesto='Conductor' | depOk=no puestoOk=no
[20:38:38] Fila 44: dep='Pañal' puesto='Mecanico' | depOk=no puestoOk=no
[20:38:38] Fila 45: dep='Pañal' puesto='Empacador' | depOk=no puestoOk=no
[20:38:38] Fila 46: dep='Pañal' puesto='Gerente' | depOk=no puestoOk=no
[20:38:38] Fila 47: dep='Pañal' puesto='TSP' | depOk=no puestoOk=no
[20:38:38] Fila 48: dep='Pañal' puesto='Ayudannte' | depOk=no puestoOk=no
[20:38:38] Fila 49: dep='Protección femenina' puesto='Eléctrico' | depOk=no puestoOk=no
[20:38:38] Fila 50: dep='Protección femenina' puesto='Electrónico' | depOk=no puestoOk=SI
[20:38:38] Fila 51: dep='Protección femenina' puesto='Mecánico' | depOk=no puestoOk=no
[20:38:38] Fila 52: dep='Protección femenina' puesto='Ayudante' | depOk=no puestoOk=no
[20:38:38] Fila 53: dep='Protección femenina' puesto='Conductor' | depOk=no puestoOk=no
[20:38:38] Fila 54: dep='Protección femenina' puesto='Empacador' | depOk=no puestoOk=no
[20:38:38] Fila 55: dep='Protección femenina' puesto='Sellador de Linea' | depOk=no puestoOk=no
[20:38:38] Fila 56: dep='Protección femenina' puesto='TCP' | depOk=no puestoOk=no
[20:38:38] Fila 57: dep='Incontinencia' puesto='Gerente de Incontinencia' | depOk=SI puestoOk=no
[20:38:38] Fila 58: dep='Incontinencia' puesto='Superintendente  mantenimiento mecánico' | depOk=SI puestoOk=no
[20:38:38] Fila 59: dep='Incontinencia' puesto='Superintendente mantenimiento electrico' | depOk=SI puestoOk=no
[20:38:38] Fila 60: dep='Incontinencia' puesto='Superintendente de proceso' | depOk=SI puestoOk=no
[20:38:38] Fila 61: dep='Incontinencia' puesto='Supervisor produción' | depOk=SI puestoOk=no
[20:38:38] Fila 62: dep='Incontinencia' puesto='Supervisor Mecánico' | depOk=SI puestoOk=no
[20:38:38] Fila 63: dep='Incontinencia' puesto='Ing. de proceso' | depOk=SI puestoOk=no
[20:38:38] Fila 64: dep='Incontinencia' puesto='Planeador' | depOk=SI puestoOk=no
[20:38:38] Fila 65: dep='Incontinencia' puesto='Electronico' | depOk=SI puestoOk=SI
[20:38:38]    >>> MATCH en fila 65
[20:38:38]       + [Cabeza] B)        Casco dieléctrico
[20:38:38]       + [Ojos y cara] C)        Protector facial
[20:38:38]       + [Oídos] A)        Tapones auditivos
[20:38:38]       + [Aparato respiratorio] A)        Respirador contra partículas
[20:38:38]       + [Extremidades superiores] B)        Guantes dieléctricos
[20:38:38]       + [Tronco] F)      Ropa de alta visibilidad
[20:38:38]       + [Extremidades inferiores] C)        Calzado dieléctrico
[20:38:38]       + [Otros] A)        Equipo de protección contra caídas de altura
[20:38:38] Fila 66: dep='Incontinencia' puesto='Conductor de Maquina' | depOk=SI puestoOk=no
[20:38:38] Fila 67: dep='Incontinencia' puesto='Mecánico categorias A,B,C,D' | depOk=SI puestoOk=no
[20:38:38] Fila 68: dep='Incontinencia' puesto='Electrico categorias A,B,C,D' | depOk=SI puestoOk=no
[20:38:38] Fila 69: dep='Incontinencia' puesto='Ayudannte' | depOk=SI puestoOk=no
[20:38:38] Fila 70: dep='Incontinencia' puesto='sellador' | depOk=SI puestoOk=no
[20:38:38] Fila 71: dep='Incontinencia' puesto='Empacador' | depOk=SI puestoOk=no
[20:38:38] Fila 72: dep='Incontinencia' puesto='Mecánico especialista adhesivos' | depOk=SI puestoOk=no
[20:38:38] Fila 73: dep='Incontinencia' puesto='Mecánico con perfil maquinas herramientas' | depOk=SI puestoOk=no
[20:38:38] Fila 74: sin puesto (depActual='Incontinencia') -> SALTA
[20:38:38] Fila 75: sin puesto (depActual='Incontinencia') -> SALTA
[20:38:38] Fila 76: sin puesto (depActual='Incontinencia') -> SALTA
[20:38:38] Fila 77: sin puesto (depActual='Incontinencia') -> SALTA
[20:38:38] Fila 78: sin puesto (depActual='Incontinencia') -> SALTA
[20:38:38] Fila 79: sin puesto (depActual='Incontinencia') -> SALTA
[20:38:38] Fila 80: sin puesto (depActual='Incontinencia') -> SALTA
[20:38:38] Fila 81: sin puesto (depActual='Incontinencia') -> SALTA
[20:38:38] Fila 82: sin puesto (depActual='Incontinencia') -> SALTA
[20:38:38] Fila 83: sin puesto (depActual='Incontinencia') -> SALTA
[20:38:38] Fila 84: sin puesto (depActual='Incontinencia') -> SALTA
[20:38:38] Fila 85: sin puesto (depActual='Incontinencia') -> SALTA
[20:38:38] Fila 86: sin puesto (depActual='Incontinencia') -> SALTA
[20:38:38] Fila 87: sin puesto (depActual='Incontinencia') -> SALTA
[20:38:38] Fila 88: sin puesto (depActual='Incontinencia') -> SALTA
[20:38:38] Fila 89: sin puesto (depActual='Incontinencia') -> SALTA
[20:38:38] Fila 90: sin puesto (depActual='Incontinencia') -> SALTA
[20:38:38] Fila 91: sin puesto (depActual='Incontinencia') -> SALTA
[20:38:38] Fila 92: sin puesto (depActual='Incontinencia') -> SALTA
[20:38:38] Fila 93: sin puesto (depActual='Incontinencia') -> SALTA
[20:38:38] Fila 94: sin puesto (depActual='Incontinencia') -> SALTA
[20:38:38] Fila 95: sin puesto (depActual='Incontinencia') -> SALTA
[20:38:38] Fila 96: sin puesto (depActual='Incontinencia') -> SALTA
[20:38:38] Fila 97: sin puesto (depActual='Incontinencia') -> SALTA
[20:38:38] Fila 98: sin puesto (depActual='Incontinencia') -> SALTA
[20:38:38] Fila 99: sin puesto (depActual='Incontinencia') -> SALTA
[20:38:38] Fila 100: sin puesto (depActual='Incontinencia') -> SALTA
[20:38:38] Fila 101: sin puesto (depActual='Incontinencia') -> SALTA
[20:38:38] Fila 102: sin puesto (depActual='Incontinencia') -> SALTA
[20:38:38] Fila 103: sin puesto (depActual='Incontinencia') -> SALTA
[20:38:38] Fila 104: sin puesto (depActual='Incontinencia') -> SALTA
[20:38:38] Fila 105: sin puesto (depActual='Incontinencia') -> SALTA
[20:38:38] Fila 106: sin puesto (depActual='Incontinencia') -> SALTA
[20:38:38] Fila 107: sin puesto (depActual='Incontinencia') -> SALTA
[20:38:38] Fila 108: sin puesto (depActual='Incontinencia') -> SALTA
[20:38:38] Fila 109: sin puesto (depActual='Incontinencia') -> SALTA
[20:38:38] Fila 110: sin puesto (depActual='Incontinencia') -> SALTA
[20:38:38] Fila 111: sin puesto (depActual='Incontinencia') -> SALTA
[20:38:38] Fila 112: sin puesto (depActual='Incontinencia') -> SALTA
[20:38:38] Fila 113: sin puesto (depActual='Incontinencia') -> SALTA
[20:38:38] Fila 114: sin puesto (depActual='Incontinencia') -> SALTA
[20:38:38] Fila 115: sin puesto (depActual='Incontinencia') -> SALTA
[20:38:38] Fila 116: sin puesto (depActual='Incontinencia') -> SALTA
[20:38:38] Fila 117: sin puesto (depActual='Incontinencia') -> SALTA
[20:38:38] Fila 118: sin puesto (depActual='Incontinencia') -> SALTA
[20:38:38] Fila 119: sin puesto (depActual='Incontinencia') -> SALTA
[20:38:38] Fila 120: sin puesto (depActual='Incontinencia') -> SALTA
[20:38:38] Fila 121: sin puesto (depActual='Incontinencia') -> SALTA
[20:38:38] Fila 122: sin puesto (depActual='Incontinencia') -> SALTA
[20:38:38] Fila 123: sin puesto (depActual='Incontinencia') -> SALTA
[20:38:38] Fila 124: sin puesto (depActual='Incontinencia') -> SALTA
[20:38:38] Fila 125: sin puesto (depActual='Incontinencia') -> SALTA
[20:38:38] Fila 126: sin puesto (depActual='Incontinencia') -> SALTA
[20:38:38] Fila 127: sin puesto (depActual='Incontinencia') -> SALTA
[20:38:38] Fila 128: sin puesto (depActual='Incontinencia') -> SALTA
[20:38:38] Fila 129: sin puesto (depActual='Incontinencia') -> SALTA
[20:38:38] Fila 130: sin puesto (depActual='Incontinencia') -> SALTA
[20:38:38] Fila 131: sin puesto (depActual='Incontinencia') -> SALTA
[20:38:38] Fila 132: sin puesto (depActual='Incontinencia') -> SALTA
[20:38:38] Fila 133: sin puesto (depActual='Incontinencia') -> SALTA
[20:38:38] Fila 134: sin puesto (depActual='Incontinencia') -> SALTA
[20:38:38] Fila 135: sin puesto (depActual='Incontinencia') -> SALTA
[20:38:38] Fila 136: sin puesto (depActual='Incontinencia') -> SALTA
[20:38:38] Fila 137: sin puesto (depActual='Incontinencia') -> SALTA
[20:38:38] Fila 138: sin puesto (depActual='Incontinencia') -> SALTA
[20:38:38] Fila 139: sin puesto (depActual='Incontinencia') -> SALTA
[20:38:38] Fila 140: sin puesto (depActual='Incontinencia') -> SALTA
[20:38:38] Fila 141: sin puesto (depActual='Incontinencia') -> SALTA
[20:38:38] Fila 142: sin puesto (depActual='Incontinencia') -> SALTA
[20:38:38] Total de equipos encontrados: 8
[20:38:38] ========================================================
[21:04:04] ==================== NUEVA PETICION ====================
[21:04:04] Departamento recibido: 'Incontinencia'
[21:04:04] Puesto recibido: 'Técnico electrónico'
[21:04:04] Departamento normalizado: 'incontinencia'
[21:04:04] Puesto normalizado: 'tecnico electronico'
[21:04:04] Ruta Excel: C:\xampp\htdocs\Mes\KCMes\EPP\php/FO-OSHPS012-01_Identificación_y_selección_de_EPP.xlsx
[21:04:04] OK: archivo encontrado
[21:04:04] Hoja [0]: 'EPP'
[21:04:04] Hoja [1]: 'Tabla I.1'
[21:04:04] Hoja [2]: 'X supervisor'
[21:04:04] Hoja [3]: 'Para alta'
[21:04:04] Hoja activa: EPP
[21:04:04] Ultima fila con datos: 142
[21:04:04] Fila 6: dep='Contratistas' puesto='Soldador' | depOk=no puestoOk=no
[21:04:04] Fila 7: dep='Contratistas' puesto='Prevencionista' | depOk=no puestoOk=no
[21:04:04] Fila 8: dep='Contratistas' puesto='Ayudante general' | depOk=no puestoOk=no
[21:04:04] Fila 9: dep='Relaciones industriales' puesto='Ayudante general' | depOk=no puestoOk=no
[21:04:04] Fila 10: dep='Relaciones industriales' puesto='Guardia' | depOk=no puestoOk=no
[21:04:04] Fila 11: dep='Relaciones industriales' puesto='Ayudante general' | depOk=no puestoOk=no
[21:04:04] Fila 12: dep='Relaciones industriales' puesto='Personal de intentendencia' | depOk=no puestoOk=no
[21:04:04] Fila 13: dep='Servicios Auxiliares' puesto='Mecánico' | depOk=no puestoOk=no
[21:04:04] Fila 14: dep='Servicios Auxiliares' puesto='Mecánico' | depOk=no puestoOk=no
[21:04:04] Fila 15: dep='Servicios Auxiliares' puesto='Mecánico' | depOk=no puestoOk=no
[21:04:04] Fila 16: dep='Servicios Auxiliares' puesto='Mecánico' | depOk=no puestoOk=no
[21:04:04] Fila 17: dep='Servicios Auxiliares' puesto='Empacador' | depOk=no puestoOk=no
[21:04:04] Fila 18: dep='Telas NoTejidas' puesto='Superintendente mecatronico' | depOk=no puestoOk=no
[21:04:04] Fila 19: dep='Telas NoTejidas' puesto='Ing. Proceso' | depOk=no puestoOk=no
[21:04:04] Fila 20: dep='Telas NoTejidas' puesto='Conductor' | depOk=no puestoOk=no
[21:04:04] Fila 21: dep='Telas NoTejidas' puesto='Ayudante De Operador' | depOk=no puestoOk=no
[21:04:04] Fila 22: dep='Telas NoTejidas' puesto='Empacador' | depOk=no puestoOk=no
[21:04:04] Fila 23: dep='Telas NoTejidas' puesto='Líder de Operación' | depOk=no puestoOk=no
[21:04:04] Fila 24: dep='Telas NoTejidas' puesto='Tecnico Electronico' | depOk=no puestoOk=SI
[21:04:04] Fila 25: dep='Telas NoTejidas' puesto='Mecanico D' | depOk=no puestoOk=no
[21:04:04] Fila 26: dep='Telas NoTejidas' puesto='Mecanico B' | depOk=no puestoOk=no
[21:04:04] Fila 27: dep='Telas NoTejidas' puesto='Electrico D' | depOk=no puestoOk=no
[21:04:04] Fila 28: dep='Telas NoTejidas' puesto='Auxiliar Administrativo' | depOk=no puestoOk=no
[21:04:04] Fila 29: dep='Telas NoTejidas' puesto='Maestro en cardas' | depOk=no puestoOk=no
[21:04:04] Fila 30: dep='Almacén Materia Prima' puesto='Montacarguista' | depOk=no puestoOk=no
[21:04:04] Fila 31: dep='Almacén Materia Prima' puesto='Auxiliar Administrativo' | depOk=no puestoOk=no
[21:04:04] Fila 32: dep='Almacén Materia Prima' puesto='Supervisor' | depOk=no puestoOk=no
[21:04:04] Fila 33: dep='Almacén Materia Prima' puesto='Planeador' | depOk=no puestoOk=no
[21:04:04] Fila 34: dep='Almacén Materia Prima' puesto='Superintendente' | depOk=no puestoOk=no
[21:04:04] Fila 35: dep='Pañal' puesto='sellador' | depOk=no puestoOk=no
[21:04:04] Fila 36: dep='Pañal' puesto='Ing. Proceso' | depOk=no puestoOk=no
[21:04:04] Fila 37: dep='Pañal' puesto='Electrico' | depOk=no puestoOk=no
[21:04:04] Fila 38: dep='Pañal' puesto='Jefe de mantenimiento' | depOk=no puestoOk=no
[21:04:04] Fila 39: dep='Pañal' puesto='Planeador' | depOk=no puestoOk=no
[21:04:04] Fila 40: dep='Pañal' puesto='Electronico' | depOk=no puestoOk=SI
[21:04:04] Fila 41: dep='Pañal' puesto='Supervisor' | depOk=no puestoOk=no
[21:04:04] Fila 42: dep='Pañal' puesto='Super intendente' | depOk=no puestoOk=no
[21:04:04] Fila 43: dep='Pañal' puesto='Conductor' | depOk=no puestoOk=no
[21:04:04] Fila 44: dep='Pañal' puesto='Mecanico' | depOk=no puestoOk=no
[21:04:04] Fila 45: dep='Pañal' puesto='Empacador' | depOk=no puestoOk=no
[21:04:04] Fila 46: dep='Pañal' puesto='Gerente' | depOk=no puestoOk=no
[21:04:04] Fila 47: dep='Pañal' puesto='TSP' | depOk=no puestoOk=no
[21:04:04] Fila 48: dep='Pañal' puesto='Ayudannte' | depOk=no puestoOk=no
[21:04:04] Fila 49: dep='Protección femenina' puesto='Eléctrico' | depOk=no puestoOk=no
[21:04:04] Fila 50: dep='Protección femenina' puesto='Electrónico' | depOk=no puestoOk=SI
[21:04:04] Fila 51: dep='Protección femenina' puesto='Mecánico' | depOk=no puestoOk=no
[21:04:04] Fila 52: dep='Protección femenina' puesto='Ayudante' | depOk=no puestoOk=no
[21:04:04] Fila 53: dep='Protección femenina' puesto='Conductor' | depOk=no puestoOk=no
[21:04:04] Fila 54: dep='Protección femenina' puesto='Empacador' | depOk=no puestoOk=no
[21:04:04] Fila 55: dep='Protección femenina' puesto='Sellador de Linea' | depOk=no puestoOk=no
[21:04:04] Fila 56: dep='Protección femenina' puesto='TCP' | depOk=no puestoOk=no
[21:04:04] Fila 57: dep='Incontinencia' puesto='Gerente de Incontinencia' | depOk=SI puestoOk=no
[21:04:04] Fila 58: dep='Incontinencia' puesto='Superintendente  mantenimiento mecánico' | depOk=SI puestoOk=no
[21:04:04] Fila 59: dep='Incontinencia' puesto='Superintendente mantenimiento electrico' | depOk=SI puestoOk=no
[21:04:04] Fila 60: dep='Incontinencia' puesto='Superintendente de proceso' | depOk=SI puestoOk=no
[21:04:04] Fila 61: dep='Incontinencia' puesto='Supervisor produción' | depOk=SI puestoOk=no
[21:04:04] Fila 62: dep='Incontinencia' puesto='Supervisor Mecánico' | depOk=SI puestoOk=no
[21:04:04] Fila 63: dep='Incontinencia' puesto='Ing. de proceso' | depOk=SI puestoOk=no
[21:04:04] Fila 64: dep='Incontinencia' puesto='Planeador' | depOk=SI puestoOk=no
[21:04:04] Fila 65: dep='Incontinencia' puesto='Electronico' | depOk=SI puestoOk=SI
[21:04:04]    >>> MATCH en fila 65
[21:04:04]       + [Cabeza] B)        Casco dieléctrico
[21:04:04]       + [Ojos y cara] C)        Protector facial
[21:04:04]       + [Oídos] A)        Tapones auditivos
[21:04:04]       + [Aparato respiratorio] A)        Respirador contra partículas
[21:04:04]       + [Extremidades superiores] B)        Guantes dieléctricos
[21:04:04]       + [Tronco] F)      Ropa de alta visibilidad
[21:04:04]       + [Extremidades inferiores] C)        Calzado dieléctrico
[21:04:04]       + [Otros] A)        Equipo de protección contra caídas de altura
[21:04:04] Fila 66: dep='Incontinencia' puesto='Conductor de Maquina' | depOk=SI puestoOk=no
[21:04:04] Fila 67: dep='Incontinencia' puesto='Mecánico categorias A,B,C,D' | depOk=SI puestoOk=no
[21:04:04] Fila 68: dep='Incontinencia' puesto='Electrico categorias A,B,C,D' | depOk=SI puestoOk=no
[21:04:04] Fila 69: dep='Incontinencia' puesto='Ayudannte' | depOk=SI puestoOk=no
[21:04:04] Fila 70: dep='Incontinencia' puesto='sellador' | depOk=SI puestoOk=no
[21:04:04] Fila 71: dep='Incontinencia' puesto='Empacador' | depOk=SI puestoOk=no
[21:04:04] Fila 72: dep='Incontinencia' puesto='Mecánico especialista adhesivos' | depOk=SI puestoOk=no
[21:04:04] Fila 73: dep='Incontinencia' puesto='Mecánico con perfil maquinas herramientas' | depOk=SI puestoOk=no
[21:04:04] Fila 74: sin puesto (depActual='Incontinencia') -> SALTA
[21:04:04] Fila 75: sin puesto (depActual='Incontinencia') -> SALTA
[21:04:04] Fila 76: sin puesto (depActual='Incontinencia') -> SALTA
[21:04:04] Fila 77: sin puesto (depActual='Incontinencia') -> SALTA
[21:04:04] Fila 78: sin puesto (depActual='Incontinencia') -> SALTA
[21:04:04] Fila 79: sin puesto (depActual='Incontinencia') -> SALTA
[21:04:04] Fila 80: sin puesto (depActual='Incontinencia') -> SALTA
[21:04:04] Fila 81: sin puesto (depActual='Incontinencia') -> SALTA
[21:04:04] Fila 82: sin puesto (depActual='Incontinencia') -> SALTA
[21:04:04] Fila 83: sin puesto (depActual='Incontinencia') -> SALTA
[21:04:04] Fila 84: sin puesto (depActual='Incontinencia') -> SALTA
[21:04:04] Fila 85: sin puesto (depActual='Incontinencia') -> SALTA
[21:04:04] Fila 86: sin puesto (depActual='Incontinencia') -> SALTA
[21:04:04] Fila 87: sin puesto (depActual='Incontinencia') -> SALTA
[21:04:04] Fila 88: sin puesto (depActual='Incontinencia') -> SALTA
[21:04:04] Fila 89: sin puesto (depActual='Incontinencia') -> SALTA
[21:04:04] Fila 90: sin puesto (depActual='Incontinencia') -> SALTA
[21:04:04] Fila 91: sin puesto (depActual='Incontinencia') -> SALTA
[21:04:04] Fila 92: sin puesto (depActual='Incontinencia') -> SALTA
[21:04:04] Fila 93: sin puesto (depActual='Incontinencia') -> SALTA
[21:04:04] Fila 94: sin puesto (depActual='Incontinencia') -> SALTA
[21:04:04] Fila 95: sin puesto (depActual='Incontinencia') -> SALTA
[21:04:04] Fila 96: sin puesto (depActual='Incontinencia') -> SALTA
[21:04:04] Fila 97: sin puesto (depActual='Incontinencia') -> SALTA
[21:04:04] Fila 98: sin puesto (depActual='Incontinencia') -> SALTA
[21:04:04] Fila 99: sin puesto (depActual='Incontinencia') -> SALTA
[21:04:04] Fila 100: sin puesto (depActual='Incontinencia') -> SALTA
[21:04:04] Fila 101: sin puesto (depActual='Incontinencia') -> SALTA
[21:04:04] Fila 102: sin puesto (depActual='Incontinencia') -> SALTA
[21:04:04] Fila 103: sin puesto (depActual='Incontinencia') -> SALTA
[21:04:04] Fila 104: sin puesto (depActual='Incontinencia') -> SALTA
[21:04:04] Fila 105: sin puesto (depActual='Incontinencia') -> SALTA
[21:04:04] Fila 106: sin puesto (depActual='Incontinencia') -> SALTA
[21:04:04] Fila 107: sin puesto (depActual='Incontinencia') -> SALTA
[21:04:04] Fila 108: sin puesto (depActual='Incontinencia') -> SALTA
[21:04:04] Fila 109: sin puesto (depActual='Incontinencia') -> SALTA
[21:04:04] Fila 110: sin puesto (depActual='Incontinencia') -> SALTA
[21:04:04] Fila 111: sin puesto (depActual='Incontinencia') -> SALTA
[21:04:04] Fila 112: sin puesto (depActual='Incontinencia') -> SALTA
[21:04:04] Fila 113: sin puesto (depActual='Incontinencia') -> SALTA
[21:04:04] Fila 114: sin puesto (depActual='Incontinencia') -> SALTA
[21:04:04] Fila 115: sin puesto (depActual='Incontinencia') -> SALTA
[21:04:04] Fila 116: sin puesto (depActual='Incontinencia') -> SALTA
[21:04:04] Fila 117: sin puesto (depActual='Incontinencia') -> SALTA
[21:04:04] Fila 118: sin puesto (depActual='Incontinencia') -> SALTA
[21:04:04] Fila 119: sin puesto (depActual='Incontinencia') -> SALTA
[21:04:04] Fila 120: sin puesto (depActual='Incontinencia') -> SALTA
[21:04:04] Fila 121: sin puesto (depActual='Incontinencia') -> SALTA
[21:04:04] Fila 122: sin puesto (depActual='Incontinencia') -> SALTA
[21:04:04] Fila 123: sin puesto (depActual='Incontinencia') -> SALTA
[21:04:04] Fila 124: sin puesto (depActual='Incontinencia') -> SALTA
[21:04:04] Fila 125: sin puesto (depActual='Incontinencia') -> SALTA
[21:04:04] Fila 126: sin puesto (depActual='Incontinencia') -> SALTA
[21:04:04] Fila 127: sin puesto (depActual='Incontinencia') -> SALTA
[21:04:04] Fila 128: sin puesto (depActual='Incontinencia') -> SALTA
[21:04:04] Fila 129: sin puesto (depActual='Incontinencia') -> SALTA
[21:04:04] Fila 130: sin puesto (depActual='Incontinencia') -> SALTA
[21:04:04] Fila 131: sin puesto (depActual='Incontinencia') -> SALTA
[21:04:04] Fila 132: sin puesto (depActual='Incontinencia') -> SALTA
[21:04:04] Fila 133: sin puesto (depActual='Incontinencia') -> SALTA
[21:04:04] Fila 134: sin puesto (depActual='Incontinencia') -> SALTA
[21:04:04] Fila 135: sin puesto (depActual='Incontinencia') -> SALTA
[21:04:04] Fila 136: sin puesto (depActual='Incontinencia') -> SALTA
[21:04:04] Fila 137: sin puesto (depActual='Incontinencia') -> SALTA
[21:04:04] Fila 138: sin puesto (depActual='Incontinencia') -> SALTA
[21:04:04] Fila 139: sin puesto (depActual='Incontinencia') -> SALTA
[21:04:04] Fila 140: sin puesto (depActual='Incontinencia') -> SALTA
[21:04:04] Fila 141: sin puesto (depActual='Incontinencia') -> SALTA
[21:04:04] Fila 142: sin puesto (depActual='Incontinencia') -> SALTA
[21:04:04] Total de equipos encontrados: 8
[21:04:04] ========================================================
[21:40:23] ==================== NUEVA PETICION ====================
[21:40:23] Departamento recibido: 'Incontinencia'
[21:40:23] Puesto recibido: 'Técnico electrónico'
[21:40:23] Departamento normalizado: 'incontinencia'
[21:40:23] Puesto normalizado: 'tecnico electronico'
[21:40:23] Ruta Excel: C:\xampp\htdocs\Mes\KCMes\EPP\php/FO-OSHPS012-01_Identificación_y_selección_de_EPP.xlsx
[21:40:23] OK: archivo encontrado
[21:40:25] Hoja [0]: 'EPP'
[21:40:25] Hoja [1]: 'Tabla I.1'
[21:40:25] Hoja [2]: 'X supervisor'
[21:40:25] Hoja [3]: 'Para alta'
[21:40:25] Hoja activa: EPP
[21:40:25] Ultima fila con datos: 142
[21:40:25] Fila 6: dep='Contratistas' puesto='Soldador' | depOk=no puestoOk=no
[21:40:25] Fila 7: dep='Contratistas' puesto='Prevencionista' | depOk=no puestoOk=no
[21:40:25] Fila 8: dep='Contratistas' puesto='Ayudante general' | depOk=no puestoOk=no
[21:40:25] Fila 9: dep='Relaciones industriales' puesto='Ayudante general' | depOk=no puestoOk=no
[21:40:25] Fila 10: dep='Relaciones industriales' puesto='Guardia' | depOk=no puestoOk=no
[21:40:25] Fila 11: dep='Relaciones industriales' puesto='Ayudante general' | depOk=no puestoOk=no
[21:40:25] Fila 12: dep='Relaciones industriales' puesto='Personal de intentendencia' | depOk=no puestoOk=no
[21:40:25] Fila 13: dep='Servicios Auxiliares' puesto='Mecánico' | depOk=no puestoOk=no
[21:40:25] Fila 14: dep='Servicios Auxiliares' puesto='Mecánico' | depOk=no puestoOk=no
[21:40:25] Fila 15: dep='Servicios Auxiliares' puesto='Mecánico' | depOk=no puestoOk=no
[21:40:25] Fila 16: dep='Servicios Auxiliares' puesto='Mecánico' | depOk=no puestoOk=no
[21:40:25] Fila 17: dep='Servicios Auxiliares' puesto='Empacador' | depOk=no puestoOk=no
[21:40:25] Fila 18: dep='Telas NoTejidas' puesto='Superintendente mecatronico' | depOk=no puestoOk=no
[21:40:25] Fila 19: dep='Telas NoTejidas' puesto='Ing. Proceso' | depOk=no puestoOk=no
[21:40:25] Fila 20: dep='Telas NoTejidas' puesto='Conductor' | depOk=no puestoOk=no
[21:40:25] Fila 21: dep='Telas NoTejidas' puesto='Ayudante De Operador' | depOk=no puestoOk=no
[21:40:25] Fila 22: dep='Telas NoTejidas' puesto='Empacador' | depOk=no puestoOk=no
[21:40:25] Fila 23: dep='Telas NoTejidas' puesto='Líder de Operación' | depOk=no puestoOk=no
[21:40:25] Fila 24: dep='Telas NoTejidas' puesto='Tecnico Electronico' | depOk=no puestoOk=SI
[21:40:25] Fila 25: dep='Telas NoTejidas' puesto='Mecanico D' | depOk=no puestoOk=no
[21:40:25] Fila 26: dep='Telas NoTejidas' puesto='Mecanico B' | depOk=no puestoOk=no
[21:40:25] Fila 27: dep='Telas NoTejidas' puesto='Electrico D' | depOk=no puestoOk=no
[21:40:25] Fila 28: dep='Telas NoTejidas' puesto='Auxiliar Administrativo' | depOk=no puestoOk=no
[21:40:25] Fila 29: dep='Telas NoTejidas' puesto='Maestro en cardas' | depOk=no puestoOk=no
[21:40:25] Fila 30: dep='Almacén Materia Prima' puesto='Montacarguista' | depOk=no puestoOk=no
[21:40:25] Fila 31: dep='Almacén Materia Prima' puesto='Auxiliar Administrativo' | depOk=no puestoOk=no
[21:40:25] Fila 32: dep='Almacén Materia Prima' puesto='Supervisor' | depOk=no puestoOk=no
[21:40:25] Fila 33: dep='Almacén Materia Prima' puesto='Planeador' | depOk=no puestoOk=no
[21:40:25] Fila 34: dep='Almacén Materia Prima' puesto='Superintendente' | depOk=no puestoOk=no
[21:40:25] Fila 35: dep='Pañal' puesto='sellador' | depOk=no puestoOk=no
[21:40:25] Fila 36: dep='Pañal' puesto='Ing. Proceso' | depOk=no puestoOk=no
[21:40:25] Fila 37: dep='Pañal' puesto='Electrico' | depOk=no puestoOk=no
[21:40:25] Fila 38: dep='Pañal' puesto='Jefe de mantenimiento' | depOk=no puestoOk=no
[21:40:25] Fila 39: dep='Pañal' puesto='Planeador' | depOk=no puestoOk=no
[21:40:25] Fila 40: dep='Pañal' puesto='Electronico' | depOk=no puestoOk=SI
[21:40:25] Fila 41: dep='Pañal' puesto='Supervisor' | depOk=no puestoOk=no
[21:40:25] Fila 42: dep='Pañal' puesto='Super intendente' | depOk=no puestoOk=no
[21:40:25] Fila 43: dep='Pañal' puesto='Conductor' | depOk=no puestoOk=no
[21:40:25] Fila 44: dep='Pañal' puesto='Mecanico' | depOk=no puestoOk=no
[21:40:25] Fila 45: dep='Pañal' puesto='Empacador' | depOk=no puestoOk=no
[21:40:25] Fila 46: dep='Pañal' puesto='Gerente' | depOk=no puestoOk=no
[21:40:25] Fila 47: dep='Pañal' puesto='TSP' | depOk=no puestoOk=no
[21:40:25] Fila 48: dep='Pañal' puesto='Ayudannte' | depOk=no puestoOk=no
[21:40:25] Fila 49: dep='Protección femenina' puesto='Eléctrico' | depOk=no puestoOk=no
[21:40:25] Fila 50: dep='Protección femenina' puesto='Electrónico' | depOk=no puestoOk=SI
[21:40:25] Fila 51: dep='Protección femenina' puesto='Mecánico' | depOk=no puestoOk=no
[21:40:25] Fila 52: dep='Protección femenina' puesto='Ayudante' | depOk=no puestoOk=no
[21:40:25] Fila 53: dep='Protección femenina' puesto='Conductor' | depOk=no puestoOk=no
[21:40:25] Fila 54: dep='Protección femenina' puesto='Empacador' | depOk=no puestoOk=no
[21:40:25] Fila 55: dep='Protección femenina' puesto='Sellador de Linea' | depOk=no puestoOk=no
[21:40:25] Fila 56: dep='Protección femenina' puesto='TCP' | depOk=no puestoOk=no
[21:40:25] Fila 57: dep='Incontinencia' puesto='Gerente de Incontinencia' | depOk=SI puestoOk=no
[21:40:25] Fila 58: dep='Incontinencia' puesto='Superintendente  mantenimiento mecánico' | depOk=SI puestoOk=no
[21:40:25] Fila 59: dep='Incontinencia' puesto='Superintendente mantenimiento electrico' | depOk=SI puestoOk=no
[21:40:25] Fila 60: dep='Incontinencia' puesto='Superintendente de proceso' | depOk=SI puestoOk=no
[21:40:25] Fila 61: dep='Incontinencia' puesto='Supervisor produción' | depOk=SI puestoOk=no
[21:40:25] Fila 62: dep='Incontinencia' puesto='Supervisor Mecánico' | depOk=SI puestoOk=no
[21:40:25] Fila 63: dep='Incontinencia' puesto='Ing. de proceso' | depOk=SI puestoOk=no
[21:40:25] Fila 64: dep='Incontinencia' puesto='Planeador' | depOk=SI puestoOk=no
[21:40:25] Fila 65: dep='Incontinencia' puesto='Electronico' | depOk=SI puestoOk=SI
[21:40:25]    >>> MATCH en fila 65
[21:40:25]       + [Cabeza] B)        Casco dieléctrico
[21:40:25]       + [Ojos y cara] C)        Protector facial
[21:40:25]       + [Oídos] A)        Tapones auditivos
[21:40:25]       + [Aparato respiratorio] A)        Respirador contra partículas
[21:40:25]       + [Extremidades superiores] B)        Guantes dieléctricos
[21:40:25]       + [Tronco] F)      Ropa de alta visibilidad
[21:40:25]       + [Extremidades inferiores] C)        Calzado dieléctrico
[21:40:25]       + [Otros] A)        Equipo de protección contra caídas de altura
[21:40:25] Fila 66: dep='Incontinencia' puesto='Conductor de Maquina' | depOk=SI puestoOk=no
[21:40:25] Fila 67: dep='Incontinencia' puesto='Mecánico categorias A,B,C,D' | depOk=SI puestoOk=no
[21:40:25] Fila 68: dep='Incontinencia' puesto='Electrico categorias A,B,C,D' | depOk=SI puestoOk=no
[21:40:25] Fila 69: dep='Incontinencia' puesto='Ayudannte' | depOk=SI puestoOk=no
[21:40:25] Fila 70: dep='Incontinencia' puesto='sellador' | depOk=SI puestoOk=no
[21:40:25] Fila 71: dep='Incontinencia' puesto='Empacador' | depOk=SI puestoOk=no
[21:40:25] Fila 72: dep='Incontinencia' puesto='Mecánico especialista adhesivos' | depOk=SI puestoOk=no
[21:40:25] Fila 73: dep='Incontinencia' puesto='Mecánico con perfil maquinas herramientas' | depOk=SI puestoOk=no
[21:40:25] Fila 74: sin puesto (depActual='Incontinencia') -> SALTA
[21:40:25] Fila 75: sin puesto (depActual='Incontinencia') -> SALTA
[21:40:25] Fila 76: sin puesto (depActual='Incontinencia') -> SALTA
[21:40:25] Fila 77: sin puesto (depActual='Incontinencia') -> SALTA
[21:40:25] Fila 78: sin puesto (depActual='Incontinencia') -> SALTA
[21:40:25] Fila 79: sin puesto (depActual='Incontinencia') -> SALTA
[21:40:25] Fila 80: sin puesto (depActual='Incontinencia') -> SALTA
[21:40:25] Fila 81: sin puesto (depActual='Incontinencia') -> SALTA
[21:40:25] Fila 82: sin puesto (depActual='Incontinencia') -> SALTA
[21:40:25] Fila 83: sin puesto (depActual='Incontinencia') -> SALTA
[21:40:25] Fila 84: sin puesto (depActual='Incontinencia') -> SALTA
[21:40:25] Fila 85: sin puesto (depActual='Incontinencia') -> SALTA
[21:40:25] Fila 86: sin puesto (depActual='Incontinencia') -> SALTA
[21:40:25] Fila 87: sin puesto (depActual='Incontinencia') -> SALTA
[21:40:25] Fila 88: sin puesto (depActual='Incontinencia') -> SALTA
[21:40:25] Fila 89: sin puesto (depActual='Incontinencia') -> SALTA
[21:40:25] Fila 90: sin puesto (depActual='Incontinencia') -> SALTA
[21:40:25] Fila 91: sin puesto (depActual='Incontinencia') -> SALTA
[21:40:25] Fila 92: sin puesto (depActual='Incontinencia') -> SALTA
[21:40:25] Fila 93: sin puesto (depActual='Incontinencia') -> SALTA
[21:40:25] Fila 94: sin puesto (depActual='Incontinencia') -> SALTA
[21:40:25] Fila 95: sin puesto (depActual='Incontinencia') -> SALTA
[21:40:25] Fila 96: sin puesto (depActual='Incontinencia') -> SALTA
[21:40:25] Fila 97: sin puesto (depActual='Incontinencia') -> SALTA
[21:40:25] Fila 98: sin puesto (depActual='Incontinencia') -> SALTA
[21:40:25] Fila 99: sin puesto (depActual='Incontinencia') -> SALTA
[21:40:25] Fila 100: sin puesto (depActual='Incontinencia') -> SALTA
[21:40:25] Fila 101: sin puesto (depActual='Incontinencia') -> SALTA
[21:40:25] Fila 102: sin puesto (depActual='Incontinencia') -> SALTA
[21:40:25] Fila 103: sin puesto (depActual='Incontinencia') -> SALTA
[21:40:25] Fila 104: sin puesto (depActual='Incontinencia') -> SALTA
[21:40:25] Fila 105: sin puesto (depActual='Incontinencia') -> SALTA
[21:40:25] Fila 106: sin puesto (depActual='Incontinencia') -> SALTA
[21:40:25] Fila 107: sin puesto (depActual='Incontinencia') -> SALTA
[21:40:25] Fila 108: sin puesto (depActual='Incontinencia') -> SALTA
[21:40:25] Fila 109: sin puesto (depActual='Incontinencia') -> SALTA
[21:40:25] Fila 110: sin puesto (depActual='Incontinencia') -> SALTA
[21:40:25] Fila 111: sin puesto (depActual='Incontinencia') -> SALTA
[21:40:25] Fila 112: sin puesto (depActual='Incontinencia') -> SALTA
[21:40:25] Fila 113: sin puesto (depActual='Incontinencia') -> SALTA
[21:40:25] Fila 114: sin puesto (depActual='Incontinencia') -> SALTA
[21:40:25] Fila 115: sin puesto (depActual='Incontinencia') -> SALTA
[21:40:25] Fila 116: sin puesto (depActual='Incontinencia') -> SALTA
[21:40:25] Fila 117: sin puesto (depActual='Incontinencia') -> SALTA
[21:40:25] Fila 118: sin puesto (depActual='Incontinencia') -> SALTA
[21:40:25] Fila 119: sin puesto (depActual='Incontinencia') -> SALTA
[21:40:25] Fila 120: sin puesto (depActual='Incontinencia') -> SALTA
[21:40:25] Fila 121: sin puesto (depActual='Incontinencia') -> SALTA
[21:40:25] Fila 122: sin puesto (depActual='Incontinencia') -> SALTA
[21:40:25] Fila 123: sin puesto (depActual='Incontinencia') -> SALTA
[21:40:25] Fila 124: sin puesto (depActual='Incontinencia') -> SALTA
[21:40:25] Fila 125: sin puesto (depActual='Incontinencia') -> SALTA
[21:40:25] Fila 126: sin puesto (depActual='Incontinencia') -> SALTA
[21:40:25] Fila 127: sin puesto (depActual='Incontinencia') -> SALTA
[21:40:25] Fila 128: sin puesto (depActual='Incontinencia') -> SALTA
[21:40:25] Fila 129: sin puesto (depActual='Incontinencia') -> SALTA
[21:40:25] Fila 130: sin puesto (depActual='Incontinencia') -> SALTA
[21:40:25] Fila 131: sin puesto (depActual='Incontinencia') -> SALTA
[21:40:25] Fila 132: sin puesto (depActual='Incontinencia') -> SALTA
[21:40:25] Fila 133: sin puesto (depActual='Incontinencia') -> SALTA
[21:40:25] Fila 134: sin puesto (depActual='Incontinencia') -> SALTA
[21:40:25] Fila 135: sin puesto (depActual='Incontinencia') -> SALTA
[21:40:25] Fila 136: sin puesto (depActual='Incontinencia') -> SALTA
[21:40:25] Fila 137: sin puesto (depActual='Incontinencia') -> SALTA
[21:40:25] Fila 138: sin puesto (depActual='Incontinencia') -> SALTA
[21:40:25] Fila 139: sin puesto (depActual='Incontinencia') -> SALTA
[21:40:25] Fila 140: sin puesto (depActual='Incontinencia') -> SALTA
[21:40:25] Fila 141: sin puesto (depActual='Incontinencia') -> SALTA
[21:40:25] Fila 142: sin puesto (depActual='Incontinencia') -> SALTA
[21:40:25] Total de equipos encontrados: 8
[21:40:25] ========================================================
[21:40:58] ==================== NUEVA PETICION ====================
[21:40:58] Departamento recibido: 'Incontinencia'
[21:40:58] Puesto recibido: 'Técnico electrónico'
[21:40:58] Departamento normalizado: 'incontinencia'
[21:40:58] Puesto normalizado: 'tecnico electronico'
[21:40:58] Ruta Excel: C:\xampp\htdocs\Mes\KCMes\EPP\php/FO-OSHPS012-01_Identificación_y_selección_de_EPP.xlsx
[21:40:58] OK: archivo encontrado
[21:40:58] Hoja [0]: 'EPP'
[21:40:58] Hoja [1]: 'Tabla I.1'
[21:40:58] Hoja [2]: 'X supervisor'
[21:40:58] Hoja [3]: 'Para alta'
[21:40:58] Hoja activa: EPP
[21:40:58] Ultima fila con datos: 142
[21:40:58] Fila 6: dep='Contratistas' puesto='Soldador' | depOk=no puestoOk=no
[21:40:58] Fila 7: dep='Contratistas' puesto='Prevencionista' | depOk=no puestoOk=no
[21:40:58] Fila 8: dep='Contratistas' puesto='Ayudante general' | depOk=no puestoOk=no
[21:40:58] Fila 9: dep='Relaciones industriales' puesto='Ayudante general' | depOk=no puestoOk=no
[21:40:58] Fila 10: dep='Relaciones industriales' puesto='Guardia' | depOk=no puestoOk=no
[21:40:58] Fila 11: dep='Relaciones industriales' puesto='Ayudante general' | depOk=no puestoOk=no
[21:40:58] Fila 12: dep='Relaciones industriales' puesto='Personal de intentendencia' | depOk=no puestoOk=no
[21:40:58] Fila 13: dep='Servicios Auxiliares' puesto='Mecánico' | depOk=no puestoOk=no
[21:40:58] Fila 14: dep='Servicios Auxiliares' puesto='Mecánico' | depOk=no puestoOk=no
[21:40:58] Fila 15: dep='Servicios Auxiliares' puesto='Mecánico' | depOk=no puestoOk=no
[21:40:58] Fila 16: dep='Servicios Auxiliares' puesto='Mecánico' | depOk=no puestoOk=no
[21:40:58] Fila 17: dep='Servicios Auxiliares' puesto='Empacador' | depOk=no puestoOk=no
[21:40:58] Fila 18: dep='Telas NoTejidas' puesto='Superintendente mecatronico' | depOk=no puestoOk=no
[21:40:58] Fila 19: dep='Telas NoTejidas' puesto='Ing. Proceso' | depOk=no puestoOk=no
[21:40:58] Fila 20: dep='Telas NoTejidas' puesto='Conductor' | depOk=no puestoOk=no
[21:40:58] Fila 21: dep='Telas NoTejidas' puesto='Ayudante De Operador' | depOk=no puestoOk=no
[21:40:58] Fila 22: dep='Telas NoTejidas' puesto='Empacador' | depOk=no puestoOk=no
[21:40:58] Fila 23: dep='Telas NoTejidas' puesto='Líder de Operación' | depOk=no puestoOk=no
[21:40:58] Fila 24: dep='Telas NoTejidas' puesto='Tecnico Electronico' | depOk=no puestoOk=SI
[21:40:58] Fila 25: dep='Telas NoTejidas' puesto='Mecanico D' | depOk=no puestoOk=no
[21:40:58] Fila 26: dep='Telas NoTejidas' puesto='Mecanico B' | depOk=no puestoOk=no
[21:40:58] Fila 27: dep='Telas NoTejidas' puesto='Electrico D' | depOk=no puestoOk=no
[21:40:58] Fila 28: dep='Telas NoTejidas' puesto='Auxiliar Administrativo' | depOk=no puestoOk=no
[21:40:58] Fila 29: dep='Telas NoTejidas' puesto='Maestro en cardas' | depOk=no puestoOk=no
[21:40:58] Fila 30: dep='Almacén Materia Prima' puesto='Montacarguista' | depOk=no puestoOk=no
[21:40:58] Fila 31: dep='Almacén Materia Prima' puesto='Auxiliar Administrativo' | depOk=no puestoOk=no
[21:40:58] Fila 32: dep='Almacén Materia Prima' puesto='Supervisor' | depOk=no puestoOk=no
[21:40:58] Fila 33: dep='Almacén Materia Prima' puesto='Planeador' | depOk=no puestoOk=no
[21:40:58] Fila 34: dep='Almacén Materia Prima' puesto='Superintendente' | depOk=no puestoOk=no
[21:40:58] Fila 35: dep='Pañal' puesto='sellador' | depOk=no puestoOk=no
[21:40:58] Fila 36: dep='Pañal' puesto='Ing. Proceso' | depOk=no puestoOk=no
[21:40:58] Fila 37: dep='Pañal' puesto='Electrico' | depOk=no puestoOk=no
[21:40:58] Fila 38: dep='Pañal' puesto='Jefe de mantenimiento' | depOk=no puestoOk=no
[21:40:58] Fila 39: dep='Pañal' puesto='Planeador' | depOk=no puestoOk=no
[21:40:58] Fila 40: dep='Pañal' puesto='Electronico' | depOk=no puestoOk=SI
[21:40:58] Fila 41: dep='Pañal' puesto='Supervisor' | depOk=no puestoOk=no
[21:40:58] Fila 42: dep='Pañal' puesto='Super intendente' | depOk=no puestoOk=no
[21:40:58] Fila 43: dep='Pañal' puesto='Conductor' | depOk=no puestoOk=no
[21:40:58] Fila 44: dep='Pañal' puesto='Mecanico' | depOk=no puestoOk=no
[21:40:58] Fila 45: dep='Pañal' puesto='Empacador' | depOk=no puestoOk=no
[21:40:58] Fila 46: dep='Pañal' puesto='Gerente' | depOk=no puestoOk=no
[21:40:58] Fila 47: dep='Pañal' puesto='TSP' | depOk=no puestoOk=no
[21:40:58] Fila 48: dep='Pañal' puesto='Ayudannte' | depOk=no puestoOk=no
[21:40:58] Fila 49: dep='Protección femenina' puesto='Eléctrico' | depOk=no puestoOk=no
[21:40:58] Fila 50: dep='Protección femenina' puesto='Electrónico' | depOk=no puestoOk=SI
[21:40:58] Fila 51: dep='Protección femenina' puesto='Mecánico' | depOk=no puestoOk=no
[21:40:58] Fila 52: dep='Protección femenina' puesto='Ayudante' | depOk=no puestoOk=no
[21:40:58] Fila 53: dep='Protección femenina' puesto='Conductor' | depOk=no puestoOk=no
[21:40:58] Fila 54: dep='Protección femenina' puesto='Empacador' | depOk=no puestoOk=no
[21:40:58] Fila 55: dep='Protección femenina' puesto='Sellador de Linea' | depOk=no puestoOk=no
[21:40:58] Fila 56: dep='Protección femenina' puesto='TCP' | depOk=no puestoOk=no
[21:40:58] Fila 57: dep='Incontinencia' puesto='Gerente de Incontinencia' | depOk=SI puestoOk=no
[21:40:58] Fila 58: dep='Incontinencia' puesto='Superintendente  mantenimiento mecánico' | depOk=SI puestoOk=no
[21:40:58] Fila 59: dep='Incontinencia' puesto='Superintendente mantenimiento electrico' | depOk=SI puestoOk=no
[21:40:58] Fila 60: dep='Incontinencia' puesto='Superintendente de proceso' | depOk=SI puestoOk=no
[21:40:58] Fila 61: dep='Incontinencia' puesto='Supervisor produción' | depOk=SI puestoOk=no
[21:40:58] Fila 62: dep='Incontinencia' puesto='Supervisor Mecánico' | depOk=SI puestoOk=no
[21:40:58] Fila 63: dep='Incontinencia' puesto='Ing. de proceso' | depOk=SI puestoOk=no
[21:40:58] Fila 64: dep='Incontinencia' puesto='Planeador' | depOk=SI puestoOk=no
[21:40:58] Fila 65: dep='Incontinencia' puesto='Electronico' | depOk=SI puestoOk=SI
[21:40:58]    >>> MATCH en fila 65
[21:40:58]       + [Cabeza] B)        Casco dieléctrico
[21:40:58]       + [Ojos y cara] C)        Protector facial
[21:40:58]       + [Oídos] A)        Tapones auditivos
[21:40:58]       + [Aparato respiratorio] A)        Respirador contra partículas
[21:40:58]       + [Extremidades superiores] B)        Guantes dieléctricos
[21:40:58]       + [Tronco] F)      Ropa de alta visibilidad
[21:40:58]       + [Extremidades inferiores] C)        Calzado dieléctrico
[21:40:58]       + [Otros] A)        Equipo de protección contra caídas de altura
[21:40:58] Fila 66: dep='Incontinencia' puesto='Conductor de Maquina' | depOk=SI puestoOk=no
[21:40:58] Fila 67: dep='Incontinencia' puesto='Mecánico categorias A,B,C,D' | depOk=SI puestoOk=no
[21:40:58] Fila 68: dep='Incontinencia' puesto='Electrico categorias A,B,C,D' | depOk=SI puestoOk=no
[21:40:58] Fila 69: dep='Incontinencia' puesto='Ayudannte' | depOk=SI puestoOk=no
[21:40:58] Fila 70: dep='Incontinencia' puesto='sellador' | depOk=SI puestoOk=no
[21:40:58] Fila 71: dep='Incontinencia' puesto='Empacador' | depOk=SI puestoOk=no
[21:40:58] Fila 72: dep='Incontinencia' puesto='Mecánico especialista adhesivos' | depOk=SI puestoOk=no
[21:40:58] Fila 73: dep='Incontinencia' puesto='Mecánico con perfil maquinas herramientas' | depOk=SI puestoOk=no
[21:40:58] Fila 74: sin puesto (depActual='Incontinencia') -> SALTA
[21:40:58] Fila 75: sin puesto (depActual='Incontinencia') -> SALTA
[21:40:58] Fila 76: sin puesto (depActual='Incontinencia') -> SALTA
[21:40:58] Fila 77: sin puesto (depActual='Incontinencia') -> SALTA
[21:40:58] Fila 78: sin puesto (depActual='Incontinencia') -> SALTA
[21:40:58] Fila 79: sin puesto (depActual='Incontinencia') -> SALTA
[21:40:58] Fila 80: sin puesto (depActual='Incontinencia') -> SALTA
[21:40:58] Fila 81: sin puesto (depActual='Incontinencia') -> SALTA
[21:40:58] Fila 82: sin puesto (depActual='Incontinencia') -> SALTA
[21:40:58] Fila 83: sin puesto (depActual='Incontinencia') -> SALTA
[21:40:58] Fila 84: sin puesto (depActual='Incontinencia') -> SALTA
[21:40:58] Fila 85: sin puesto (depActual='Incontinencia') -> SALTA
[21:40:58] Fila 86: sin puesto (depActual='Incontinencia') -> SALTA
[21:40:58] Fila 87: sin puesto (depActual='Incontinencia') -> SALTA
[21:40:58] Fila 88: sin puesto (depActual='Incontinencia') -> SALTA
[21:40:58] Fila 89: sin puesto (depActual='Incontinencia') -> SALTA
[21:40:58] Fila 90: sin puesto (depActual='Incontinencia') -> SALTA
[21:40:58] Fila 91: sin puesto (depActual='Incontinencia') -> SALTA
[21:40:58] Fila 92: sin puesto (depActual='Incontinencia') -> SALTA
[21:40:58] Fila 93: sin puesto (depActual='Incontinencia') -> SALTA
[21:40:58] Fila 94: sin puesto (depActual='Incontinencia') -> SALTA
[21:40:58] Fila 95: sin puesto (depActual='Incontinencia') -> SALTA
[21:40:58] Fila 96: sin puesto (depActual='Incontinencia') -> SALTA
[21:40:58] Fila 97: sin puesto (depActual='Incontinencia') -> SALTA
[21:40:58] Fila 98: sin puesto (depActual='Incontinencia') -> SALTA
[21:40:58] Fila 99: sin puesto (depActual='Incontinencia') -> SALTA
[21:40:58] Fila 100: sin puesto (depActual='Incontinencia') -> SALTA
[21:40:58] Fila 101: sin puesto (depActual='Incontinencia') -> SALTA
[21:40:58] Fila 102: sin puesto (depActual='Incontinencia') -> SALTA
[21:40:58] Fila 103: sin puesto (depActual='Incontinencia') -> SALTA
[21:40:58] Fila 104: sin puesto (depActual='Incontinencia') -> SALTA
[21:40:58] Fila 105: sin puesto (depActual='Incontinencia') -> SALTA
[21:40:58] Fila 106: sin puesto (depActual='Incontinencia') -> SALTA
[21:40:58] Fila 107: sin puesto (depActual='Incontinencia') -> SALTA
[21:40:58] Fila 108: sin puesto (depActual='Incontinencia') -> SALTA
[21:40:58] Fila 109: sin puesto (depActual='Incontinencia') -> SALTA
[21:40:58] Fila 110: sin puesto (depActual='Incontinencia') -> SALTA
[21:40:58] Fila 111: sin puesto (depActual='Incontinencia') -> SALTA
[21:40:58] Fila 112: sin puesto (depActual='Incontinencia') -> SALTA
[21:40:58] Fila 113: sin puesto (depActual='Incontinencia') -> SALTA
[21:40:58] Fila 114: sin puesto (depActual='Incontinencia') -> SALTA
[21:40:58] Fila 115: sin puesto (depActual='Incontinencia') -> SALTA
[21:40:58] Fila 116: sin puesto (depActual='Incontinencia') -> SALTA
[21:40:58] Fila 117: sin puesto (depActual='Incontinencia') -> SALTA
[21:40:58] Fila 118: sin puesto (depActual='Incontinencia') -> SALTA
[21:40:58] Fila 119: sin puesto (depActual='Incontinencia') -> SALTA
[21:40:58] Fila 120: sin puesto (depActual='Incontinencia') -> SALTA
[21:40:58] Fila 121: sin puesto (depActual='Incontinencia') -> SALTA
[21:40:58] Fila 122: sin puesto (depActual='Incontinencia') -> SALTA
[21:40:58] Fila 123: sin puesto (depActual='Incontinencia') -> SALTA
[21:40:58] Fila 124: sin puesto (depActual='Incontinencia') -> SALTA
[21:40:58] Fila 125: sin puesto (depActual='Incontinencia') -> SALTA
[21:40:58] Fila 126: sin puesto (depActual='Incontinencia') -> SALTA
[21:40:58] Fila 127: sin puesto (depActual='Incontinencia') -> SALTA
[21:40:58] Fila 128: sin puesto (depActual='Incontinencia') -> SALTA
[21:40:58] Fila 129: sin puesto (depActual='Incontinencia') -> SALTA
[21:40:58] Fila 130: sin puesto (depActual='Incontinencia') -> SALTA
[21:40:58] Fila 131: sin puesto (depActual='Incontinencia') -> SALTA
[21:40:58] Fila 132: sin puesto (depActual='Incontinencia') -> SALTA
[21:40:58] Fila 133: sin puesto (depActual='Incontinencia') -> SALTA
[21:40:58] Fila 134: sin puesto (depActual='Incontinencia') -> SALTA
[21:40:58] Fila 135: sin puesto (depActual='Incontinencia') -> SALTA
[21:40:58] Fila 136: sin puesto (depActual='Incontinencia') -> SALTA
[21:40:58] Fila 137: sin puesto (depActual='Incontinencia') -> SALTA
[21:40:58] Fila 138: sin puesto (depActual='Incontinencia') -> SALTA
[21:40:58] Fila 139: sin puesto (depActual='Incontinencia') -> SALTA
[21:40:58] Fila 140: sin puesto (depActual='Incontinencia') -> SALTA
[21:40:58] Fila 141: sin puesto (depActual='Incontinencia') -> SALTA
[21:40:58] Fila 142: sin puesto (depActual='Incontinencia') -> SALTA
[21:40:58] Total de equipos encontrados: 8
[21:40:58] ========================================================
