NoEmp,Folio,Fecha,HoraI,HoraF,Motivos,Maquina,Razon,TurnoSeleccionado,HoraFinalSinMargen,HoraFinalConMargen,Estado
60040,873,2026-03-04,15:00:00,17:00:00,5,90,"Inserciones de prueba (Datos no reales)",turno1,17:00:00,17:15:00,null
60040,873,2026-03-05,18:30:00,20:30:00,5,90,"Inserciones de prueba (Datos no reales)",mixto2,20:30:00,20:45:00,null
55217,873,2026-02-11,15:00:00,17:00:00,5,90,"Inserciones de prueba (Datos no reales)",turno1,17:00:00,17:15:00,null
60040,874,2026-03-12,17:00:00,19:00:00,4,90,"Datos de prueba 1 dia despues de hoy",mixto1,19:00:00,19:15:00,null
60044,874,2026-03-12,17:00:00,19:00:00,10,90,"Datos de prueba 1 dia despues de hoy",mixto1,19:00:00,19:15:00,null
55217,874,2026-03-13,17:00:00,19:00:00,10,90,"Datos de prueba 2 dias despues de hoy",mixto1,19:00:00,19:15:00,null
55217,874,2026-03-11,17:00:00,19:00:00,10,90,"Datos de prueba 2 dias despues de hoy",mixto1,19:00:00,19:15:00,null
60040,873,2026-03-05,18:30:00,20:30:00,10,90,"Inserciones de prueba (Datos no reales)",mixto2,20:30:00,20:45:00,null
60040,873,2026-03-05,18:30:00,20:30:00,10,90,"Inserciones de prueba (Datos no reales)",mixto2,20:30:00,20:45:00,null
60040,873,2026-03-04,15:00:00,17:00:00,10,90,"Inserciones de prueba (Datos no reales)",turno1,17:00:00,17:15:00,null
60040,873,2026-03-04,15:00:00,17:00:00,10,90,"Inserciones de prueba (Datos no reales)",turno1,17:00:00,17:15:00,null
60040,873,2026-03-05,15:00:00,17:00:00,10,90,"Inserciones de prueba (Datos no reales)",turno1,17:00:00,17:15:00,null
60040,873,2026-03-05,15:00:00,17:00:00,10,90,"Inserciones de prueba (Datos no reales)",turno1,17:00:00,17:15:00,null
60040,873,2026-03-04,15:00:00,17:00:00,10,90,"Inserciones de prueba (Datos no reales)",turno1,17:00:00,17:15:00,null
60040,874,2026-02-06,15:00:00,17:00:00,10,90,"Inserciones de prueba (Datos no reales)",turno1,17:00:00,17:15:00,null
60040,873,2026-02-05,15:00:00,17:00:00,10,90,"Inserciones de prueba (Datos no reales)",turno1,17:00:00,17:15:00,null
60040,873,2026-02-04,15:00:00,17:00:00,10,90,"Inserciones de prueba (Datos no reales)",turno1,17:00:00,17:15:00,null
60040,873,2026-02-04,15:00:00,17:00:00,1,90,"Inserciones de prueba (Datos no reales)",turno1,17:00:00,17:15:00,null
60040,874,2026-03-10,07:00:00,09:00:00,1,90,"Inserciones de prueba (Datos no reales)",turno3,09:00:00,09:15:00,null
60040,874,2026-03-10,07:00:00,09:00:00,10,90,"Inserciones de prueba (Datos no reales)",turno3,09:00:00,09:15:00,null
60044,874,2026-03-10,07:00:00,09:00:00,10,90,"Inserciones de prueba (Datos no reales)",turno3,09:00:00,09:15:00,null
60044,874,2026-03-10,07:00:00,09:00:00,2,90,"Inserciones de prueba (Datos no reales)",turno3,09:00:00,09:15:00,null
60044,874,2026-03-10,07:00:00,13:20:00,2,90,"Inserciones de prueba (Datos no reales)",turno3,13:20:00,13:35:00,null
60044,874,2026-03-10,07:00:00,13:20:00,10,90,"Inserciones de prueba (Datos no reales)",turno3,13:20:00,13:35:00,null
60040,874,2026-03-10,07:00:00,13:20:00,10,90,"Inserciones de prueba (Datos no reales)",turno3,13:20:00,13:35:00,null
60040,874,2026-03-10,07:00:00,13:20:00,10,90,"Inserciones de prueba (Datos no reales)",turno3,13:20:00,13:35:00,null
60040,874,2026-03-10,07:00:00,13:20:00,4,90,"Inserciones de prueba (Datos no reales)",turno3,13:20:00,13:35:00,null
60040,874,2026-03-11,07:00:00,13:20:00,4,90,"Inserciones de prueba (Datos no reales)",turno3,13:20:00,13:35:00,null
60040,874,2026-03-11,07:00:00,13:20:00,10,90,"Inserciones de prueba (Datos no reales)",turno3,13:20:00,13:35:00,null
60044,874,2026-03-11,07:00:00,13:20:00,2,90,"Inserciones de prueba (Datos no reales)",turno3,13:20:00,13:35:00,null
60044,874,2026-03-11,07:00:00,13:20:00,10,90,"Inserciones de prueba (Datos no reales)",turno3,13:20:00,13:35:00,null
60044,874,2026-03-11,07:00:00,13:24:00,10,90,"Inserciones de prueba (Datos no reales)",turno3,13:24:00,13:39:00,null
60044,874,2026-03-11,07:00:00,13:24:00,1,90,"Inserciones de prueba (Datos no reales)",turno3,13:24:00,13:39:00,null
60040,874,2026-03-11,07:00:00,13:24:00,1,90,"Inserciones de prueba (Datos no reales)",turno3,13:24:00,13:39:00,null
60040,874,2026-03-11,07:00:00,13:24:00,1,90,"Inserciones de prueba (Datos no reales)",turno3,13:24:00,13:39:00,null
60040,874,2026-03-11,07:00:00,13:24:00,10,90,"Inserciones de prueba (Datos no reales)",turno3,13:24:00,13:39:00,null
60040,874,2026-03-11,07:00:00,13:30:00,10,90,"Inserciones de prueba (Datos no reales)",turno3,13:30:00,13:45:00,null
60040,874,2026-03-11,07:00:00,13:30:00,1,90,"Inserciones de prueba (Datos no reales)",turno3,13:30:00,13:45:00,null
60044,874,2026-03-11,07:00:00,13:30:00,1,90,"Inserciones de prueba (Datos no reales)",turno3,13:30:00,13:45:00,null
60044,874,2026-03-11,07:00:00,13:30:00,5,90,"Inserciones de prueba (Datos no reales)",turno3,13:30:00,13:45:00,null
60044,874,2026-03-11,07:00:00,13:30:00,10,90,"Inserciones de prueba (Datos no reales)",turno3,13:30:00,13:45:00,null
55217,874,2026-02-09,17:00:00,20:00:00,6,90,"Datos de prueba 2",mixto1,20:00:00,20:15:00,null
55217,874,2026-02-09,17:00:00,20:00:00,10,90,"Datos de prueba 2",mixto1,20:00:00,20:15:00,null
55217,874,2026-02-10,17:00:00,20:00:00,10,90,"Datos de prueba 2",mixto1,20:00:00,20:15:00,null
55217,874,2026-02-11,17:00:00,19:00:00,10,90,"Datos de prueba 2",mixto1,19:00:00,19:15:00,null
55217,874,2026-02-11,17:00:00,19:00:00,10,90,"Datos de prueba 2",mixto1,19:00:00,19:15:00,null
55217,874,2026-02-11,17:00:00,19:00:00,10,90,"Datos de prueba 2",mixto1,19:00:00,19:15:00,null
55217,873,2026-02-11,17:00:00,20:00:00,10,90,"Inserción de prueba (Datos no reales)",mixto1,20:00:00,20:15:00,null
60044,873,2026-03-13,17:00:00,19:00:00,4,64,"Inserción de prueba (Datos no reales)",mixto1,19:00:00,19:15:00,null
60040,874,2026-03-11,07:00:00,09:00:00,4,122,"Inserción de prueba (Datos no reales)",turno3,09:00:00,09:15:00,null
60040,874,2026-03-11,07:00:00,09:00:00,4,122,"Inserción de prueba (Datos no reales)",turno3,09:00:00,09:15:00,null
60040,875,2026-03-13,18:30:00,21:30:00,5,90,"Inserción de prueba (Datos no reales)",mixto2,21:30:00,21:45:00,null
60044,875,2026-03-12,07:00:00,10:00:00,5,90,"Inserción de prueba (Datos no reales)",turno3,10:00:00,10:15:00,null
60044,875,2026-03-13,15:00:00,17:00:00,5,90,"Inserción de prueba (Datos no reales)",turno1,17:00:00,17:15:00,null
60044,875,2026-03-13,07:00:00,09:00:00,10,90,"Inserción de prueba (Datos no reales)",turno3,09:00:00,09:15:00,null
55217,875,2026-02-10,17:00:00,19:00:00,10,90,"Inserción de prueba (Datos no reales)",mixto1,19:00:00,19:15:00,null
55217,875,2026-02-10,17:00:00,19:00:00,1,90,"Inserción de prueba (Datos no reales)",mixto1,19:00:00,19:15:00,null
55217,876,2026-02-10,17:00:00,21:00:00,5,137,"Datos de prueba.",mixto1,21:00:00,21:15:00,null
55217,876,2026-02-10,17:00:00,21:00:00,10,137,"Datos de prueba.",mixto1,21:00:00,21:15:00,null
55217,876,2026-02-10,17:00:00,20:00:00,4,137,"Datos de prueba.",mixto1,20:00:00,20:15:00,null
55217,876,2026-02-10,17:00:00,20:00:00,10,137,"Datos de prueba.",mixto1,20:00:00,20:15:00,null
55217,877,2026-02-09,17:00:00,19:00:00,1,64,"Datos de prueba",mixto1,19:00:00,19:15:00,null
55217,877,2026-02-10,17:00:00,19:00:00,10,64,"Datos de prueba",mixto1,19:00:00,19:15:00,null
55217,877,2026-02-09,17:00:00,19:00:00,10,64,"Datos de prueba",mixto1,19:00:00,19:15:00,null
55217,877,2026-02-09,17:00:00,19:00:00,1,64,"Datos de prueba",mixto1,19:00:00,19:15:00,null
55217,877,2026-02-09,17:00:00,19:00:00,4,64,"Datos de prueba",mixto1,19:00:00,19:15:00,null
55217,877,2026-02-09,17:00:00,19:00:00,10,64,"Datos de prueba",mixto1,19:00:00,19:15:00,null
55217,877,2026-02-09,01:00:00,04:00:00,8,64,"Datos de prueba",mixto1,19:00:00,19:15:00,null
55217,877,2026-02-09,17:00:00,19:00:00,1,81,"Datos de prueba 2",mixto1,19:00:00,19:15:00,null
55217,877,2026-02-09,17:00:00,19:00:00,5,81,"Datos de prueba 2",mixto1,19:00:00,19:15:00,null
55217,877,2026-02-09,17:00:00,19:00:00,10,81,"Datos de prueba 2",mixto1,19:00:00,19:15:00,null
55217,877,2026-02-09,17:00:00,19:00:00,11,81,"Datos de prueba 2",mixto1,19:00:00,19:15:00,null
55217,877,2026-02-09,01:00:00,04:00:00,8,81,"Datos de prueba 2",mixto1,19:00:00,19:15:00,null
55217,877,2026-02-09,17:00:00,19:00:00,1,81,"Datos de prueba 2",mixto1,19:00:00,19:15:00,null
55217,877,2026-02-09,17:00:00,19:00:00,1,65,"Datos de prueba 2",mixto1,19:00:00,19:15:00,null
55217,877,2026-02-09,17:00:00,19:00:00,10,65,"Datos de prueba 2",mixto1,19:00:00,19:15:00,null
55217,877,2026-02-09,17:00:00,19:00:00,6,65,"Datos de prueba 2",mixto1,19:00:00,19:15:00,null
55217,877,2026-02-09,17:00:00,19:00:00,1,90,"Datos de prueba",mixto1,19:00:00,19:15:00,null
55217,877,2026-02-09,17:00:00,19:00:00,2,90,"Datos de prueba",mixto1,19:00:00,19:15:00,null
55217,877,2026-02-09,17:00:00,19:00:00,10,90,"Datos de prueba",mixto1,19:00:00,19:15:00,null
55217,877,2026-02-09,17:00:00,19:00:00,2,90,"Datos de prueba",mixto1,19:00:00,19:15:00,null
55217,877,2026-02-09,17:00:00,19:00:00,4,90,"Datos de prueba",mixto1,19:00:00,19:15:00,null
55217,877,2026-02-09,17:00:00,19:00:00,7,90,"Datos de prueba",mixto1,19:00:00,19:15:00,null
55217,877,2026-02-09,17:00:00,19:00:00,10,90,"Datos de prueba",mixto1,19:00:00,19:15:00,null
55217,877,2026-02-09,17:00:00,19:00:00,2,90,"Datos de prueba",mixto1,19:00:00,19:15:00,null
55217,877,2026-02-09,17:00:00,19:00:00,11,90,"Datos de prueba",mixto1,19:00:00,19:15:00,null
55217,877,2026-02-09,17:00:00,19:00:00,5,90,"Datos de prueba",mixto1,19:00:00,19:15:00,null
55217,877,2026-02-09,01:00:00,04:00:00,8,90,"Datos de prueba",mixto1,19:00:00,19:15:00,null
55217,877,2026-02-09,17:00:00,19:00:00,10,90,"Datos de prueba",mixto1,19:00:00,19:15:00,null
55217,877,2026-02-09,17:00:00,19:00:00,2,90,"Datos de prueba",mixto1,19:00:00,19:15:00,null
55217,877,2026-02-09,17:00:00,19:00:00,7,90,"Datos de prueba",mixto1,19:00:00,19:15:00,null
55217,877,2026-02-09,01:00:00,04:00:00,8,90,"Datos de prueba",mixto1,19:00:00,19:15:00,null
55217,877,2026-02-09,17:00:00,19:00:00,2,90,"Datos de prueba",mixto1,19:00:00,19:15:00,null
55217,877,2026-02-09,17:00:00,19:00:00,1,90,"Datos de prueba",mixto1,19:00:00,19:15:00,null
55217,877,2026-02-09,17:00:00,19:00:00,4,90,"Datos de prueba",mixto1,19:00:00,19:15:00,null
55217,877,2026-02-09,01:00:00,04:00:00,8,90,"Datos de prueba",mixto1,19:00:00,19:15:00,null
55217,877,2026-02-09,17:00:00,19:00:00,2,90,"Datos de prueba",mixto1,19:00:00,19:15:00,null
55217,877,2026-02-10,17:00:00,19:00:00,4,90,"Datos de prueba",mixto1,19:00:00,19:15:00,null
55217,877,2026-02-11,17:00:00,19:00:00,6,90,"Datos de prueba",mixto1,19:00:00,19:15:00,null
60040,877,2026-03-13,15:00:00,17:00:00,4,90,"Datos de prueba",turno1,17:00:00,17:15:00,null
55217,878,2026-02-10,17:00:00,20:00:00,3,65,Pruebas,mixto1,20:00:00,20:15:00,null
55217,878,2026-02-11,17:00:00,20:00:00,3,65,Pruebas,mixto1,20:00:00,20:15:00,null
55217,878,2026-02-12,17:00:00,20:00:00,3,65,Pruebas,mixto1,20:00:00,20:15:00,null
60040,879,2026-02-09,15:00:00,17:00:00,10,90,"Datos de prueba",turno1,17:00:00,17:15:00,null
55217,879,2026-02-09,17:00:00,19:00:00,10,137,"Datos de prueba",mixto1,19:00:00,19:15:00,null
55217,879,2026-02-10,17:00:00,19:00:00,5,137,"Datos de prueba",mixto1,19:00:00,19:15:00,null
55217,879,2026-02-11,17:00:00,19:00:00,6,137,"Datos de prueba",mixto1,19:00:00,19:15:00,null
60040,880,2026-03-15,17:00:00,19:30:00,5,122,"Datos de prueba",mixto1,19:30:00,19:45:00,null
55217,880,2026-02-10,17:00:00,19:00:00,5,122,"Datos de prueba",mixto1,19:00:00,19:15:00,null
55217,880,2026-02-11,17:00:00,19:00:00,5,122,"Datos de prueba",mixto1,19:00:00,19:15:00,null
55217,880,2026-03-14,17:00:00,19:00:00,5,122,"Datos de prueba",mixto1,19:00:00,19:15:00,null
55217,880,2026-03-15,17:00:00,19:00:00,5,122,"Datos de prueba",mixto1,19:00:00,19:15:00,null
60040,879,2026-03-13,17:00:00,20:00:00,2,90,"Datos de prueba",mixto1,20:00:00,20:15:00,null
51947,882,2026-03-10,17:00:00,20:00:00,7,90,"Datos de prueba",mixto1,20:00:00,20:15:00,null
51947,882,2026-03-11,17:00:00,19:00:00,7,90,"Datos de prueba",mixto1,19:00:00,19:15:00,null
51947,879,2026-03-12,17:00:00,19:00:00,1,90,"Datos de prueba",mixto1,19:00:00,19:15:00,null
55217,883,2026-02-09,17:00:00,20:00:00,10,90,"Datos de prueba",mixto1,20:00:00,20:15:00,null
55217,883,2026-02-10,17:00:00,20:00:00,10,90,"Datos de prueba",mixto1,20:00:00,20:15:00,null
55217,883,2026-02-10,17:00:00,20:00:00,10,90,"Datos de prueba",mixto1,20:00:00,20:15:00,null
55217,883,2026-02-11,17:00:00,20:00:00,10,90,"Datos de prueba",mixto1,20:00:00,20:15:00,null
55217,883,2026-02-12,17:00:00,20:00:00,10,90,"Datos de prueba",mixto1,20:00:00,20:15:00,null
55217,883,2026-02-13,17:00:00,20:00:00,10,90,"Datos de prueba",mixto1,20:00:00,20:15:00,null
55217,884,2026-03-11,17:00:00,19:00:00,1,90,"Datos de prueba",mixto1,19:00:00,19:15:00,null
55217,884,2026-03-11,17:00:00,19:00:00,4,90,"Datos de prueba",mixto1,19:00:00,19:15:00,null
55217,884,2026-03-14,15:00:00,17:00:00,1,90,"Datos de prueba",turno1,17:00:00,17:15:00,null
55217,884,2026-03-14,15:00:00,17:00:00,3,90,"Datos de prueba",turno1,17:00:00,17:15:00,null
55217,884,2026-03-14,15:00:00,17:00:00,10,90,"Datos de prueba",turno1,17:00:00,17:15:00,null
55217,884,2026-03-14,15:00:00,17:00:00,2,90,"Datos de prueba",turno1,17:00:00,17:15:00,null
55217,884,2026-03-14,01:00:00,04:00:00,8,90,"Datos de prueba",turno1,17:00:00,17:15:00,null
55217,884,2026-03-14,15:00:00,17:00:00,10,90,"Datos de prueba",turno1,17:00:00,17:15:00,null
55217,884,2026-03-14,15:00:00,17:00:00,1,90,"Datos de prueba",turno1,17:00:00,17:15:00,null
55217,884,2026-03-14,15:00:00,17:00:00,2,90,"Datos de prueba",turno1,17:00:00,17:15:00,null
55217,884,2026-03-14,15:00:00,17:00:00,7,90,"Datos de prueba",turno1,17:00:00,17:15:00,null
55217,884,2026-03-14,01:00:00,04:00:00,8,90,"Datos de prueba",turno1,17:00:00,17:15:00,null
55217,884,2026-03-14,01:00:00,04:00:00,8,90,"Datos de prueba",turno1,17:00:00,17:15:00,null
55217,884,2026-03-14,15:00:00,17:00:00,1,90,"Datos de prueba",turno1,17:00:00,17:15:00,null
55217,884,2026-03-14,15:00:00,17:00:00,2,90,"Datos de prueba",turno1,17:00:00,17:15:00,null
55217,884,2026-03-14,15:00:00,17:00:00,10,90,"Datos de prueba",turno1,17:00:00,17:15:00,null
55217,884,2026-03-14,15:00:00,17:00:00,5,90,"Datos de prueba",turno1,17:00:00,17:15:00,null
55217,884,2026-03-14,15:00:00,17:00:00,7,90,"Datos de prueba",turno1,17:00:00,17:15:00,null
55217,884,2026-03-14,15:00:00,17:00:00,10,90,"Datos de prueba",turno1,17:00:00,17:15:00,null
55217,884,2026-03-14,15:00:00,17:00:00,3,90,"Datos de prueba",turno1,17:00:00,17:15:00,null
55217,884,2026-03-14,15:00:00,17:00:00,1,90,"Datos de prueba",turno1,17:00:00,17:15:00,null
55217,884,2026-03-14,01:00:00,04:00:00,8,90,"Datos de prueba",turno1,17:00:00,17:15:00,null
55217,885,2026-03-14,17:00:00,19:00:00,10,90,"Datos de prueba 2",mixto1,19:00:00,19:15:00,null
55217,885,2026-03-14,17:00:00,19:00:00,1,90,"Datos de prueba 2",mixto1,19:00:00,19:15:00,null
55217,885,2026-03-14,17:00:00,19:00:00,5,90,"Datos de prueba 2",mixto1,19:00:00,19:15:00,null
55217,885,2026-03-14,17:00:00,19:00:00,7,90,"Datos de prueba 2",mixto1,19:00:00,19:15:00,null
55217,885,2026-03-14,01:00:00,04:00:00,8,90,"Datos de prueba 2",mixto1,19:00:00,19:15:00,null
55217,886,2026-02-09,17:00:00,20:00:00,2,64,"Datos de prueba",mixto1,20:00:00,20:15:00,null
55217,886,2026-02-10,17:00:00,20:00:00,2,64,"Datos de prueba",mixto1,20:00:00,20:15:00,null
55217,886,2026-02-11,17:00:00,20:00:00,2,64,"Datos de prueba",mixto1,20:00:00,20:15:00,null
51947,887,2026-03-10,18:30:00,21:30:00,7,90,"Datos de prueba",mixto2,21:30:00,21:45:00,null
51947,887,2026-03-11,18:30:00,21:30:00,7,90,"Datos de prueba",mixto2,21:30:00,21:45:00,null
55217,887,2026-02-10,17:00:00,20:00:00,9,65,"Datos de prueba",mixto1,20:00:00,20:15:00,null
55217,887,2026-02-11,17:00:00,19:00:00,9,65,"Datos de prueba",mixto1,19:00:00,19:15:00,null
55217,887,2026-02-12,17:00:00,19:00:00,9,65,"Datos de prueba",mixto1,19:00:00,19:15:00,null
55217,887,2026-03-10,17:00:00,19:00:00,9,65,"Datos de prueba",mixto1,19:00:00,19:15:00,null
55217,887,2026-03-11,17:00:00,19:00:00,9,65,"Datos de prueba",mixto1,19:00:00,19:15:00,null
55217,886,2026-03-17,17:00:00,19:30:00,4,81,"Datos de prueba",mixto1,19:30:00,19:45:00,null
55217,886,2026-03-17,17:00:00,19:30:00,5,64,"Datos de prueba",mixto1,19:30:00,19:45:00,null
55217,886,2026-03-22,17:00:00,19:30:00,5,64,"Datos de prueba",mixto1,19:30:00,19:45:00,null
55217,886,2026-03-23,17:00:00,19:30:00,5,64,"Datos de prueba",mixto1,19:30:00,19:45:00,null
55217,890,2026-03-17,17:00:00,19:00:00,2,64,"Datos de prueba",mixto1,19:00:00,19:15:00,null
55217,890,2026-03-22,17:00:00,19:00:00,2,64,"Datos de prueba",mixto1,19:00:00,19:15:00,null
55217,890,2026-03-23,17:00:00,19:00:00,2,64,"Datos de prueba",mixto1,19:00:00,19:15:00,null
55217,887,2026-03-17,17:00:00,19:00:00,5,90,"Datos de prueba",mixto1,19:00:00,19:15:00,null
55217,887,2026-03-18,17:00:00,19:00:00,5,90,"Datos de prueba",mixto1,19:00:00,19:15:00,null
35657,895,2026-03-17,16:30:00,05:30:00,1,90,"Datos de prueba",mixto3,05:30:00,05:45:00,null
35657,895,2026-03-17,16:30:00,05:30:00,1,90,"Datos de prueba",mixto3,05:30:00,05:45:00,null
35657,895,2026-03-17,17:00:00,18:00:00,1,90,"Datos de prueba",mixto1,18:00:00,18:15:00,null
35657,895,2026-03-17,17:00:00,18:00:00,1,90,"Datos de prueba",mixto1,18:00:00,18:15:00,null
35657,895,2026-03-17,17:00:00,06:00:00,1,90,"Datos de prueba",mixto1,06:00:00,06:15:00,null
35657,895,2026-03-17,17:00:00,06:00:00,2,90,"Datos de prueba",mixto1,06:00:00,06:15:00,null
35657,895,2026-03-17,17:00:00,06:00:00,10,90,"Datos de prueba",mixto1,06:00:00,06:15:00,null
35657,895,2026-03-17,17:00:00,06:00:00,10,90,"Datos de prueba",mixto1,06:00:00,06:15:00,null
35657,895,2026-03-17,17:00:00,06:30:00,10,90,"Datos de prueba",mixto1,06:30:00,06:45:00,null
35657,895,2026-03-17,16:30:00,06:00:00,10,90,"Datos de prueba",mixto3,06:00:00,06:15:00,null
35657,895,2026-03-17,16:30:00,06:00:00,3,90,"Datos de prueba",mixto3,06:00:00,06:15:00,null
35657,895,2026-03-17,15:00:00,04:40:00,3,90,"Datos de prueba",turno1,04:40:00,04:55:00,null
35657,895,2026-03-17,15:00:00,04:40:00,3,90,"Datos de prueba",turno1,04:40:00,04:55:00,null
35657,895,2026-03-17,15:00:00,04:00:00,4,90,"Datos de prueba",turno1,04:00:00,04:15:00,null
35657,895,2026-03-17,15:00:00,04:00:00,10,90,"Datos de prueba",turno1,04:00:00,04:15:00,null
35657,895,2026-03-17,15:00:00,04:00:00,10,90,"Datos de prueba",turno1,04:00:00,04:15:00,null
35657,895,2026-03-17,15:00:00,04:00:00,10,90,"Datos de prueba 2",turno1,04:00:00,04:15:00,null
35657,895,2026-03-17,15:00:00,04:00:00,1,90,"Datos de prueba 2",turno1,04:00:00,04:15:00,null
35657,895,2026-03-17,07:00:00,20:00:00,1,90,"Datos de prueba 2",turno3,20:00:00,20:15:00,null
35657,895,2026-03-17,15:00:00,16:00:00,1,90,"Datos de prueba 2",turno1,16:00:00,16:15:00,null
35657,895,2026-03-17,15:00:00,16:00:00,2,90,"Datos de prueba 2",turno1,16:00:00,16:15:00,null
35657,895,2026-03-17,22:30:00,23:30:00,2,90,"Datos de prueba 2",turno2,23:30:00,23:45:00,null
35657,895,2026-03-17,07:00:00,08:00:00,2,90,"Datos de prueba 2",turno3,08:00:00,08:15:00,null
35657,895,2026-03-17,17:00:00,18:00:00,2,90,"Datos de prueba 2",mixto1,18:00:00,18:15:00,null
35657,895,2026-03-17,18:30:00,19:30:00,2,90,"Datos de prueba 2",mixto2,19:30:00,19:45:00,null
35657,895,2026-03-17,16:30:00,17:30:00,2,90,"Datos de prueba 2",mixto3,17:30:00,17:45:00,null
35657,895,2026-03-17,16:30:00,18:30:00,1,90,"Datos de prueba 2",mixto3,18:30:00,18:45:00,null
60040,895,2026-03-23,18:30:00,19:30:00,6,90,"Datos de prueba 2",mixto2,19:30:00,19:45:00,null
60040,896,2026-04-06,15:00:00,17:00:00,10,90,"Datos de prueba 2",turno1,17:00:00,17:15:00,null
55217,897,2026-04-02,18:30:00,20:30:00,3,90,"Datos de prueba 2",mixto2,20:30:00,20:45:00,null
55217,897,2026-04-03,16:30:00,21:30:00,4,90,"Datos de prueba 2",mixto3,21:30:00,21:45:00,null
55217,897,2026-04-03,15:00:00,20:00:00,4,90,"Datos de prueba 2",turno1,20:00:00,20:15:00,null
55217,897,2026-04-03,15:00:00,20:00:00,10,90,"Datos de prueba 2",turno1,20:00:00,20:15:00,null
55217,897,2026-04-03,15:00:00,20:00:00,7,90,"Datos de prueba 2",turno1,20:00:00,20:15:00,null
55217,897,2026-04-03,01:00:00,04:00:00,8,90,"Datos de prueba 2",turno1,20:00:00,20:15:00,null
55217,897,2026-04-03,01:00:00,04:00:00,8,90,"Datos de prueba 2",turno1,20:00:00,20:15:00,null
55217,897,2026-04-03,16:30:00,21:30:00,10,90,"Datos de prueba 2",mixto3,21:30:00,21:45:00,null
55217,897,2026-04-03,16:30:00,21:30:00,2,90,"Datos de prueba 2",mixto3,21:30:00,21:45:00,null
55217,897,2026-04-04,16:30:00,18:30:00,1,90,"Datos de prueba 2",mixto3,18:30:00,18:45:00,null
55217,897,2026-04-04,16:30:00,18:30:00,1,90,"Datos de prueba 2",mixto3,18:30:00,18:45:00,null
55217,897,2026-04-04,16:30:00,18:30:00,2,103,"Datos de prueba 2",mixto3,18:30:00,18:45:00,null
55217,897,2026-04-04,16:30:00,18:30:00,10,103,"Datos de prueba 2",mixto3,18:30:00,18:45:00,null
55217,897,2026-04-04,16:30:00,19:30:00,4,90,"Datos de prueba 2",mixto3,19:30:00,19:45:00,null
55217,897,2026-04-04,16:30:00,19:30:00,4,90,"Datos de prueba 2",mixto3,19:30:00,19:45:00,null
55217,897,2026-04-03,16:30:00,17:30:00,11,111,"Inserción de prueba (Datos no reales)",mixto3,17:30:00,17:45:00,null
55217,897,2026-04-03,16:30:00,18:30:00,11,111,"Inserción de prueba (Datos no reales)",mixto3,18:30:00,18:45:00,null
55217,897,2026-04-03,16:30:00,18:30:00,11,111,"Inserción de prueba (Datos no reales)",mixto3,18:30:00,18:45:00,null
55217,897,2026-04-03,16:30:00,18:30:00,10,111,"Inserción de prueba (Datos no reales)",mixto3,18:30:00,18:45:00,null
55217,897,2026-04-03,16:30:00,18:30:00,10,111,"Inserción de prueba (Datos no reales)",mixto3,18:30:00,18:45:00,null
55217,897,2026-04-02,16:30:00,18:30:00,10,90,"Inserción de prueba (Datos no reales)",mixto3,18:30:00,18:45:00,null
55217,897,2026-04-02,16:30:00,18:30:00,10,90,"Inserción de prueba (Datos no reales)",mixto3,18:30:00,18:45:00,null
55217,897,2026-04-02,16:30:00,18:30:00,10,90,"Inserción de prueba (Datos no reales)",mixto3,18:30:00,18:45:00,null
55217,897,2026-04-02,16:30:00,18:30:00,10,90,"Inserción de prueba (Datos no reales)",mixto3,18:30:00,18:45:00,null
55217,897,2026-04-02,16:30:00,18:30:00,7,90,"Inserción de prueba (Datos no reales)",mixto3,18:30:00,18:45:00,null
55217,897,2026-04-02,16:30:00,18:30:00,7,90,"Datos de prueba 2",mixto3,18:30:00,18:45:00,null
55217,897,2026-04-02,16:30:00,18:30:00,7,90,"Datos de prueba 2",mixto3,18:30:00,18:45:00,null
55217,897,2026-04-02,16:30:00,18:30:00,10,90,"Datos de prueba 2",mixto3,18:30:00,18:45:00,null
55217,897,2026-04-03,16:30:00,18:30:00,1,90,"Datos de prueba 1.",mixto3,18:30:00,18:45:00,null
55217,897,2026-04-03,16:30:00,18:30:00,1,90,"Datos de prueba 1.",mixto3,18:30:00,18:45:00,null
55217,897,2026-04-03,16:30:00,18:30:00,3,108,"Datos de prueba 1.",mixto3,18:30:00,18:45:00,null
55217,897,2026-04-03,16:30:00,18:30:00,3,108,"Datos de prueba 1.",mixto3,18:30:00,18:45:00,null
55217,897,2026-04-03,16:30:00,18:30:00,10,108,"Datos de prueba 1.",mixto3,18:30:00,18:45:00,null
55217,897,2026-04-03,16:30:00,18:30:00,3,103,"Datos de prueba",mixto3,18:30:00,18:45:00,null
55217,897,2026-04-03,16:30:00,18:30:00,10,103,"Datos de prueba",mixto3,18:30:00,18:45:00,null
55217,897,2026-04-03,16:30:00,18:30:00,10,103,"Datos de prueba",mixto3,18:30:00,18:45:00,null
55217,897,2026-04-05,16:30:00,18:30:00,3,90,"Datos de prueba",mixto3,18:30:00,18:45:00,null
55217,897,2026-04-05,16:30:00,19:30:00,3,90,"Datos de prueba",mixto3,19:30:00,19:45:00,null
55217,897,2026-04-05,16:30:00,19:30:00,3,90,"Datos de prueba",mixto3,19:30:00,19:45:00,null
55217,897,2026-04-05,16:30:00,19:30:00,3,90,"Datos de prueba",mixto3,19:30:00,19:45:00,null
55217,897,2026-04-05,16:30:00,19:30:00,3,90,"Datos de prueba",mixto3,19:30:00,19:45:00,null
55217,897,2026-04-06,16:30:00,21:30:00,5,90,"Datos de prueba 2",mixto3,21:30:00,21:45:00,null
60040,897,2026-04-05,15:00:00,17:00:00,3,90,"Datos de prueba",turno1,17:00:00,17:15:00,null
60044,897,2026-04-05,15:00:00,07:00:00,1,64,"Datos de prueba",turno1,07:00:00,07:15:00,null
55217,897,2026-04-06,15:00:00,17:00:00,2,61,"Datos de prueba",turno1,17:00:00,17:15:00,null
55217,897,2026-04-06,15:00:00,17:00:00,2,61,"Datos de prueba",turno1,17:00:00,17:15:00,null
55217,897,2026-04-06,15:00:00,17:00:00,2,61,"Datos de prueba",turno1,17:00:00,17:15:00,null
55217,897,2026-04-06,16:30:00,19:30:00,1,61,"Datos de prueba",mixto3,19:30:00,19:45:00,null
55217,897,2026-04-06,16:30:00,07:30:00,3,61,"Datos de prueba",mixto3,07:30:00,07:45:00,null
55217,897,2026-04-06,16:30:00,07:30:00,3,61,"Datos de prueba",mixto3,07:30:00,07:45:00,null
55217,897,2026-04-06,16:30:00,07:30:00,3,61,"Datos de prueba",mixto3,07:30:00,07:45:00,null
55217,897,2026-04-06,16:30:00,19:30:00,1,60,"Datos de prueba",mixto3,19:30:00,19:45:00,null
55217,897,2026-04-06,16:30:00,19:30:00,1,60,"Datos de prueba",mixto3,19:30:00,19:45:00,null
55217,897,2026-04-06,16:30:00,19:30:00,1,60,"Datos de prueba",mixto3,19:30:00,19:45:00,null
55217,897,2026-04-06,16:30:00,19:30:00,2,60,"Datos de prueba",mixto3,19:30:00,19:45:00,null
55217,897,2026-04-06,16:30:00,19:30:00,2,60,"Datos de prueba 2",mixto3,19:30:00,19:45:00,null
55217,897,2026-04-06,16:30:00,19:30:00,4,90,"Datos de prueba 2",mixto3,19:30:00,19:45:00,null
55217,897,2026-04-06,16:30:00,19:30:00,4,90,"Datos de prueba 2",mixto3,19:30:00,19:45:00,null
55217,897,2026-04-06,16:30:00,19:30:00,4,90,"Datos de prueba 2",mixto3,19:30:00,19:45:00,null
55217,897,2026-04-06,16:30:00,21:30:00,2,90,"Datos de prueba 2",mixto3,21:30:00,21:45:00,null
55217,897,2026-04-06,16:30:00,21:30:00,2,90,"Datos de prueba 2",mixto3,21:30:00,21:45:00,null
60043,897,2026-04-06,17:00:00,18:00:00,4,90,"Datos de prueba 2",mixto1,18:00:00,18:15:00,null
60040,904,2026-04-10,19:00:00,22:30:00,2,90,"Datos de prueba 2",turno3,10:40:00,10:55:00,null
32255,905,2026-03-21,19:00:00,22:30:00,1,90,"Datos de prueba",turno3,22:30:00,22:45:00,
32255,895,2026-03-21,19:00:00,22:30:00,3,90,"Datos de prueba 2",turno3,22:30:00,22:45:00,null
32255,895,2026-03-21,19:00:00,22:30:00,3,90,"Datos de prueba 2",turno3,22:30:00,22:45:00,null
32255,895,2026-03-21,19:00:00,22:30:00,3,90,"Datos de prueba 2",turno3,22:30:00,22:45:00,null
32255,895,2026-03-21,19:00:00,22:30:00,3,90,"Datos de prueba 2",turno3,22:30:00,22:45:00,null
32255,895,2026-03-21,19:00:00,22:30:00,3,90,"Datos de prueba 2",turno3,22:30:00,22:45:00,null
32255,895,2026-03-21,19:00:00,22:30:00,3,90,"Datos de prueba 2",turno3,22:30:00,22:45:00,null
32255,895,2026-03-21,19:00:00,22:30:00,2,90,"Datos de prueba 2",turno3,22:30:00,22:45:00,null
32255,895,2026-03-21,19:00:00,22:30:00,2,90,"Datos de prueba 2",turno3,22:30:00,22:45:00,null
32255,895,2026-03-21,19:00:00,22:30:00,2,90,"Datos de prueba 2",turno3,22:30:00,22:45:00,null
32255,895,2026-03-21,19:00:00,22:30:00,2,90,"Datos de prueba 2",turno3,22:30:00,22:45:00,null
32255,895,2026-03-21,19:00:00,22:30:00,2,90,"Datos de prueba 2",turno3,22:30:00,22:45:00,null
32255,895,2026-03-21,19:00:00,22:30:00,2,90,"Datos de prueba 2",turno3,22:30:00,22:45:00,null
32255,895,2026-03-21,19:00:00,22:30:00,2,90,"Datos de prueba 2",turno3,22:30:00,22:45:00,null
32255,895,2026-03-21,19:00:00,22:30:00,2,90,"Datos de prueba 2",turno3,22:30:00,22:45:00,null
32255,895,2026-03-21,19:00:00,22:30:00,2,90,"Datos de prueba 2",turno3,22:30:00,22:45:00,null
32255,895,2026-03-21,19:00:00,22:30:00,2,90,"Datos de prueba 2",turno3,22:30:00,22:45:00,null
32255,895,2026-03-21,19:00:00,22:30:00,1,90,"Datos de prueba 2",turno3,22:30:00,22:45:00,null
32255,895,2026-03-21,19:00:00,22:30:00,1,90,"Datos de prueba 2",turno3,22:30:00,22:45:00,null
32255,895,2026-03-21,19:00:00,22:30:00,1,90,"Datos de prueba 2",turno3,22:30:00,22:45:00,null
32255,895,2026-03-21,19:00:00,22:30:00,1,90,"Datos de prueba 2",turno3,22:30:00,22:45:00,null
32255,895,2026-03-21,19:00:00,22:30:00,1,90,"Datos de prueba 2",turno3,22:30:00,22:45:00,null
32255,895,2026-03-21,19:00:00,22:30:00,1,90,"Datos de prueba 2",turno3,22:30:00,22:45:00,null
32255,895,2026-03-21,19:00:00,22:30:00,1,90,"Datos de prueba 2",turno3,22:30:00,22:45:00,null
32255,895,2026-03-21,19:00:00,22:30:00,4,90,"Datos de prueba 2",turno3,22:30:00,22:45:00,null
32255,895,2026-03-21,19:00:00,22:30:00,4,90,"Datos de prueba 2",turno3,22:30:00,22:45:00,null
32255,895,2026-03-21,19:00:00,22:30:00,2,90,"Datos de prueba 2",turno3,22:30:00,22:45:00,null
32255,895,2026-03-21,19:00:00,22:30:00,2,90,"Datos de prueba 2",turno3,22:30:00,22:45:00,null
32255,895,2026-03-21,19:00:00,22:30:00,2,90,"Datos de prueba 2",turno3,22:30:00,22:45:00,null
32255,895,2026-03-21,19:00:00,22:30:00,2,90,"Datos de prueba 2",turno3,22:30:00,22:45:00,null
32255,895,2026-03-21,19:00:00,22:30:00,2,90,"Datos de prueba 2",turno3,22:30:00,22:45:00,null
32255,895,2026-03-21,19:00:00,22:30:00,2,90,"Datos de prueba 2",turno3,22:30:00,22:45:00,null
32255,895,2026-03-21,19:00:00,22:30:00,2,90,"Datos de prueba 2",turno3,22:30:00,22:45:00,null
32255,895,2026-03-21,19:00:00,22:30:00,2,90,"Datos de prueba 2",turno3,22:30:00,22:45:00,null
32255,895,2026-03-21,19:00:00,22:30:00,2,90,"Datos de prueba 2",turno3,22:30:00,22:45:00,null
32255,895,2026-03-21,19:00:00,22:30:00,2,90,"Datos de prueba 2",turno3,22:30:00,22:45:00,null
32255,895,2026-03-21,19:00:00,22:30:00,2,90,"Datos de prueba 2",turno3,22:30:00,22:45:00,null
32255,895,2026-03-21,19:00:00,22:30:00,2,90,"Datos de prueba 2",turno3,22:30:00,22:45:00,null
32255,895,2026-03-21,19:00:00,22:30:00,2,90,"Datos de prueba 2",turno3,22:30:00,22:45:00,null
32255,895,2026-03-21,19:00:00,22:30:00,2,90,"Datos de prueba 2",turno3,22:30:00,22:45:00,null
32255,895,2026-03-21,19:00:00,22:30:00,2,90,"Datos de prueba 2",turno3,22:30:00,22:45:00,null
32255,895,2026-03-21,19:00:00,22:30:00,5,90,"Datos de prueba 2",turno3,22:30:00,22:45:00,null
32255,895,2026-03-21,19:00:00,22:30:00,5,90,"Datos de prueba 2",turno3,22:30:00,22:45:00,null
32255,895,2026-03-21,19:00:00,22:30:00,5,90,"Datos de prueba 2",turno3,22:30:00,22:45:00,null
27475,907,2026-03-30,07:00:00,09:00:00,1,65,"Datos de prueba 2",turno3,09:00:00,09:15:00,null
27475,907,2026-03-30,15:00:00,17:00:00,1,65,"Datos de prueba 2",turno1,17:00:00,17:15:00,null
27648,909,2026-03-31,15:00:00,17:00:00,1,114,"Datos de prueba 2",turno1,17:00:00,17:15:00,null
276414,909,2026-03-31,22:30:00,00:30:00,2,110,"Datos de prueba 2",turno2,00:30:00,00:45:00,null
276414,909,2026-03-31,22:30:00,00:30:00,2,110,"Datos de prueba 2",turno2,00:30:00,00:45:00,null
27614,909,2026-03-31,22:30:00,00:30:00,2,112,"Datos de prueba 2",turno2,00:30:00,00:45:00,null
27614,909,2026-03-31,22:30:00,12:30:00,2,112,"Datos de prueba 2",turno2,12:30:00,12:45:00,null
27614,909,2026-03-31,22:30:00,12:30:00,2,112,"Datos de prueba 2",turno2,12:30:00,12:45:00,null
27475,909,2026-04-01,15:00:00,17:00:00,2,106,"Datos de prueba 2",turno1,17:00:00,17:15:00,null
46472,909,2026-04-02,22:30:00,00:30:00,4,64,"Datos de prueba 2",turno2,00:30:00,00:45:00,null
46474,909,2026-04-05,07:00:00,09:00:00,5,65,"Datos de prueba 2",turno3,09:00:00,09:15:00,null
47889,909,2026-04-04,07:00:00,09:00:00,10,71,"Datos de prueba 2",turno3,09:00:00,09:15:00,null
27648,909,2026-03-31,15:00:00,17:00:00,3,90,"Datos de prueba 2",turno1,17:00:00,17:15:00,null
27458,909,2026-03-31,19:00:00,22:30:00,1,64,"Datos de prueba 2",turno3,22:30:00,22:45:00,null
27458,909,2026-04-01,19:00:00,22:30:00,1,64,"Datos de prueba 2",turno3,22:30:00,22:45:00,null
27615,909,2026-04-04,19:00:00,22:30:00,1,90,"Datos de prueba 2",turno3,22:30:00,22:45:00,null
27615,909,2026-04-03,19:00:00,22:30:00,1,90,"Datos de prueba 2",turno3,22:30:00,22:45:00,null
27615,909,2026-04-05,19:00:00,22:30:00,1,90,"Datos de prueba 2",turno3,22:30:00,22:45:00,null
27635,909,2026-04-01,22:30:00,00:30:00,2,90,"Datos de prueba 2",turno2,00:30:00,00:45:00,null
27635,909,2026-04-04,22:30:00,00:30:00,2,90,"Datos de prueba 2",turno2,00:30:00,00:45:00,null
27635,909,2026-04-04,22:30:00,00:30:00,2,90,"Datos de prueba 2",turno2,00:30:00,00:45:00,null
27615,909,2026-04-05,19:00:00,22:30:00,4,112,"Datos de prueba 2",turno3,22:30:00,22:45:00,null
27475,909,2026-04-01,19:00:00,22:30:00,1,64,"Datos de prueba 2",turno3,22:30:00,22:45:00,null
27475,909,2026-04-01,22:30:00,02:00:00,1,64,"Datos de prueba 2",turno2,02:00:00,02:15:00,null
27475,909,2026-04-01,07:00:00,11:00:00,1,65,"Datos de prueba 2",turno3,11:00:00,11:15:00,null
27475,909,2026-04-01,07:00:00,11:00:00,1,65,"Datos de prueba 2",turno3,11:00:00,11:15:00,null
27475,909,2026-04-04,07:00:00,11:00:00,1,65,"Datos de prueba 2",turno3,11:00:00,11:15:00,null
27475,909,2026-04-04,19:00:00,22:30:00,1,137,"Datos de prueba 2",turno3,22:30:00,22:45:00,null
27475,909,2026-04-04,19:00:00,22:30:00,1,137,"Datos de prueba 2",turno3,22:30:00,22:45:00,null
60040,910,2026-04-16,17:00:00,18:30:00,1,90,"Datos de prueba 2",mixto1,18:30:00,18:45:00,null
60044,910,2026-04-16,19:00:00,22:30:00,1,75,"Datos de prueba 2",turno3,22:30:00,22:45:00,null
60040,910,2026-04-17,17:00:00,18:30:00,3,65,"Datos de prueba 2",mixto1,18:30:00,18:45:00,null
60044,897,2026-04-06,15:00:00,07:00:00,3,65,"Datos de prueba 2",turno1,07:00:00,07:15:00,null
60040,910,2026-04-17,15:00:00,16:30:00,1,90,"Datos de prueba 2",turno1,16:30:00,16:45:00,null
60040,910,2026-04-17,17:00:00,18:30:00,1,90,"Datos de prueba 2",mixto1,18:30:00,18:45:00,null
60040,910,2026-04-17,17:00:00,18:30:00,1,90,"Datos de prueba 2",mixto1,18:30:00,18:45:00,null
60040,910,2026-04-16,17:00:00,18:30:00,4,90,"Datos de prueba 2",mixto1,18:30:00,18:45:00,null
60040,910,2026-04-16,15:00:00,16:30:00,4,90,"Datos de prueba 2",turno1,16:30:00,16:45:00,null
60040,910,2026-04-16,17:00:00,18:30:00,4,90,"Datos de prueba 2",mixto1,18:30:00,18:45:00,null
60040,910,2026-04-16,17:00:00,18:30:00,1,90,"Datos de prueba 2",mixto1,18:30:00,18:45:00,null
60040,910,2026-04-16,22:30:00,02:30:00,1,90,"Datos de prueba 2",turno2,02:30:00,02:45:00,null
60040,910,2026-04-16,22:30:00,02:30:00,1,90,"Datos de prueba 2",turno2,02:30:00,02:45:00,null
60040,910,2026-04-17,22:30:00,02:30:00,1,90,"Datos de prueba 2",turno2,02:30:00,02:45:00,null
60040,910,2026-04-17,22:30:00,02:30:00,1,90,"Datos de prueba 2",turno2,02:30:00,02:45:00,null
60040,910,2026-04-17,22:30:00,02:30:00,1,90,"Datos de prueba 2",turno2,02:30:00,02:45:00,null
60040,910,2026-04-17,22:30:00,02:30:00,1,90,"Datos de prueba 2",turno2,02:30:00,02:45:00,null
60040,910,2026-04-17,17:00:00,21:00:00,1,90,"Datos de prueba 2",mixto1,21:00:00,21:15:00,null
60040,910,2026-04-17,17:00:00,21:00:00,1,90,"Datos de prueba 2",mixto1,21:00:00,21:15:00,null
60040,910,2026-04-17,17:00:00,21:00:00,1,90,"Datos de prueba 2",mixto1,21:00:00,21:15:00,null
60040,910,2026-04-17,17:00:00,21:00:00,1,90,"Datos de prueba 2",mixto1,21:00:00,21:15:00,null
60040,910,2026-04-17,17:00:00,21:00:00,1,90,"Datos de prueba 2",mixto1,21:00:00,21:15:00,null
60040,910,2026-04-17,17:00:00,21:00:00,1,90,"Datos de prueba 2",mixto1,21:00:00,21:15:00,null
60040,910,2026-04-17,22:30:00,02:30:00,1,90,"Datos de prueba 2",turno2,02:30:00,02:45:00,null
60040,910,2026-04-16,22:30:00,02:30:00,1,90,"Datos de prueba 2",turno2,02:30:00,02:45:00,null
60040,910,2026-04-17,22:30:00,02:30:00,1,90,"Datos de prueba 2",turno2,02:30:00,02:45:00,null
60040,910,2026-04-18,22:30:00,02:30:00,1,90,"Datos de prueba 2",turno2,02:30:00,02:45:00,null
60040,910,2026-04-16,15:00:00,07:00:00,1,90,"Datos de prueba 2",turno1,07:00:00,07:15:00,null
60040,910,2026-04-17,15:00:00,07:00:00,1,90,"Datos de prueba 2",turno1,07:00:00,07:15:00,null
60044,910,2026-04-17,19:00:00,22:30:00,1,90,"Datos de prueba 2",turno3,22:30:00,22:45:00,null
60044,910,2026-04-17,19:00:00,22:30:00,1,90,"Datos de prueba 2",turno3,22:30:00,22:45:00,null
60044,910,2026-04-17,19:00:00,22:30:00,1,90,"Datos de prueba 2",turno3,22:30:00,22:45:00,null
60044,910,2026-04-17,15:00:00,09:00:00,1,90,"Datos de prueba 2",turno1,09:00:00,09:15:00,null
60044,910,2026-04-18,15:00:00,09:00:00,1,90,"Datos de prueba 2",turno1,09:00:00,09:15:00,null
60044,910,2026-04-18,17:00:00,11:00:00,1,90,"Datos de prueba 2",mixto1,11:00:00,11:15:00,null
60044,910,2026-04-18,17:00:00,06:00:00,1,90,"Datos de prueba 2",mixto1,06:00:00,06:15:00,null
60044,910,2026-04-18,17:00:00,06:00:00,1,90,"Datos de prueba 2",mixto1,06:00:00,06:15:00,null
60044,910,2026-04-16,17:00:00,18:00:00,1,90,"Datos de prueba 2",mixto1,18:00:00,18:15:00,null
60044,910,2026-04-16,17:00:00,18:00:00,1,90,"Datos de prueba 2",mixto1,18:00:00,18:15:00,null
60040,910,2026-04-17,15:00:00,07:00:00,1,90,"Datos de prueba 2",turno1,07:00:00,07:15:00,null
60040,910,2026-04-17,22:30:00,14:30:00,1,90,"Datos de prueba 2",turno2,14:30:00,14:45:00,null
60040,910,2026-04-16,15:00:00,07:00:00,1,90,"Datos de prueba 2",turno1,07:00:00,07:15:00,null
60040,910,2026-04-17,15:00:00,07:00:00,1,90,"Datos de prueba 2",turno1,07:00:00,07:15:00,null
60040,910,2026-04-17,15:00:00,07:00:00,1,90,"Datos de prueba 2",turno1,07:00:00,07:15:00,null
60040,910,2026-04-17,17:00:00,09:00:00,1,90,"Datos de prueba 2",mixto1,09:00:00,09:15:00,null
60040,910,2026-04-17,17:00:00,09:00:00,1,90,"Datos de prueba 2",mixto1,09:00:00,09:15:00,null
60040,910,2026-04-16,17:00:00,18:00:00,1,90,"Datos de prueba 2",mixto1,18:00:00,18:15:00,null
60040,910,2026-04-16,17:00:00,18:00:00,1,90,"Datos de prueba 2",mixto1,18:00:00,18:15:00,null
60040,910,2026-04-16,17:00:00,18:00:00,1,90,"Datos de prueba 2",mixto1,18:00:00,18:15:00,null
60040,910,2026-04-16,17:00:00,18:00:00,1,112,"Datos de prueba 2",mixto1,18:00:00,18:15:00,null
60040,910,2026-04-16,15:00:00,16:00:00,1,90,"Datos de prueba 2",turno1,16:00:00,16:15:00,null
60040,910,2026-04-16,17:00:00,18:00:00,1,90,"Datos de prueba 2",mixto1,18:00:00,18:15:00,null
60044,910,2026-04-16,17:00:00,18:00:00,1,90,"Datos de prueba 2",mixto1,18:00:00,18:15:00,null
60040,910,2026-04-15,17:00:00,19:00:00,1,90,"Datos de prueba 2",mixto1,19:00:00,19:15:00,null
60044,910,2026-04-16,17:00:00,18:00:00,2,111,"Datos de prueba 2",mixto1,18:00:00,18:15:00,null
60044,910,2026-04-16,17:00:00,18:00:00,2,111,"Datos de prueba 2",mixto1,18:00:00,18:15:00,null
60040,910,2026-04-16,17:00:00,18:00:00,1,90,"Datos de prueba 2",mixto1,18:00:00,18:15:00,null
60044,910,2026-04-16,15:00:00,21:00:00,4,90,"Datos de prueba 2",turno1,21:00:00,21:15:00,null
60044,910,2026-04-17,15:00:00,19:00:00,1,90,"Datos de prueba 2",turno1,19:00:00,19:15:00,null
60044,910,2026-04-16,19:00:00,22:30:00,1,90,"Datos de prueba 2",turno3,22:30:00,22:45:00,null
60044,910,2026-04-17,15:00:00,19:00:00,1,90,"Datos de prueba 2",turno1,19:00:00,19:15:00,null
60044,910,2026-04-16,15:00:00,19:00:00,1,90,"Datos de prueba 2",turno1,19:00:00,19:15:00,null
60044,910,2026-04-17,19:00:00,22:30:00,2,114,"Datos de prueba 2",turno3,22:30:00,22:45:00,null
60044,910,2026-04-17,15:00:00,21:00:00,1,90,"Datos de prueba 2",turno1,21:00:00,21:15:00,null
60044,910,2026-04-18,15:00:00,19:00:00,4,90,"Datos de prueba 2",turno1,19:00:00,19:15:00,null
60028,910,2026-04-16,17:00:00,18:00:00,1,65,"Datos de prueba 2",mixto1,18:00:00,18:15:00,null
60044,910,2026-04-16,15:00:00,21:00:00,1,65,"Datos de prueba 2",turno1,21:00:00,21:15:00,null
60044,910,2026-04-17,15:00:00,19:00:00,4,90,"Datos de prueba 2",turno1,19:00:00,19:15:00,null
60044,910,2026-04-16,15:00:00,21:00:00,4,65,"Datos de prueba 2",turno1,21:00:00,21:15:00,null
60044,910,2026-04-17,15:00:00,19:00:00,4,90,"Datos de prueba 2",turno1,19:00:00,19:15:00,null
60044,910,2026-04-16,15:00:00,07:00:00,1,90,"Datos de prueba 2",turno1,07:00:00,07:15:00,null
60044,910,2026-04-17,15:00:00,07:00:00,1,90,"Datos de prueba 2",turno1,07:00:00,07:15:00,null
60044,910,2026-04-16,15:00:00,21:00:00,1,90,"Datos de prueba 2",turno1,21:00:00,21:15:00,null
60044,910,2026-04-17,15:00:00,19:00:00,1,90,"Datos de prueba 2",turno1,19:00:00,19:15:00,null
60044,910,2026-04-16,15:00:00,21:00:00,1,90,"Datos de prueba 2",turno1,21:00:00,21:15:00,null
60044,910,2026-04-17,15:00:00,19:00:00,1,90,"Datos de prueba 2",turno1,19:00:00,19:15:00,null
60044,910,2026-04-16,15:00:00,19:00:00,1,90,"Datos de prueba 2",turno1,19:00:00,19:15:00,null
60044,910,2026-04-16,15:00:00,19:00:00,1,90,"Datos de prueba 2",turno1,19:00:00,19:15:00,null
60044,910,2026-04-16,15:00:00,21:00:00,1,90,"Datos de prueba 2",turno1,21:00:00,21:15:00,null
60044,910,2026-04-17,15:00:00,19:00:00,1,90,"Datos de prueba 2",turno1,19:00:00,19:15:00,null
60044,910,2026-04-16,15:00:00,19:00:00,1,90,"Datos de prueba 2",turno1,19:00:00,19:15:00,null
60044,910,2026-04-17,15:00:00,21:00:00,1,90,"Datos de prueba 2",turno1,21:00:00,21:15:00,null
60044,910,2026-04-16,15:00:00,07:00:00,1,90,"Datos de prueba 2",turno1,07:00:00,07:15:00,null
60044,910,2026-04-17,15:00:00,07:00:00,1,90,"Datos de prueba 2",turno1,07:00:00,07:15:00,null
60044,910,2026-04-16,15:00:00,07:00:00,1,90,"Datos de prueba 2",turno1,07:00:00,07:15:00,null
60044,910,2026-04-17,15:00:00,07:00:00,2,90,"Datos de prueba 2",turno1,07:00:00,07:15:00,null
60040,910,2026-04-17,17:00:00,19:00:00,1,90,"Datos de prueba 2",mixto1,19:00:00,19:15:00,null
60044,910,2026-04-16,15:00:00,21:00:00,1,90,"Datos de prueba 2",turno1,21:00:00,21:15:00,null
60044,910,2026-04-17,15:00:00,19:00:00,1,90,"Datos de prueba 2",turno1,19:00:00,19:15:00,null
60044,910,2026-04-17,15:00:00,21:00:00,1,90,"Datos de prueba 2",turno1,21:00:00,21:15:00,null
60044,910,2026-04-18,15:00:00,19:00:00,1,90,"Datos de prueba 2",turno1,19:00:00,19:15:00,null
60044,910,2026-04-17,15:00:00,07:00:00,2,90,"Datos de prueba 2",turno1,07:00:00,07:15:00,null
60044,910,2026-04-18,15:00:00,07:00:00,3,90,"Datos de prueba 2",turno1,07:00:00,07:15:00,null
60044,910,2026-04-17,15:00:00,07:00:00,1,80,"Datos de prueba 2",turno1,07:00:00,07:15:00,null
60044,910,2026-04-18,15:00:00,07:00:00,3,75,"Datos de prueba 2",turno1,07:00:00,07:15:00,null
60044,910,2026-04-18,15:00:00,07:00:00,3,75,"Datos de prueba 2",turno1,07:00:00,07:15:00,null
60044,910,2026-04-18,15:00:00,07:00:00,3,75,"Datos de prueba 2",turno1,07:00:00,07:15:00,null
60044,910,2026-04-18,15:00:00,07:00:00,3,75,"Datos de prueba 2",turno1,07:00:00,07:15:00,null
60044,910,2026-04-18,15:00:00,07:00:00,3,75,"Datos de prueba 2",turno1,07:00:00,07:15:00,null
60044,910,2026-04-17,15:00:00,21:00:00,1,90,"Datos de prueba 2",turno1,21:00:00,21:15:00,null
60044,910,2026-04-18,15:00:00,19:00:00,4,90,"Datos de prueba 2",turno1,19:00:00,19:15:00,null
60044,910,2026-04-18,15:00:00,21:00:00,1,90,"Datos de prueba 2",turno1,21:00:00,21:15:00,null
60044,910,2026-04-18,15:00:00,15:00:00,1,90,"Datos de prueba 2",turno1,15:00:00,15:15:00,null
60044,910,2026-04-17,15:00:00,19:00:00,1,73,"Datos de prueba 2",turno1,19:00:00,19:15:00,null
60044,910,2026-04-17,19:00:00,22:30:00,1,90,"Datos de prueba 2",turno3,22:30:00,22:45:00,null
60044,910,2026-04-17,17:00:00,18:00:00,1,90,"Datos de prueba 2",mixto1,18:00:00,18:15:00,null
60044,910,2026-04-17,17:00:00,18:00:00,1,90,"Datos de prueba 2",mixto1,18:00:00,18:15:00,null
60044,910,2026-04-17,17:00:00,18:00:00,1,90,"Datos de prueba 2",mixto1,18:00:00,18:15:00,null
60044,910,2026-04-17,15:00:00,21:00:00,1,90,"Datos de prueba 2",turno1,21:00:00,21:15:00,null
60044,910,2026-04-18,19:00:00,22:30:00,1,90,"Datos de prueba 2",turno3,22:30:00,22:45:00,null
60044,910,2026-04-17,07:00:00,08:00:00,2,90,"Datos de prueba 2",turno3,08:00:00,08:15:00,null
60044,910,2026-04-18,22:30:00,00:30:00,1,90,"Datos de prueba 2",turno2,00:30:00,00:45:00,null
60044,910,2026-04-17,22:30:00,23:30:00,1,90,"Datos de prueba 2",turno2,23:30:00,23:45:00,null
60044,910,2026-04-18,22:30:00,00:30:00,2,90,"Datos de prueba 2",turno2,00:30:00,00:45:00,null
60044,910,2026-04-17,07:00:00,09:00:00,1,90,"Datos de prueba 2",turno3,09:00:00,09:15:00,null
60044,910,2026-04-18,22:30:00,23:30:00,1,90,"Datos de prueba 2",turno2,23:30:00,23:45:00,null
60044,910,2026-04-18,22:30:00,00:30:00,2,90,"Datos de prueba 2",turno2,00:30:00,00:45:00,null
60040,910,2026-04-17,17:00:00,18:00:00,4,110,"Datos de prueba 2",mixto1,18:00:00,18:15:00,null
60040,910,2026-04-17,22:30:00,01:30:00,4,110,"Datos de prueba 2",turno2,01:30:00,01:45:00,null
60040,910,2026-04-17,22:30:00,01:30:00,4,110,"Datos de prueba 2",turno2,01:30:00,01:45:00,null
60040,910,2026-04-17,22:30:00,01:30:00,4,110,"Datos de prueba 2",turno2,01:30:00,01:45:00,null
60040,910,2026-04-17,22:30:00,01:30:00,4,110,"Datos de prueba 2",turno2,01:30:00,01:45:00,null
60040,910,2026-04-17,22:30:00,01:30:00,4,110,"Datos de prueba 2",turno2,01:30:00,01:45:00,null
60040,910,2026-04-17,22:30:00,00:30:00,2,90,"Datos de prueba 2",turno2,00:30:00,00:45:00,null
60040,910,2026-04-18,15:00:00,17:00:00,1,113,"Datos de prueba 2",turno1,17:00:00,17:15:00,null
60040,910,2026-04-17,22:30:00,00:30:00,1,90,"Datos de prueba 2",turno2,00:30:00,00:45:00,null
60040,910,2026-04-18,15:00:00,16:00:00,1,111,"Datos de prueba 2",turno1,16:00:00,16:15:00,null
60040,910,2026-04-17,22:30:00,00:30:00,1,90,"Datos de prueba 2",turno2,00:30:00,00:45:00,null
60040,910,2026-04-18,15:00:00,16:00:00,3,64,"Datos de prueba 2",turno1,16:00:00,16:15:00,null
60040,910,2026-04-17,07:00:00,09:00:00,1,109,"Datos de prueba 2",turno3,09:00:00,09:15:00,null
60040,910,2026-04-18,22:30:00,23:30:00,1,90,"Datos de prueba 2",turno2,23:30:00,23:45:00,null
60040,910,2026-04-17,22:30:00,00:30:00,1,79,"Datos de prueba 2",turno2,00:30:00,00:45:00,null
60040,910,2026-04-17,22:30:00,00:30:00,1,79,"Datos de prueba 2",turno2,00:30:00,00:45:00,null
60040,910,2026-04-17,22:30:00,00:30:00,1,79,"Datos de prueba 2",turno2,00:30:00,00:45:00,null
60040,910,2026-04-18,15:00:00,16:00:00,2,79,"Datos de prueba 2",turno1,16:00:00,16:15:00,null
60044,910,2026-04-17,22:30:00,00:30:00,1,106,"Datos de prueba 2",turno2,00:30:00,00:45:00,null
60044,910,2026-04-17,22:30:00,00:30:00,1,106,"Datos de prueba 2",turno2,00:30:00,00:45:00,null
60044,910,2026-04-18,15:00:00,17:00:00,1,104,"Datos de prueba 2",turno1,17:00:00,17:15:00,null
60044,910,2026-04-18,15:00:00,20:00:00,1,104,"Datos de prueba 2",turno1,20:00:00,20:15:00,null
60044,910,2026-04-18,17:00:00,22:00:00,1,104,"Datos de prueba 2",mixto1,22:00:00,22:15:00,null
60040,910,2026-04-17,17:00:00,20:00:00,2,79,"Datos de prueba 2",mixto1,20:00:00,20:15:00,null
60044,910,2026-04-17,15:00:00,18:00:00,2,79,"Datos de prueba 2",turno1,18:00:00,18:15:00,null
60044,910,2026-04-18,15:00:00,16:00:00,1,81,"Datos de prueba 2",turno1,16:00:00,16:15:00,null
60044,910,2026-04-18,15:00:00,16:00:00,1,81,"Datos de prueba 2",turno1,16:00:00,16:15:00,null
60028,910,2026-04-17,19:00:00,22:30:00,2,90,"Datos de prueba 2",turno3,22:30:00,22:45:00,null
60026,910,2026-04-18,22:30:00,23:30:00,1,114,"Datos de prueba 2",turno2,23:30:00,23:45:00,null
60028,910,2026-04-18,22:30:00,23:30:00,1,113,"Datos de prueba 2",turno2,23:30:00,23:45:00,null
60028,910,2026-04-17,19:00:00,22:30:00,1,78,"Datos de prueba 2",turno3,22:30:00,22:45:00,null
60028,910,2026-04-18,22:30:00,23:30:00,1,81,"Datos de prueba 2",turno2,23:30:00,23:45:00,null
60028,910,2026-04-17,19:00:00,22:30:00,1,108,"Datos de prueba 2",turno3,22:30:00,22:45:00,null
60028,910,2026-04-18,22:30:00,23:30:00,1,111,"Datos de prueba 2",turno2,23:30:00,23:45:00,null
60028,910,2026-04-18,22:30:00,23:30:00,2,108,"Datos de prueba 2",turno2,23:30:00,23:45:00,null
41118,910,2026-04-18,19:00:00,22:30:00,2,109,"Datos de prueba 2",turno3,22:30:00,22:45:00,null
60040,913,2026-04-21,22:30:00,04:30:00,10,63,,turno2,04:30:00,04:45:00,null
60040,913,2026-04-21,22:30:00,04:30:00,10,110,"Datos de prueba 2",turno2,04:30:00,04:45:00,null
60040,913,2026-04-22,11:30:00,15:00:00,10,80,"Datos de prueba 2",turno2,11:30:00,15:15:00,null
60040,913,2026-04-22,22:30:00,04:30:00,10,111,"Datos de prueba 2",turno2,04:30:00,04:45:00,null
60040,913,2026-04-22,11:30:00,15:00:00,10,111,"Datos de prueba 2",turno2,11:30:00,15:15:00,null
60040,913,2026-04-22,22:30:00,04:30:00,10,80,"Datos de prueba 2",turno2,04:30:00,04:45:00,null
60040,913,2026-04-22,22:30:00,04:30:00,10,112,"Datos de prueba 2",turno2,04:30:00,04:45:00,null
60040,913,2026-04-22,22:30:00,04:30:00,12,111,"Datos de prueba 2",turno2,04:30:00,04:45:00,null
60040,913,2026-04-22,22:30:00,02:30:00,3,110,"Datos de prueba 2",turno2,02:30:00,02:45:00,null
60040,913,2026-04-22,22:30:00,04:30:00,10,109,"Datos de prueba 2",turno2,04:30:00,04:45:00,null
60040,913,2026-04-22,07:00:00,13:00:00,10,109,"Datos de prueba 2",turno3,13:00:00,13:15:00,null
60040,913,2026-04-22,01:00:00,04:00:00,8,108,"Datos de prueba 2",,,,null
60040,913,2026-04-23,15:00:00,,1,79,"Datos de prueba 2",turno1,NaN:NaN:00,NaN:NaN:00,null
60040,914,2026-04-29,17:00:00,18:00:00,1,90,"Datos de prueba 2",mixto1,18:00:00,18:15:00,null
60040,914,2026-04-29,17:00:00,18:00:00,1,90,"Datos de prueba 2",mixto1,18:00:00,18:15:00,null
60040,914,2026-04-21,15:00:00,16:00:00,1,90,"Datos de prueba 2",turno1,16:00:00,16:15:00,null
60040,914,2026-04-24,15:00:00,16:00:00,1,90,"Datos de prueba 2",turno1,16:00:00,16:15:00,null
60040,886,2026-03-18,15:00:00,16:00:00,1,90,"Datos de prueba 2",turno1,16:00:00,16:15:00,null
60040,886,2026-03-11,15:00:00,16:00:00,1,90,"Datos de prueba 2",turno1,16:00:00,16:15:00,null
60040,914,2026-04-30,15:00:00,19:00:00,1,90,"Datos de prueba 2",turno1,19:00:00,19:15:00,null
60040,914,2026-05-04,,,1,90,"Datos de prueba 2",,,,null
60040,914,2026-05-04,15:00:00,19:00:00,1,90,"Datos de prueba 2",turno1,19:00:00,19:15:00,null
60040,914,2026-05-05,18:30:00,21:30:00,4,90,"Datos de prueba 2",mixto2,21:30:00,21:45:00,null
60040,921,2026-05-04,17:00:00,18:00:00,10,90,"Datos de prueba 2",mixto4,18:00:00,18:15:00,null
60044,921,2026-04-29,17:00:00,19:00:00,5,81,"Datos de prueba 2",mixto4,19:00:00,19:15:00,null
60040,922,2026-05-08,,,1,90,"Datos de prueba 2",,,,null
60040,922,2026-05-04,18:30:00,19:30:00,2,90,"Datos de prueba 2",mixto2,19:30:00,19:45:00,null
51947,925,2026-05-06,17:00:00,18:00:00,1,90,"Datos de prueba 2",mixto4,18:00:00,18:15:00,null
60040,921,2026-04-29,01:00:00,04:00:00,8,90,"Datos de prueba 2",,,,null
60040,921,2026-05-01,01:00:00,04:00:00,8,90,"Datos de prueba 2",,,,null
60040,921,2026-04-30,01:00:00,04:00:00,8,90,"Datos de prueba 2",,,,null
60044,1,2026-05-07,15:00:00,22:30:00,10,82,"Datos de prueba 2",turno2,22:30:00,22:45:00,
28143,5,2026-04-27,07:00:00,15:00:00,10,63,"Datos de prueba 2",turno1,15:00:00,15:15:00,
27749,6,2026-05-01,22:30:00,07:00:00,12,90,"Datos de prueba 2",turno3,07:00:00,07:15:00,
27749,6,2026-05-01,08:30:00,18:30:00,12,90,"Datos de prueba 2",mixto2,18:30:00,18:45:00,
45510,6,2026-05-01,07:00:00,15:00:00,12,90,"Datos de prueba 2",turno1,15:00:00,15:15:00,
51851,6,2026-05-01,15:00:00,22:30:00,12,90,"Datos de prueba 2",turno2,22:30:00,22:45:00,
58424,6,2026-05-01,08:30:00,18:30:00,12,90,"Datos de prueba 2",mixto2,18:30:00,18:45:00,
60300,6,2026-05-01,08:30:00,18:30:00,12,90,"Datos de prueba 2",mixto2,18:30:00,18:45:00,
59939,6,2026-05-01,07:00:00,15:00:00,12,90,"Datos de prueba 2",turno1,15:00:00,15:15:00,
28017,6,2026-05-01,22:30:00,07:00:00,12,90,"Datos de prueba 2",turno3,07:00:00,07:15:00,
28143,5,2026-04-27,07:00:00,15:00:00,10,63,"Datos de prueba 2",turno1,15:00:00,15:15:00,
59697,6,2026-04-30,01:00:00,04:00:00,8,90,"Datos de prueba 2",,,,
58424,6,2026-05-01,08:30:00,18:30:00,12,90,"Datos de prueba 2",mixto2,18:30:00,18:45:00,
35025,15,2026-05-15,07:00:00,08:00:00,7,90,"Datos de prueba 2",turno3,08:00:00,08:15:00,
59936,15,2026-05-11,17:00:00,19:00:00,7,90,"Datos de prueba 2",mixto1,19:00:00,19:15:00,
59936,15,2026-05-11,17:00:00,19:00:00,7,90,"Datos de prueba 2",mixto1,19:00:00,19:15:00,
59609,15,2026-05-16,14:00:00,15:00:00,7,90,Anticipo,turno2,15:00:00,15:15:00,
32660,15,2026-05-15,14:00:00,15:00:00,7,90,Anticipo,turno2,15:00:00,15:15:00,
46472,22,2026-05-17,15:00:00,22:00:00,7,90,"Datos de prueba 2",turno1,22:00:00,22:15:00,
46472,22,2026-05-17,15:00:00,22:00:00,7,90,"Datos de prueba 2",turno1,22:00:00,22:15:00,
46472,22,2026-05-17,18:30:00,01:30:00,7,90,"Datos de prueba 2",mixto2,01:30:00,01:45:00,
46472,22,2026-05-17,17:00:00,00:00:00,7,90,"Datos de prueba 2",mixto1,00:00:00,00:15:00,
57647,23,2026-05-18,15:00:00,17:00:00,7,90,Devoluciones,turno1,17:00:00,17:15:00,
59703,24,2026-05-20,22:30:00,02:00:00,1,90,vacaciones,turno2,02:00:00,02:15:00,
49208,25,2026-05-21,15:00:00,19:00:00,1,82,vacaciones,turno1,19:00:00,19:15:00,
49208,25,2026-05-22,15:00:00,19:00:00,1,82,vacaciones,turno1,19:00:00,19:15:00,
57647,26,2026-05-11,15:00:00,17:00:00,7,90,"Cubrir Montacarguista",turno1,17:00:00,17:15:00,
57647,26,2026-05-18,15:00:00,17:00:00,7,90,"Cubrir Montacarguista",turno1,17:00:00,17:15:00,
57647,26,2026-05-19,15:00:00,18:30:00,7,90,Devoluciones,turno1,18:30:00,18:45:00,
57647,26,2026-05-20,15:00:00,16:00:00,7,90,"Cubrir Montacarguista",turno1,16:00:00,16:15:00,
51253,26,2026-05-23,15:00:00,19:00:00,7,90,"Cubrir Montacarguista",turno1,19:00:00,19:15:00,
56188,26,2026-05-18,15:00:00,18:00:00,7,90,Devoluciones,turno1,18:00:00,18:15:00,
56188,26,2026-05-19,15:00:00,19:00:00,7,90,"Cubrir Montacarguista",turno1,19:00:00,19:15:00,
56188,26,2026-05-20,15:00:00,17:00:00,7,90,"Cubrir Montacarguista",turno1,17:00:00,17:15:00,
56189,26,2026-05-18,22:30:00,23:30:00,7,90,Devoluciones,turno2,23:30:00,23:45:00,
56189,26,2026-05-21,15:00:00,19:00:00,7,90,"Cubrir Montacarguista",turno1,19:00:00,19:15:00,
38325,26,2026-05-20,15:00:00,17:00:00,7,90,"Cubrir Montacarguista",turno1,17:00:00,17:15:00,
38325,26,2026-05-21,15:00:00,17:00:00,7,90,"Cubrir Montacarguista",turno1,17:00:00,17:15:00,
50707,26,2026-05-22,15:00:00,20:00:00,7,90,"Cubrir Montacarguista",turno1,20:00:00,20:15:00,
51253,26,2026-05-19,15:00:00,18:00:00,7,90,Devoluciones,turno1,18:00:00,18:15:00,
27982,26,2026-05-18,15:00:00,19:30:00,7,90,"Cubrir Montacarguista",turno1,19:30:00,19:45:00,
27982,26,2026-05-19,15:00:00,19:30:00,7,90,"Cubrir Montacarguista",turno1,19:30:00,19:45:00,
59694,26,2026-05-18,15:00:00,19:30:00,7,90,"Cubrir Montacarguista",turno1,19:30:00,19:45:00,
60027,26,2026-05-21,15:00:00,19:00:00,7,90,"Cubrir Montacarguista",turno1,19:00:00,19:15:00,
27866,26,2026-05-18,15:00:00,19:00:00,7,90,"Cubrir Montacarguista",turno1,19:00:00,19:15:00,
27866,26,2026-05-20,15:00:00,17:00:00,7,90,"Cubrir Montacarguista",turno1,17:00:00,17:15:00,
27866,26,2026-05-22,15:00:00,18:00:00,7,90,"Cubrir Montacarguista",turno1,18:00:00,18:15:00,
49821,26,2026-05-18,15:00:00,19:00:00,7,90,"Cubrir Montacarguista",turno1,19:00:00,19:15:00,
49821,26,2026-05-20,15:00:00,17:00:00,7,90,"Cubrir Montacarguista",turno1,17:00:00,17:15:00,
49821,26,2026-05-22,15:00:00,18:00:00,7,90,"Cubrir Montacarguista",turno1,18:00:00,18:15:00,
49821,26,2026-05-21,15:00:00,18:00:00,7,90,"Apoyo en Mermas",turno1,18:00:00,18:15:00,
27635,26,2026-05-19,15:00:00,19:00:00,7,90,"Apoyo en Mermas",turno1,19:00:00,19:15:00,
27635,26,2026-05-20,15:00:00,19:00:00,7,90,"Apoyo en Mermas",turno1,19:00:00,19:15:00,
58953,26,2026-05-20,15:00:00,19:00:00,7,90,"Apoyo en Mermas",turno1,19:00:00,19:15:00,
40827,26,2026-05-20,15:00:00,18:00:00,7,90,"Cubrir Montacarguista",turno1,18:00:00,18:15:00,
40827,26,2026-05-22,15:00:00,20:00:00,7,90,"Cubrir Montacarguista",turno1,20:00:00,20:15:00,
40827,26,2026-05-23,15:00:00,16:00:00,7,90,"Cubrir Montacarguista",turno1,16:00:00,16:15:00,
38264,26,2026-05-22,22:30:00,02:30:00,7,90,"Apoyo en Mermas",turno2,02:30:00,02:45:00,
57577,26,2026-05-20,15:00:00,17:30:00,7,90,Devoluciones,turno1,17:30:00,17:45:00,
57577,26,2026-05-21,15:00:00,18:30:00,7,90,Devoluciones,turno1,18:30:00,18:45:00,
57647,26,2026-05-23,15:00:00,18:30:00,7,90,"Cubrir Montacarguista",turno1,18:30:00,18:45:00,
56189,26,2026-05-23,07:00:00,10:30:00,7,90,"Cubrir Montacarguista",turno3,10:30:00,10:45:00,
54495,27,2026-05-18,16:30:00,17:30:00,7,90,Devoluciones,mixto3,17:30:00,17:45:00,
54495,27,2026-05-19,16:30:00,17:30:00,7,90,"Revision de Metricas",mixto3,17:30:00,17:45:00,
54495,27,2026-05-20,16:30:00,17:30:00,7,90,Inspecciones,mixto3,17:30:00,17:45:00,
54495,27,2026-05-21,16:30:00,18:30:00,7,90,Inspecciones,mixto3,18:30:00,18:45:00,
59936,27,2026-05-21,16:30:00,17:30:00,7,90,"Captura de Facturas",mixto3,17:30:00,17:45:00,
59936,27,2026-05-22,16:30:00,17:30:00,7,90,"Captura de Facturas",mixto3,17:30:00,17:45:00,
55504,27,2026-05-20,16:30:00,17:30:00,7,90,Devoluciones,mixto3,17:30:00,17:45:00,
55504,27,2026-05-21,16:30:00,17:30:00,7,90,Devoluciones,mixto3,17:30:00,17:45:00,
55504,27,2026-05-22,16:30:00,17:30:00,7,90,Devoluciones,mixto3,17:30:00,17:45:00,
27777,27,2026-05-20,18:30:00,19:30:00,7,90,"Trabajos Extraordinarios",mixto2,19:30:00,19:45:00,
27777,27,2026-05-22,18:30:00,19:30:00,7,90,"Trabajos Extraordinarios",mixto2,19:30:00,19:45:00,
27777,27,2026-05-23,15:00:00,20:00:00,7,90,"Trabajos Extraordinarios",turno1,20:00:00,20:15:00,
32660,27,2026-05-18,15:00:00,18:30:00,7,90,"Trabajos Extraordinarios",turno1,18:30:00,18:45:00,
32660,27,2026-05-20,15:00:00,17:00:00,7,90,"Trabajos Extraordinarios",turno1,17:00:00,17:15:00,
32660,27,2026-05-23,15:00:00,21:30:00,7,90,"Trabajos Extraordinarios",turno1,21:30:00,21:45:00,
32660,27,2026-05-19,15:00:00,18:30:00,7,90,"Trabajos Extraordinarios",turno1,18:30:00,18:45:00,
56189,28,2026-05-21,01:00:00,04:00:00,8,90,"Reducción de Descanso",,,,
56189,28,2026-05-24,,,8,90,"Reducción de Descanso",,,,
50814,28,2026-05-22,,,8,90,"Reduccion de horario",turno1,20:00:00,20:15:00,
59609,27,2026-05-24,15:00:00,20:00:00,7,90,"Trabajos extraordinarios",turno1,20:00:00,20:15:00,
50156,27,2026-05-24,15:00:00,20:00:00,7,90,"Trabajos extraordinarios",turno1,20:00:00,20:15:00,
52530,27,2026-05-23,10:30:00,22:30:00,7,90,"Trabajos extraordinarios",turno3,22:30:00,22:45:00,
52530,27,2026-05-24,10:30:00,22:30:00,7,90,"Trabajos extraordinarios",turno3,22:30:00,22:45:00,
27777,27,2026-05-23,18:30:00,23:30:00,7,90,Doblete,mixto2,23:30:00,23:45:00,
52530,27,2026-05-23,19:00:00,22:30:00,7,90,Anticipo,turno3,22:30:00,22:45:00,
52530,27,2026-05-24,19:00:00,22:30:00,7,90,Anticipo,turno3,22:30:00,22:45:00,
54495,27,2026-05-18,17:00:00,18:00:00,7,90,Inspecciones,mixto1,18:00:00,18:15:00,
54495,27,2026-05-19,17:00:00,18:00:00,7,90,Inspecciones,mixto1,18:00:00,18:15:00,
54495,27,2026-05-20,17:00:00,18:00:00,7,90,Inspecciones,mixto1,18:00:00,18:15:00,
54495,27,2026-05-21,17:00:00,19:00:00,7,90,Devoluciones,mixto1,19:00:00,19:15:00,
59936,27,2026-05-21,17:00:00,18:00:00,7,90,"Capturar facturas",mixto1,18:00:00,18:15:00,
59936,27,2026-05-20,17:00:00,18:00:00,7,90,"Capturar facturas",mixto1,18:00:00,18:15:00,
55504,27,2026-05-20,17:00:00,18:00:00,7,90,Devoluciones,mixto1,18:00:00,18:15:00,
55504,27,2026-05-21,17:00:00,18:00:00,7,90,Devoluciones,mixto1,18:00:00,18:15:00,
55504,27,2026-05-22,17:00:00,18:00:00,7,90,Devoluciones,mixto1,18:00:00,18:15:00,
38264,26,2026-05-22,11:00:00,15:00:00,7,90,Anticipo,turno2,15:00:00,15:15:00,
56189,26,2026-05-18,07:00:00,08:00:00,7,90,Devoluciones,turno3,08:00:00,08:15:00,
57647,26,2026-05-23,15:00:00,18:30:00,7,90,"Cubrir montacarguista",turno1,18:30:00,18:45:00,
59579,26,2026-05-23,15:00:00,19:00:00,7,90,"Cubrir montacarguista",turno1,19:00:00,19:15:00,
56190,26,2026-05-22,19:00:00,22:30:00,7,90,Anticipo,turno3,22:30:00,22:45:00,
56190,26,2026-05-24,15:00:00,19:00:00,7,90,"Cubrir montacarguista",turno1,19:00:00,19:15:00,
55504,27,2026-05-22,17:00:00,18:00:00,1,90,"Cubrir montacarguista",mixto1,18:00:00,18:15:00,
59936,27,2026-05-22,17:00:00,18:00:00,7,90,"Capturar facturas",mixto1,18:00:00,18:15:00,
55504,27,2026-05-22,17:00:00,18:00:00,7,90,Devoluciones,mixto1,18:00:00,18:15:00,
56189,28,2026-05-24,,,8,90,Reduccion,,,,
56189,28,2026-05-24,10:00:00,15:00:00,8,90,Anticipo,turno2,15:00:00,15:15:00,
50814,28,2026-05-22,01:00:00,04:00:00,8,90,Anticipo,turno2,15:00:00,15:15:00,
50814,28,2026-05-22,,,8,90,Anticipo,turno2,15:00:00,15:15:00,
50814,28,2026-05-22,10:00:00,15:00:00,8,90,Anticipo,turno2,15:00:00,15:15:00,
56189,26,2026-05-23,19:00:00,22:30:00,7,90,Anticipo,turno3,22:30:00,22:45:00,
57647,26,2026-05-23,15:00:00,18:30:00,7,90,"Cubrir montacarguista",turno1,18:30:00,18:45:00,
50814,28,2026-05-22,,,8,90,"Reduccion de descanso",turno1,18:30:00,18:45:00,
56190,26,2026-05-22,10:30:00,22:30:00,7,90,Anticipo,turno3,22:30:00,22:45:00,
56190,29,2026-05-22,07:00:00,10:30:00,7,90,...,turno3,10:30:00,10:45:00,
56190,26,2026-05-22,19:00:00,22:30:00,7,90,Anticipo,turno3,22:30:00,22:45:00,
28082,30,2026-05-18,10:30:00,22:30:00,1,90,Anticipo,turno3,22:30:00,22:45:00,
56189,28,2026-05-24,,,8,90,"Reducción de descanso",,,,
56189,28,2026-05-24,,,8,90,"Reduccion de descanso",,,,
56189,29,2026-05-24,01:00:00,04:00:00,8,90,..,,,,
56189,29,2026-05-24,01:00:00,04:00:00,8,90,..,,,,
56189,28,2026-05-24,,,8,90,"Cubrir a 12 horas",,,,
56189,29,2026-05-24,,,8,90,...,,,,
56189,29,2026-05-24,01:00:00,06:00:00,8,90,..,,,,
60040,31,2026-05-26,01:00:00,06:00:00,8,90,"Datos de prueba 2",,,,
56189,28,2026-05-24,,,8,90,REDUCCIÓN,,,,
60040,31,2026-05-26,01:00:00,06:00:00,8,90,"Datos de prueba 2",,,,
59276,32,2026-05-25,15:00:00,18:00:00,7,90,"Cubrir montacarguista",turno1,18:00:00,18:15:00,
59609,33,2026-05-25,15:00:00,19:30:00,7,90,"Cubrir vacaciones",turno1,19:30:00,19:45:00,
52530,33,2026-05-25,19:30:00,22:30:00,7,90,Anticipo,turno3,22:30:00,22:45:00,
28182,34,2026-06-01,13:00:00,15:00:00,7,90,Anticipo,turno2,15:00:00,15:15:00,
28182,34,2026-06-05,10:30:00,22:30:00,7,90,...,turno3,22:30:00,22:45:00,
60040,33,2026-05-21,22:30:00,23:30:00,3,90,"Datos de prueba 2",turno2,23:30:00,23:45:00,
28262,37,2026-05-24,14:00:00,22:30:00,7,90,Anticipo,turno3,22:30:00,22:45:00,
28262,41,2026-05-24,22:30:00,07:00:00,7,90,Anticipo,mixto3,07:00:00,07:15:00,
56189,32,2026-05-25,22:30:00,03:00:00,7,90,"Cubrir Montacarguista",turno2,03:00:00,03:15:00,
56189,32,2026-05-28,15:00:00,19:30:00,7,90,"Cubrir Montacarguista",turno1,19:30:00,19:45:00,
59552,32,2026-05-19,15:00:00,16:30:00,7,90,"Cubrir Montacarguista",turno1,16:30:00,16:45:00,
59552,32,2026-05-29,15:00:00,21:00:00,7,90,"Cubrir Montacarguista",turno1,21:00:00,21:15:00,
40827,32,2026-05-25,15:00:00,19:00:00,7,90,"Preparacion de Inventario",turno1,19:00:00,19:15:00,
40827,32,2026-05-28,15:00:00,20:00:00,7,90,Inventario,turno1,20:00:00,20:15:00,
49821,32,2026-05-25,15:00:00,18:00:00,7,90,"Apoyo en Mermas",turno1,18:00:00,18:15:00,
49821,32,2026-05-26,15:00:00,17:00:00,7,90,"Apoyo en Mermas",turno1,17:00:00,17:15:00,
49821,32,2026-05-27,15:00:00,17:00:00,7,90,"Apoyo en Mermas",turno1,17:00:00,17:15:00,
27866,32,2026-05-25,15:00:00,18:00:00,7,90,"Apoyo en Mermas",turno1,18:00:00,18:15:00,
27866,32,2026-05-26,15:00:00,17:00:00,7,90,"Apoyo en Mermas",turno1,17:00:00,17:15:00,
27866,32,2026-05-27,15:00:00,17:00:00,7,90,"Apoyo en Mermas",turno1,17:00:00,17:15:00,
27866,32,2026-05-28,15:00:00,17:00:00,7,90,"Apoyo en Mermas",turno1,17:00:00,17:15:00,
52390,32,2026-05-25,15:00:00,18:30:00,7,90,"Apoyo en Mermas",turno1,18:30:00,18:45:00,
52390,32,2026-05-27,15:00:00,19:00:00,7,90,"Apoyo en Mermas",turno1,19:00:00,19:15:00,
60501,32,2026-05-29,15:00:00,21:00:00,7,90,"Cubrir Montacarguista",turno1,21:00:00,21:15:00,
59694,32,2026-05-25,15:00:00,20:00:00,7,90,"Cubrir Montacarguista",turno1,20:00:00,20:15:00,
59694,32,2026-05-26,15:00:00,18:00:00,7,90,"Cubrir Montacarguista",turno1,18:00:00,18:15:00,
59694,32,2026-05-27,15:00:00,16:00:00,7,90,"Cubrir Montacarguista",turno1,16:00:00,16:15:00,
27982,32,2026-05-25,15:00:00,20:00:00,7,90,"Cubrir Montacarguista",turno1,20:00:00,20:15:00,
27982,32,2026-05-26,15:00:00,18:00:00,7,90,"Cubrir Montacarguista",turno1,18:00:00,18:15:00,
27982,32,2026-05-27,15:00:00,16:00:00,7,90,"Cubrir Montacarguista",turno1,16:00:00,16:15:00,
57647,32,2026-05-27,07:00:00,08:00:00,7,90,"Cubrir Montacarguista",turno3,08:00:00,08:15:00,
57647,32,2026-05-28,07:00:00,08:30:00,7,90,"Cubrir Montacarguista",turno3,08:30:00,08:45:00,
57647,32,2026-05-29,07:00:00,08:00:00,7,90,"Cubrir Montacarguista",turno3,08:00:00,08:15:00,
58092,32,2026-05-30,15:00:00,18:30:00,7,90,"Cubrir Montacarguista",turno1,18:30:00,18:45:00,
50707,32,2026-05-25,15:00:00,19:00:00,7,90,"Cubrir Montacarguista",turno1,19:00:00,19:15:00,
50707,32,2026-05-28,15:00:00,20:00:00,7,90,Inventario,turno1,20:00:00,20:15:00,
60027,32,2026-05-31,15:00:00,20:00:00,7,90,"Cubrir Montacarguista",turno1,20:00:00,20:15:00,
59609,33,2026-05-25,15:00:00,20:50:00,7,90,"Cubrir Vacaciones",turno1,20:50:00,21:05:00,
59609,33,2026-05-27,15:00:00,16:30:00,7,90,Inspecciones,turno1,16:30:00,16:45:00,
59609,33,2026-05-26,15:00:00,20:30:00,7,90,"Cubrir Vacaciones",turno1,20:30:00,20:45:00,
59609,33,2026-05-28,15:00:00,16:00:00,7,90,Inspecciones,turno1,16:00:00,16:15:00,
59609,33,2026-05-29,15:00:00,16:00:00,7,90,"Trabajos Extraordinarios",turno1,16:00:00,16:15:00,
52530,33,2026-05-27,15:00:00,16:30:00,7,90,"Trabajos Extraordinarios",turno1,16:30:00,16:45:00,
52530,33,2026-05-28,15:00:00,17:00:00,7,90,"Trabajos Extraordinarios",turno1,17:00:00,17:15:00,
50156,33,2026-05-25,15:00:00,16:00:00,7,90,"Trabajos Extraordinarios",turno1,16:00:00,16:15:00,
57647,32,2026-05-31,07:00:00,11:30:00,7,90,"Cubrir Montacarguista",turno3,11:30:00,11:45:00,
49821,32,2026-05-29,15:00:00,17:00:00,7,90,"Apoyo en Mermas",turno1,17:00:00,17:15:00,
52530,33,2026-05-25,07:00:00,10:00:00,7,90,"Cubrir Vacaciones",turno3,10:00:00,10:15:00,
52530,33,2026-05-27,22:30:00,00:00:00,7,90,Inspecciones,turno2,00:00:00,00:15:00,
52530,33,2026-05-28,22:30:00,00:30:00,7,90,"Trabajos Extraordinarios",turno2,00:30:00,00:45:00,
50156,33,2026-05-26,15:00:00,19:00:00,7,90,Requerimientos,turno1,19:00:00,19:15:00,
50156,33,2026-05-27,15:00:00,16:00:00,7,90,"Trabajos Extraordinarios",turno1,16:00:00,16:15:00,
50156,33,2026-05-28,15:00:00,21:30:00,7,90,Requerimientos,turno1,21:30:00,21:45:00,
50156,33,2026-05-30,15:00:00,18:00:00,7,90,Requerimientos,turno1,18:00:00,18:15:00,
52530,33,2026-05-31,15:00:00,19:00:00,7,90,"Cubrir Vacaciones",turno1,19:00:00,19:15:00,
27777,33,2026-05-28,17:00:00,23:30:00,7,90,Inventario,mixto1,23:30:00,23:45:00,
32660,33,2026-05-26,07:00:00,09:00:00,7,90,"Cubrir Vacaciones",turno3,09:00:00,09:15:00,
32660,33,2026-05-27,07:00:00,08:00:00,7,90,"Trabajos Extraordinarios",turno3,08:00:00,08:15:00,
32660,33,2026-05-28,07:00:00,08:30:00,7,90,"Trabajos Extraordinarios",turno3,08:30:00,08:45:00,
32660,33,2026-05-29,07:00:00,08:00:00,7,90,"Trabajos Extraordinarios",turno3,08:00:00,08:15:00,
32660,33,2026-05-31,07:00:00,11:30:00,7,90,"Cubrir Vacaciones",turno3,11:30:00,11:45:00,
54495,33,2026-05-25,16:30:00,17:30:00,7,90,Inspecciones,mixto3,17:30:00,17:45:00,
54495,33,2026-05-27,15:00:00,16:30:00,7,90,Inspecciones,turno1,16:30:00,16:45:00,
54495,33,2026-05-28,16:30:00,00:00:00,7,90,Inventario,mixto3,00:00:00,00:15:00,
55504,33,2026-05-28,16:30:00,00:00:00,7,90,Inventarios,mixto3,00:00:00,00:15:00,
55504,33,2026-05-30,16:30:00,19:30:00,7,90,"Trabajos Extraordinarios",mixto3,19:30:00,19:45:00,
59173,33,2026-05-27,22:30:00,00:00:00,7,90,"Trabajos Extraordinarios",turno2,00:00:00,00:15:00,
59936,33,2026-05-26,16:30:00,17:30:00,7,90,Inventario,mixto3,17:30:00,17:45:00,
59936,33,2026-05-27,16:30:00,20:00:00,7,90,"Trabajos Extraordinarios",mixto3,20:00:00,20:15:00,
59936,33,2026-05-28,16:30:00,00:00:00,7,90,Inventarios,mixto3,00:00:00,00:15:00,
59936,33,2026-05-31,15:00:00,19:30:00,7,90,"Cierre de Mes",turno1,19:30:00,19:45:00,
59937,33,2026-05-26,16:30:00,17:30:00,7,90,Inventario,mixto3,17:30:00,17:45:00,
59937,33,2026-05-27,16:30:00,20:00:00,7,90,"Trabajos Extraordinarios",mixto3,20:00:00,20:15:00,
59937,33,2026-05-28,16:30:00,04:00:00,7,90,Doblete,mixto3,04:00:00,04:15:00,
59937,33,2026-05-31,15:00:00,20:00:00,7,90,"Cierre de Mes",turno1,20:00:00,20:15:00,
28041,23,2026-05-30,01:00:00,04:00:00,8,90,"Reducción de Descanso",turno1,20:00:00,20:15:00,
60027,23,2026-05-31,01:00:00,04:00:00,8,90,"Reducción de Descanso",turno1,20:00:00,20:15:00,
60027,23,2026-05-31,01:00:00,04:00:00,8,90,"Reducción de Descanso",,,,
28041,23,2026-05-30,01:00:00,04:00:00,8,90,"Reducción de Descanso",,,,
59552,32,2026-05-29,15:00:00,20:00:00,7,90,"Cubrir Montacarguista",turno1,20:00:00,20:15:00,
59552,32,2026-05-29,15:00:00,20:00:00,7,90,"Cubrir Montacarguista",turno1,20:00:00,20:15:00,
59552,32,2026-05-26,15:00:00,16:30:00,7,90,Devoluciones,turno1,16:30:00,16:45:00,
50156,33,2026-05-29,15:00:00,20:30:00,7,90,Inventario,turno1,20:30:00,20:45:00,
50156,33,2026-05-29,15:00:00,21:00:00,7,90,"Trabajos Extraordinarios",turno1,21:00:00,21:15:00,
59609,33,2026-05-27,15:00:00,16:30:00,7,90,"Trabajos Extraordinarios",turno1,16:30:00,16:45:00,
59936,33,2026-05-27,16:30:00,20:00:00,7,90,"Trabajos Extraordinarios",mixto3,20:00:00,20:15:00,
59936,33,2026-05-27,16:30:00,20:00:00,7,90,"Trabajos Extraordinarios",mixto3,20:00:00,20:15:00,
59936,33,2026-05-31,15:00:00,19:30:00,7,90,"Cierre de Mes",turno1,19:30:00,19:45:00,
59936,33,2026-05-28,16:30:00,00:00:00,7,90,Inventario,mixto3,00:00:00,00:15:00,
27982,32,2026-05-26,15:00:00,18:00:00,7,90,"Cubrir Montacarguista",turno1,18:00:00,18:15:00,
38325,32,2026-05-27,15:00:00,17:00:00,7,90,"Cubrir Montacarguista",turno1,17:00:00,17:15:00,
38325,32,2026-05-28,15:00:00,20:00:00,7,90,Inventario,turno1,20:00:00,20:15:00,
59936,41,2026-05-31,17:00:00,21:30:00,7,90,prue,mixto4,21:30:00,21:45:00,
59936,41,2026-05-31,17:00:00,21:30:00,7,90,prueba,mixto4,21:30:00,21:45:00,
59936,33,2026-05-31,17:00:00,21:30:00,7,90,"Cierre de Mes",mixto4,21:30:00,21:45:00,
59937,33,2026-05-31,17:00:00,21:30:00,7,90,"Cierre de Mes",mixto4,21:30:00,21:45:00,
60027,23,2026-05-31,01:00:00,04:00:00,8,90,"Reducción de Descanso",mixto4,21:30:00,21:45:00,
28041,23,2026-05-30,01:00:00,04:00:00,8,90,"Reducción de descanso",mixto4,21:30:00,21:45:00,
59609,33,2026-05-27,15:00:00,16:30:00,7,90,"Trabajos Extraordinarios",turno1,16:30:00,16:45:00,
46471,42,2026-06-01,01:00:00,07:00:00,4,90,Anticipo,turno1,07:00:00,07:15:00,
60027,23,2026-05-31,01:00:00,04:00:00,8,90,"Reducción de Descanso",,,,
30107,43,2026-06-01,15:00:00,19:00:00,1,90,"vacaciones de Alejandro Ruiz  ",turno1,19:00:00,19:15:00,
32835,43,2026-06-01,19:00:00,22:30:00,1,90,Anticipo,turno3,22:30:00,22:45:00,
32835,43,2026-06-01,19:00:00,22:30:00,1,90,Anticipo,turno3,22:30:00,22:45:00,
46471,42,2026-06-01,16:30:00,22:30:00,7,90,Anticipo,turno3,22:30:00,22:45:00,
27633,44,2026-05-28,15:00:00,19:00:00,1,97,vacaciones,turno1,19:00:00,19:15:00,
27791,44,2026-05-28,19:00:00,22:30:00,1,97,Anticipo,turno3,22:30:00,22:45:00,
28082,46,2026-06-01,16:30:00,19:00:00,7,90,administrativo,mixto3,19:00:00,19:15:00,
37133,46,2026-06-01,15:00:00,16:00:00,7,90,administrativo,turno1,16:00:00,16:15:00,
55075,48,2026-05-28,18:30:00,00:30:00,7,90,CIERRE,mixto2,00:30:00,00:45:00,
27791,44,2026-05-28,10:30:00,22:30:00,7,90,prueba,turno3,22:30:00,22:45:00,
55075,48,2026-05-31,08:30:00,18:30:00,10,90,CIERRE,mixto2,18:30:00,18:45:00,
55075,48,2026-05-31,16:30:00,20:30:00,7,90,CIERRE,mixto3,20:30:00,20:45:00,
55075,48,2026-05-31,18:30:00,22:30:00,7,90,CIERRE,mixto2,22:30:00,22:45:00,
55075,48,2026-05-31,18:30:00,22:30:00,7,90,CIERRE,mixto2,22:30:00,22:45:00,
55075,48,2026-05-31,08:30:00,18:30:00,10,90,CIERRE,mixto2,18:30:00,18:45:00,
55075,48,2026-05-31,18:30:00,22:30:00,7,90,CIERRE,mixto2,22:30:00,22:45:00,
55075,48,2026-05-31,08:30:00,18:30:00,10,90,CIERRE,mixto2,18:30:00,18:45:00,
55075,48,2026-05-31,18:30:00,22:30:00,7,90,CIERRE,mixto2,22:30:00,22:45:00,
53144,49,2026-06-02,06:00:00,07:30:00,7,90,Anticipo,mixto1,07:30:00,07:45:00,
53144,49,2026-06-01,05:40:00,07:30:00,7,90,Anticipo,mixto1,07:30:00,07:45:00,
38264,23,2026-05-22,01:00:00,04:00:00,8,90,"Apoyo en Mermas",,,,
53144,51,2026-06-02,17:00:00,18:00:00,1,90,"Cubrir Vacaciones de electricos",mixto1,18:00:00,18:15:00,
53144,51,2026-06-03,17:00:00,18:30:00,1,90,"Cubrir vacaciones de electrico",mixto1,18:30:00,18:45:00,
27659,50,2026-06-01,17:00:00,20:30:00,7,137,EEEE,mixto1,20:30:00,20:45:00,
53144,51,2026-06-01,17:00:00,19:00:00,1,90,n/a,mixto1,19:00:00,19:15:00,
27912,50,2026-06-03,17:00:00,19:30:00,1,90,02:30,mixto1,19:30:00,19:45:00,
32851,50,2026-06-02,15:00:00,19:00:00,7,82,"m mmmm",turno1,19:00:00,19:15:00,
27562,50,2026-06-03,19:00:00,22:30:00,7,137,Anticipo,turno3,22:30:00,22:45:00,
59277,52,2026-05-25,15:00:00,19:30:00,7,90,PUER.,turno1,19:30:00,19:45:00,
59277,52,2026-05-26,15:00:00,19:00:00,7,90,..,turno1,19:00:00,19:15:00,
59277,52,2026-05-27,15:00:00,19:00:00,7,90,...,turno1,19:00:00,19:15:00,
59277,52,2026-05-28,15:00:00,19:00:00,7,90,...,turno1,19:00:00,19:15:00,
59277,52,2026-05-29,15:00:00,19:00:00,7,90,....,turno1,19:00:00,19:15:00,
41842,53,2026-05-31,15:00:00,02:00:00,7,90,Doblete,turno1,02:00:00,02:15:00,
41842,53,2026-05-31,07:00:00,15:00:00,10,90,....,turno1,15:00:00,15:15:00,
41842,53,2026-05-31,22:30:00,07:00:00,10,90,ÑÑ,turno3,07:00:00,07:15:00,
57673,53,2026-05-25,10:30:00,22:30:00,7,90,Reingreso,turno3,22:30:00,22:45:00,
41842,54,2026-05-31,22:30:00,07:00:00,10,90,...,turno3,07:00:00,07:15:00,
30107,55,2026-06-01,15:00:00,19:00:00,1,90,"vacaciones de Alejandro ruiz",turno1,19:00:00,19:15:00,
32835,55,2026-06-01,19:00:00,22:30:00,1,90,Anticipo,turno3,22:30:00,22:45:00,
32835,55,2026-06-01,07:00:00,10:30:00,1,90,"vacaciones de Alejandro ruiz",turno3,10:30:00,10:45:00,
53144,51,2026-06-04,17:00:00,18:00:00,1,90,VACACIONES,mixto1,18:00:00,18:15:00,
53144,51,2026-06-04,17:00:00,18:00:00,1,90,VACACIONES,mixto1,18:00:00,18:15:00,
53144,51,2026-06-04,17:00:00,18:00:00,6,90,JUNTAS,mixto1,18:00:00,18:15:00,
55268,56,2026-06-06,17:00:00,00:00:00,1,90,Doblete,mixto1,00:00:00,00:15:00,
37133,57,2026-06-04,15:00:00,19:00:00,7,90,administrativo,turno1,19:00:00,19:15:00,
28082,57,2026-06-01,16:30:00,19:00:00,7,90,administrativi,mixto3,19:00:00,19:15:00,
28082,57,2026-06-02,16:30:00,18:30:00,7,90,administrativo,mixto3,18:30:00,18:45:00,
28082,57,2026-06-04,16:30:00,19:30:00,7,90,administrativo,mixto3,19:30:00,19:45:00,
46473,57,2026-06-04,10:30:00,15:00:00,7,90,administrativo,turno2,15:00:00,15:15:00,
27883,57,2026-06-01,17:00:00,18:30:00,3,72,"ARRANQUE DE MAQUINA",mixto1,18:30:00,18:45:00,
27883,57,2026-06-04,17:00:00,20:30:00,3,72,"ARRANQUE DE MAQUINA",mixto1,20:30:00,20:45:00,
28272,57,2026-06-01,16:30:00,19:30:00,3,74,"ARRANQUE DE MAQUINA",mixto3,19:30:00,19:45:00,
28272,57,2026-06-02,16:30:00,17:30:00,3,74,"ARRANQUE DE MAQUINA",mixto3,17:30:00,17:45:00,
28272,57,2026-06-03,16:30:00,17:30:00,3,74,"ARRANQUE DE MAQUINA",mixto3,17:30:00,17:45:00,
28272,57,2026-06-04,16:30:00,19:30:00,3,74,"ARRANQUE DE MAQUINA",mixto3,19:30:00,19:45:00,
27562,58,2026-06-03,19:00:00,22:30:00,1,69,Anticipo,turno3,22:30:00,22:45:00,
27727,58,2026-06-03,15:00:00,19:00:00,1,69,VACACIONES,turno1,19:00:00,19:15:00,
49042,58,2026-06-03,19:00:00,22:30:00,1,76,Anticipo,turno3,22:30:00,22:45:00,
59936,60,2026-06-01,04:30:00,07:00:00,7,90,Anticipo,mixto4,07:00:00,07:15:00,
59936,60,2026-06-03,05:30:00,07:00:00,7,90,Anticipo,mixto4,07:00:00,07:15:00,
59936,60,2026-06-05,06:00:00,07:00:00,7,90,Anticipo,turno1,07:00:00,07:15:00,
59609,60,2026-06-02,06:00:00,07:00:00,7,90,Anticipo,turno1,07:00:00,07:15:00,
59609,60,2026-06-03,06:00:00,07:00:00,7,90,Anticipo,turno1,07:00:00,07:15:00,
59937,60,2026-06-01,03:00:00,07:00:00,7,90,Anticipo,mixto4,07:00:00,07:15:00,
59937,60,2026-06-02,04:30:00,07:00:00,7,90,Anticipo,mixto4,07:00:00,07:15:00,
59937,60,2026-06-02,04:30:00,07:00:00,7,90,Anticipo,mixto4,07:00:00,07:15:00,
59937,60,2026-06-03,04:00:00,07:00:00,7,90,Anticipo,mixto4,07:00:00,07:15:00,
59937,60,2026-06-04,05:00:00,07:00:00,7,90,Anticipo,mixto4,07:00:00,07:15:00,
59937,60,2026-06-05,03:00:00,07:00:00,7,90,Anticipo,mixto4,07:00:00,07:15:00,
52530,60,2026-06-01,08:30:00,15:00:00,7,90,Anticipo,turno2,15:00:00,15:15:00,
52530,60,2026-06-07,14:00:00,15:00:00,7,90,Anticipo,turno2,15:00:00,15:15:00,
59173,60,2026-06-07,13:30:00,15:00:00,7,90,Anticipo,turno2,15:00:00,15:15:00,
35025,60,2026-06-03,05:00:00,07:00:00,7,90,Anticipo,turno1,07:00:00,07:15:00,
35025,60,2026-06-05,05:00:00,07:00:00,7,90,Anticipo,turno1,07:00:00,07:15:00,
56189,61,2026-06-01,03:00:00,07:00:00,7,90,Anticipo,turno1,07:00:00,07:15:00,
56189,61,2026-06-02,02:00:00,07:00:00,7,90,Anticipo,turno1,07:00:00,07:15:00,
38325,61,2026-06-02,04:30:00,07:00:00,7,90,Anticipo,turno1,07:00:00,07:15:00,
38325,61,2026-06-03,05:00:00,07:00:00,7,90,Anticipo,turno1,07:00:00,07:15:00,
38325,61,2026-06-04,04:30:00,07:00:00,7,90,Anticipo,turno1,07:00:00,07:15:00,
38325,61,2026-06-05,06:00:00,07:00:00,7,90,Anticipo,turno1,07:00:00,07:15:00,
27982,61,2026-06-01,03:00:00,07:00:00,7,90,Anticipo,turno1,07:00:00,07:15:00,
27982,61,2026-06-02,02:00:00,07:00:00,7,90,Anticipo,turno1,07:00:00,07:15:00,
50707,61,2026-06-05,02:00:00,07:00:00,7,90,Anticipo,turno1,07:00:00,07:15:00,
50707,61,2026-06-06,03:00:00,07:00:00,7,90,Anticipo,turno1,07:00:00,07:15:00,
027866,61,2026-06-01,04:00:00,07:00:00,7,90,Anticipo,turno1,07:00:00,07:15:00,
027866,61,2026-06-02,06:00:00,07:00:00,7,90,Anticipo,turno1,07:00:00,07:15:00,
027866,61,2026-06-03,04:00:00,07:00:00,7,90,Anticipo,turno1,07:00:00,07:15:00,
027866,61,2026-06-05,05:00:00,07:00:00,7,90,Anticipo,turno1,07:00:00,07:15:00,
49821,61,2026-06-01,04:00:00,07:00:00,7,90,Anticipo,turno1,07:00:00,07:15:00,
49821,61,2026-06-02,06:00:00,07:00:00,7,90,Anticipo,turno1,07:00:00,07:15:00,
49821,61,2026-06-03,04:00:00,07:00:00,7,90,Anticipo,turno1,07:00:00,07:15:00,
49821,61,2026-06-04,05:00:00,07:00:00,7,90,Anticipo,turno1,07:00:00,07:15:00,
38264,61,2026-06-03,05:00:00,07:00:00,7,90,Anticipo,turno1,07:00:00,07:15:00,
58953,61,2026-06-04,03:00:00,07:00:00,7,90,Anticipo,turno1,07:00:00,07:15:00,
40827,61,2026-06-02,02:00:00,07:00:00,7,90,Anticipo,turno1,07:00:00,07:15:00,
40827,61,2026-06-03,06:00:00,07:00:00,7,90,Anticipo,turno1,07:00:00,07:15:00,
40827,61,2026-06-04,04:00:00,07:00:00,7,90,Anticipo,turno1,07:00:00,07:15:00,
27906,61,2026-06-02,02:00:00,07:00:00,7,90,Anticipo,turno1,07:00:00,07:15:00,
59694,61,2026-06-03,02:30:00,07:00:00,7,90,Anticipo,turno1,07:00:00,07:15:00,
59694,61,2026-06-05,02:30:00,07:00:00,7,90,Anticipo,turno1,07:00:00,07:15:00,
40827,61,2026-06-04,04:00:00,07:00:00,7,90,Anticipo,turno1,07:00:00,07:15:00,
40827,61,2026-06-02,15:00:00,20:00:00,7,90,"Apoyo a bodega xhala",turno1,20:00:00,20:15:00,
40827,61,2026-06-03,15:00:00,16:00:00,7,90,Acomodo,turno1,16:00:00,16:15:00,
40827,61,2026-06-04,15:00:00,18:00:00,7,90,"Apoyo a bodega xhala",turno1,18:00:00,18:15:00,
52530,60,2026-06-07,15:00:00,16:30:00,7,90,Operación,turno1,16:30:00,16:45:00,
59609,60,2026-06-02,07:00:00,08:00:00,7,90,operación,turno3,08:00:00,08:15:00,
59609,60,2026-06-03,07:00:00,08:00:00,7,90,operación,turno3,08:00:00,08:15:00,
38325,61,2026-06-05,15:00:00,16:00:00,7,90,acomodo,turno1,16:00:00,16:15:00,
58953,62,2026-06-04,01:00:00,03:30:00,8,90,Anticipo,,,,
38325,61,2026-06-02,15:00:00,,7,90,Apoyo,turno1,,NaN:NaN:00,
38325,61,2026-06-02,15:00:00,,7,90,Apoyo,turno1,,NaN:NaN:00,
44567,66,2026-06-08,15:00:00,21:00:00,7,90,OPERACION,turno1,21:00:00,21:15:00,
42006,67,2026-06-08,15:00:00,19:00:00,1,68,VACACIONES,turno1,19:00:00,19:15:00,
42006,67,2026-06-09,15:00:00,19:00:00,1,68,VACACIONES,turno1,19:00:00,19:15:00,
27562,67,2026-06-08,15:00:00,19:00:00,1,69,VACACIONES,turno1,19:00:00,19:15:00,
27562,67,2026-06-09,15:00:00,19:00:00,1,69,VACACIONES,turno1,19:00:00,19:15:00,
36669,67,2026-06-08,07:00:00,10:30:00,1,68,VACACIONES,turno3,10:30:00,10:45:00,
36669,67,2026-06-09,07:00:00,10:30:00,1,68,VACACIONES,turno3,10:30:00,10:45:00,
27727,67,2026-06-08,07:00:00,10:30:00,1,69,VACACIONES,turno3,10:30:00,10:45:00,
27727,67,2026-06-09,07:00:00,10:30:00,1,69,VACACIONES,turno3,10:30:00,10:45:00,
38259,67,2026-06-09,15:00:00,19:00:00,7,90,"ORDEN Y LIMPIEZA",turno1,19:00:00,19:15:00,
60563,67,2026-06-09,15:00:00,19:00:00,1,74,VACACIONES,turno1,19:00:00,19:15:00,
60566,67,2026-06-09,15:00:00,19:00:00,7,74,VACANTE,turno1,19:00:00,19:15:00,
58476,67,2026-06-10,15:00:00,19:00:00,1,72,VACACIONES,turno1,19:00:00,19:15:00,
60025,67,2026-06-10,07:00:00,10:30:00,1,90,Anticipo,turno3,10:30:00,10:45:00,
60026,67,2026-06-10,07:00:00,10:30:00,1,72,VACACIONES,turno3,10:30:00,10:45:00,
27473,67,2026-06-10,19:00:00,22:30:00,1,68,Anticipo,turno3,22:30:00,22:45:00,
52984,68,2026-06-08,19:00:00,22:30:00,1,82,Anticipo,turno3,22:30:00,22:45:00,
52984,68,2026-06-09,19:00:00,22:30:00,1,82,VACACIONES,turno3,22:30:00,22:45:00,
58554,68,2026-06-09,19:00:00,22:30:00,1,81,Anticipo,turno3,22:30:00,22:45:00,
57426,68,2026-06-09,15:00:00,19:00:00,1,81,VACACIONES,turno1,19:00:00,19:15:00,
58809,68,2026-06-09,15:00:00,19:00:00,1,97,VACACIONES,turno1,19:00:00,19:15:00,
55680,68,2026-06-09,07:00:00,10:30:00,1,82,VACACIONES,turno3,10:30:00,10:45:00,
55680,68,2026-06-10,19:00:00,22:30:00,1,82,VACACIONES,turno3,22:30:00,22:45:00,
58952,68,2026-06-10,19:00:00,22:30:00,1,97,Anticipo,turno3,22:30:00,22:45:00,
60026,67,2026-06-10,10:30:00,22:30:00,7,90,..,turno3,22:30:00,22:45:00,
44567,69,2026-06-01,01:00:00,04:00:00,8,90,"REDUCCIÓN DE HORARIO",,,,
58093,69,2026-06-01,01:00:00,06:00:00,8,90,"REDUCCIÓN DE HORARIO",turno2,03:30:00,03:45:00,
28175,70,2026-06-11,15:00:00,21:00:00,7,90,OPERACION,turno1,21:00:00,21:15:00,
28064,70,2026-06-11,15:00:00,21:00:00,7,90,OPERACION,turno1,21:00:00,21:15:00,
46471,70,2026-06-11,15:00:00,21:00:00,7,90,OPERACION,turno1,21:00:00,21:15:00,
56857,70,2026-06-12,15:00:00,21:00:00,7,90,OPERACION,turno1,21:00:00,21:15:00,
55268,64,2026-06-11,12:00:00,12:30:00,9,90,"TIEMPO DE COMIDA",,,,
55268,71,2026-06-11,12:00:00,12:30:00,9,90,"TIEMPO DE COMIDA",,,,
48632,72,2026-06-10,17:00:00,18:00:00,7,90,"tiempo extraordinario",mixto1,18:00:00,18:15:00,
48632,72,2026-06-08,17:00:00,18:00:00,7,90,"t. extraordinario",mixto1,18:00:00,18:15:00,
48632,72,2026-06-10,17:00:00,18:00:00,7,90,"T. extraordinario ",mixto1,18:00:00,18:15:00,
56189,59,2026-06-08,01:00:00,04:00:00,8,90,"REDUCCIÓN DE HORARIO",,,,
58092,59,2026-06-08,01:00:00,04:00:00,8,90,"REDUCCIÓN DE HORARIO",,,,
58092,65,2026-06-08,01:00:00,04:00:00,8,90,"REDUCCIÓN DE HORARIO",,,,
56189,65,2026-06-08,01:00:00,04:00:00,8,90,"REDUCCIÓN DE HORARIO",,,,
59937,73,2026-06-08,17:00:00,19:30:00,7,90,"capturas en sistema AX",mixto4,19:30:00,19:45:00,
59937,73,2026-06-09,17:00:00,18:30:00,7,90,"capturas en sistema AX",mixto4,18:30:00,18:45:00,
59937,73,2026-06-08,17:00:00,20:00:00,7,90,"capturas en sistema AX",mixto4,20:00:00,20:15:00,
59937,73,2026-06-10,17:00:00,20:00:00,7,90,"captura en sistema AX",mixto4,20:00:00,20:15:00,
59937,73,2026-06-11,17:00:00,19:00:00,7,90,"capturas en sistema AX",mixto4,19:00:00,19:15:00,
59937,73,2026-06-12,17:00:00,21:00:00,7,90,"captura en sistema AX",mixto4,21:00:00,21:15:00,
59609,73,2026-06-08,07:00:00,09:30:00,7,90,"captura de tiempo extra y entrega de turno",turno3,09:30:00,09:45:00,
59609,73,2026-06-12,20:30:00,22:30:00,7,90,Anticipo,turno3,22:30:00,22:45:00,
59936,73,2026-06-08,17:00:00,19:30:00,7,90,"capturas en sistema AX",mixto4,19:30:00,19:45:00,
59936,73,2026-06-10,17:00:00,19:00:00,7,90,"capturas en sistema Ax",mixto4,19:00:00,19:15:00,
59936,73,2026-06-12,17:00:00,18:00:00,7,90,"capturas en sistema AX",mixto4,18:00:00,18:15:00,
27777,73,2026-06-11,18:30:00,19:30:00,7,90,"cierre de venta de mermas",mixto2,19:30:00,19:45:00,
32660,73,2026-06-11,15:00:00,16:00:00,7,90,"entrega de turno y entrega de documentos",turno1,16:00:00,16:15:00,
32660,73,2026-06-12,15:00:00,16:30:00,7,90,"entrega de turno y entrega de documentos",turno1,16:30:00,16:45:00,
32660,73,2026-06-13,15:00:00,17:00:00,7,90,"entrega de turno y acomodo de materiales",turno1,17:00:00,17:15:00,
32660,73,2026-06-14,15:00:00,16:30:00,7,90,"entrega de turno y entrega de documentos",turno1,16:30:00,16:45:00,
35025,73,2026-06-09,07:00:00,08:30:00,7,90,"entrega de turno y entrega de documentos",turno3,08:30:00,08:45:00,
35025,73,2026-06-10,07:00:00,08:30:00,7,90,"entrega de turno y entrega de documentos",turno3,08:30:00,08:45:00,
35025,73,2026-06-11,07:00:00,09:00:00,7,90,"entrega de turno y acomodo de materiales",turno3,09:00:00,09:15:00,
35025,73,2026-06-13,07:00:00,08:00:00,7,90,"entrega de turno y entrega de documentos",turno3,08:00:00,08:15:00,
40827,74,2026-06-10,15:00:00,18:00:00,7,90,"acomodo de materiales",turno1,18:00:00,18:15:00,
40827,74,2026-06-11,15:00:00,20:00:00,7,90,"apoyo en la bodega de xhala",turno1,20:00:00,20:15:00,
56189,74,2026-06-08,15:00:00,19:30:00,7,90,"cargas de tabbi a Tlaxcala",turno1,19:30:00,19:45:00,
56189,74,2026-06-09,07:00:00,08:30:00,7,90,"acomodo de materiales",turno3,08:30:00,08:45:00,
56189,74,2026-06-10,07:00:00,08:30:00,7,90,"acomodo de materiales",turno3,08:30:00,08:45:00,
56189,74,2026-06-11,07:00:00,08:00:00,7,90,"acomodo de materiales",turno3,08:00:00,08:15:00,
49821,74,2026-06-08,15:00:00,18:00:00,7,90,"apoyo a cargar la venta de merma",turno1,18:00:00,18:15:00,
49821,74,2026-06-09,15:00:00,19:00:00,7,90,"apoyo a cargar la venta de merma",turno1,19:00:00,19:15:00,
49821,74,2026-06-11,15:00:00,17:00:00,7,90,"apoyo a cargar la venta de merma",turno1,17:00:00,17:15:00,
27866,74,2026-06-08,15:00:00,18:00:00,7,90,"apoyo a cargar la venta de merma",turno1,18:00:00,18:15:00,
27866,74,2026-06-09,15:00:00,17:00:00,7,90,"apoyo a cargar la venta de merma",turno1,17:00:00,17:15:00,
27866,74,2026-06-10,15:00:00,18:00:00,7,90,"apoyo a cargar la venta de merma",turno1,18:00:00,18:15:00,
27866,74,2026-06-11,15:00:00,16:00:00,7,90,"apoyo a cargar la venta de merma",turno1,16:00:00,16:15:00,
27635,74,2026-06-11,15:00:00,19:00:00,1,90,VACACIONES,turno1,19:00:00,19:15:00,
27635,74,2026-06-12,15:00:00,19:00:00,1,90,VACACIONES,turno1,19:00:00,19:15:00,
58953,74,2026-06-11,15:00:00,19:00:00,1,90,VACACIONES,turno1,19:00:00,19:15:00,
58953,74,2026-06-12,15:00:00,19:00:00,1,90,VACACIONES,turno1,19:00:00,19:15:00,
27982,74,2026-06-08,15:00:00,19:00:00,7,90,"descarga y acomodo en bodega de xhala",turno1,19:00:00,19:15:00,
27982,74,2026-06-09,15:00:00,19:00:00,7,90,"descarga y acomodo en bodega de xhala",turno1,19:00:00,19:15:00,
27982,74,2026-06-10,15:00:00,16:00:00,7,90,"descarga y acomodo en bodega de xhala",turno1,16:00:00,16:15:00,
56188,74,2026-06-12,15:00:00,20:00:00,7,90,"descarga y acomodo en bodega de xhala",turno1,20:00:00,20:15:00,
50707,74,2026-06-09,15:00:00,18:00:00,7,90,"acomodo de materiales ",turno1,18:00:00,18:15:00,
50707,74,2026-06-10,15:00:00,18:00:00,7,90,"acomodo de materiales ",turno1,18:00:00,18:15:00,
50707,74,2026-06-11,15:00:00,18:00:00,7,90,"acomodo de materiales ",turno1,18:00:00,18:15:00,
38325,74,2026-06-09,15:00:00,18:00:00,7,90,"acomodo de materiales ",turno1,18:00:00,18:15:00,
38325,74,2026-06-10,15:00:00,17:00:00,7,90,"acomodo de materiales ",turno1,17:00:00,17:15:00,
38325,74,2026-06-11,15:00:00,18:00:00,7,90,"acomodo de materiales ",turno1,18:00:00,18:15:00,
38325,74,2026-06-12,15:00:00,16:00:00,7,90,"acomodo de materiales ",turno1,16:00:00,16:15:00,
51253,74,2026-06-12,15:00:00,19:00:00,7,90,"cargas de tabbi a tlaxcala",turno1,19:00:00,19:15:00,
57928,74,2026-06-14,15:00:00,19:00:00,1,90,VACACIONES,turno1,19:00:00,19:15:00,
50814,74,2026-06-10,15:00:00,20:00:00,7,90,"descarga y acomodo en bodega de xhala",turno1,20:00:00,20:15:00,
57647,74,2026-06-11,15:00:00,16:00:00,7,90,"acomodo de materiales ",turno1,16:00:00,16:15:00,
57647,74,2026-06-12,15:00:00,16:30:00,7,90,"acomodo de materiales ",turno1,16:30:00,16:45:00,
57647,74,2026-06-13,15:00:00,17:00:00,7,90,"acomodo de materiales ",turno1,17:00:00,17:15:00,
57647,74,2026-06-14,15:00:00,16:30:00,7,90,"acomodo de materiales ",turno1,16:30:00,16:45:00,
28175,75,2026-06-11,15:00:00,21:00:00,7,90,operacion,turno1,21:00:00,21:15:00,
28064,75,2026-06-11,15:00:00,21:00:00,7,90,operacion,turno1,21:00:00,21:15:00,
46471,75,2026-06-11,15:00:00,21:00:00,7,90,operacion,turno1,21:00:00,21:15:00,
56857,75,2026-06-12,15:00:00,21:00:00,7,90,operacion,turno1,21:00:00,21:15:00,
51828,75,2026-06-14,09:00:00,15:00:00,7,90,Anticipo,turno2,15:00:00,15:15:00,
38310,75,2026-06-14,15:00:00,21:00:00,7,90,pintura,turno1,21:00:00,21:15:00,
44669,75,2026-06-14,15:00:00,21:00:00,7,90,pintura,turno1,21:00:00,21:15:00,
51463,76,2026-06-08,18:30:00,19:30:00,7,90,operacion,mixto2,19:30:00,19:45:00,
51463,76,2026-06-09,18:30:00,20:00:00,7,90,operacion,mixto2,20:00:00,20:15:00,
51463,76,2026-06-10,18:30:00,20:00:00,7,90,operacion,mixto2,20:00:00,20:15:00,
51463,76,2026-06-12,18:30:00,19:30:00,7,90,operacion,mixto2,19:30:00,19:45:00,
51463,76,2026-06-13,18:30:00,22:00:00,7,90,operacion,mixto2,22:00:00,22:15:00,
30322,76,2026-06-13,15:00:00,19:00:00,7,90,operacion,turno1,19:00:00,19:15:00,
51831,76,2026-06-13,07:00:00,15:00:00,10,90,"DESCANSO TRABAJADO",turno1,15:00:00,15:15:00,
51831,76,2026-06-14,10:30:00,22:30:00,7,90,operacion,turno3,22:30:00,22:45:00,
51831,76,2026-06-13,22:30:00,07:00:00,10,90,"DESCANSO TRABAJADO",turno3,07:00:00,07:15:00,
28175,75,2026-06-13,15:00:00,19:00:00,7,90,OPERACION,turno1,19:00:00,19:15:00,
44567,75,2026-06-11,01:00:00,04:00:00,8,90,"REDUCCIÓN DE HORARIO",turno3,13:00:00,13:15:00,
44567,75,2026-06-13,01:00:00,04:00:00,8,90,"REDUCCIÓN DE HORARIO",turno3,13:00:00,13:15:00,
51831,76,2026-06-13,07:00:00,15:00:00,10,90,"DESCANSO TRABAJADO",turno1,15:00:00,15:15:00,
51831,76,2026-06-14,10:30:00,22:30:00,7,90,OPERACION,turno3,22:30:00,22:45:00,
56360,76,2026-06-08,21:30:00,22:30:00,7,90,Anticipo,turno3,22:30:00,22:45:00,
56360,76,2026-06-09,21:30:00,22:30:00,7,90,Anticipo,turno3,22:30:00,22:45:00,
56360,76,2026-06-11,21:30:00,22:30:00,7,90,Anticipo,turno3,22:30:00,22:45:00,
56360,76,2026-06-12,07:00:00,08:00:00,7,90,OPERACION,turno3,08:00:00,08:15:00,
56360,76,2026-06-13,19:00:00,22:30:00,7,90,Anticipo,turno3,22:30:00,22:45:00,
33128,76,2026-06-13,19:00:00,22:30:00,7,90,Anticipo,turno3,22:30:00,22:45:00,
30024,76,2026-06-13,15:00:00,19:00:00,7,90,OPERACION,turno1,19:00:00,19:15:00,
46472,76,2026-06-14,19:00:00,22:30:00,7,90,Anticipo,turno3,22:30:00,22:45:00,
32708,76,2026-06-14,19:00:00,22:30:00,7,90,Anticipo,turno3,22:30:00,22:45:00,
27855,76,2026-06-08,07:30:00,08:30:00,7,90,Anticipo,mixto2,08:30:00,08:45:00,
30024,76,2026-06-14,15:00:00,19:00:00,7,90,operacion,turno1,19:00:00,19:15:00,
56360,76,2026-06-08,21:30:00,22:30:00,7,90,Anticipo,turno3,22:30:00,22:45:00,
56360,76,2026-06-09,21:30:00,22:30:00,7,90,Anticipo,turno3,22:30:00,22:45:00,
56360,76,2026-06-11,21:30:00,22:30:00,7,90,Anticipo,turno3,22:30:00,22:45:00,
56360,76,2026-06-13,10:30:00,22:30:00,7,90,operacion,turno3,22:30:00,22:45:00,
56360,76,2026-06-08,07:00:00,08:00:00,7,90,operacion,turno3,08:00:00,08:15:00,
56360,76,2026-06-09,07:00:00,08:00:00,7,90,operacion,turno3,08:00:00,08:15:00,
56360,76,2026-06-11,07:00:00,08:00:00,7,90,operacion,turno3,08:00:00,08:15:00,
41842,77,2026-06-09,15:00:00,19:00:00,7,90,operacion,turno1,19:00:00,19:15:00,
38310,78,2026-06-15,15:00:00,21:00:00,7,90,operacion,turno1,21:00:00,21:15:00,
44669,78,2026-06-16,15:00:00,21:00:00,7,90,operacion,turno1,21:00:00,21:15:00,
46472,79,2026-06-16,15:00:00,18:30:00,7,90,operacion,turno1,18:30:00,18:45:00,
41842,79,2026-06-16,15:00:00,19:30:00,7,90,operacion,turno1,19:30:00,19:45:00,
51831,79,2026-06-15,07:00:00,08:00:00,7,90,operacion,turno3,08:00:00,08:15:00,
51831,79,2026-06-16,07:00:00,09:00:00,7,90,operacion,turno3,09:00:00,09:15:00,
36356,80,2026-06-08,18:30:00,19:30:00,7,90,operacion,mixto2,19:30:00,19:45:00,
36356,80,2026-06-09,18:30:00,19:30:00,7,90,operacion,mixto2,19:30:00,19:45:00,
36356,80,2026-06-10,18:30:00,19:30:00,7,90,operacion,mixto2,19:30:00,19:45:00,
36356,81,2026-06-08,18:30:00,19:30:00,7,90,operacion,mixto2,19:30:00,19:45:00,
41842,79,2026-06-17,15:00:00,22:30:00,7,90,Doblete,turno1,22:30:00,22:45:00,
51831,79,2026-06-17,07:00:00,08:03:00,7,90,OPERACION,turno3,08:03:00,08:18:00,
51463,79,2026-06-17,18:30:00,20:30:00,7,90,OPERACION,mixto2,20:30:00,20:45:00,
28175,82,2026-06-19,15:00:00,21:00:00,7,90,OPERACION,turno1,21:00:00,21:15:00,
28175,82,2026-06-20,15:00:00,19:00:00,7,90,OPERACION,turno1,19:00:00,19:15:00,
28175,82,2026-06-20,15:00:00,19:00:00,7,90,OPERACION,turno1,19:00:00,19:15:00,
28040,82,2026-06-19,22:30:00,07:00:00,7,90,Doblete,turno2,07:00:00,07:15:00,
28082,83,2026-06-15,16:30:00,19:00:00,7,90,administrativo,mixto3,19:00:00,19:15:00,
28082,83,2026-06-16,16:30:00,19:00:00,7,90,administrativo,mixto3,19:00:00,19:15:00,
28337,84,2026-06-15,15:00:00,19:00:00,1,76,VACACIONES,turno1,19:00:00,19:15:00,
28337,84,2026-06-17,15:00:00,19:00:00,1,76,VACACIONES,turno1,19:00:00,19:15:00,
42101,84,2026-06-15,10:30:00,15:00:00,1,76,VACACIONES,turno2,15:00:00,15:15:00,
42101,84,2026-06-17,10:30:00,15:00:00,1,76,VACACIONES,turno2,15:00:00,15:15:00,
42101,84,2026-06-17,10:30:00,15:00:00,1,76,VACACIONES,turno2,15:00:00,15:15:00,
42101,84,2026-06-17,10:30:00,15:00:00,1,76,VACACIONES,turno2,15:00:00,15:15:00,
42101,84,2026-06-17,10:30:00,15:00:00,1,76,VACACIONES,turno2,15:00:00,15:15:00,
42101,84,2026-06-17,10:30:00,15:00:00,1,76,VACACIONES,turno2,15:00:00,15:15:00,
42101,84,2026-06-17,10:30:00,15:00:00,1,76,VACACIONES,turno2,15:00:00,15:15:00,
42101,84,2026-06-17,10:30:00,15:00:00,1,76,VACACIONES,turno2,15:00:00,15:15:00,
42101,84,2026-06-17,10:30:00,15:00:00,1,76,VACACIONES,turno2,15:00:00,15:15:00,
42101,84,2026-06-17,10:30:00,15:00:00,1,76,VACACIONES,turno2,15:00:00,15:15:00,
42101,84,2026-06-17,10:30:00,15:00:00,1,76,VACACIONES,turno2,15:00:00,15:15:00,
42101,84,2026-06-17,10:30:00,15:00:00,1,76,VACACIONES,turno2,15:00:00,15:15:00,
42101,84,2026-06-17,10:30:00,15:00:00,1,76,VACACIONES,turno2,15:00:00,15:15:00,
42101,84,2026-06-17,10:30:00,15:00:00,1,76,VACACIONES,turno2,15:00:00,15:15:00,
42101,84,2026-06-17,10:30:00,15:00:00,1,76,VACACIONES,turno2,15:00:00,15:15:00,
42101,84,2026-06-17,10:30:00,15:00:00,1,76,VACACIONES,turno2,15:00:00,15:15:00,
42101,84,2026-06-17,10:30:00,15:00:00,1,76,VACACIONES,turno2,15:00:00,15:15:00,
42101,84,2026-06-17,10:30:00,15:00:00,1,76,VACACIONES,turno2,15:00:00,15:15:00,
42101,84,2026-06-17,10:30:00,15:00:00,1,76,VACACIONES,turno2,15:00:00,15:15:00,
27860,84,2026-06-16,15:00:00,16:30:00,1,76,VACACIONES,turno1,16:30:00,16:45:00,
28240,84,2026-06-17,15:00:00,19:00:00,1,69,VACACIONES,turno1,19:00:00,19:15:00,
38259,88,2026-06-16,15:00:00,19:00:00,7,90,O&L,turno1,19:00:00,19:15:00,
54418,88,2026-06-16,15:00:00,19:00:00,1,74,VACACIONES,turno1,19:00:00,19:15:00,
54418,88,2026-06-17,15:00:00,19:00:00,1,74,VACACIONES,turno1,19:00:00,19:15:00,
49210,88,2026-06-16,15:00:00,19:00:00,1,137,VACACIONES,turno1,19:00:00,19:15:00,
50548,88,2026-06-17,15:00:00,19:00:00,1,72,VACACIONES,turno1,19:00:00,19:15:00,
44670,88,2026-06-17,10:30:00,22:30:00,1,72,VACACIONES,turno3,22:30:00,22:45:00,
58478,88,2026-06-17,15:00:00,19:00:00,1,74,VACACIONES,turno1,19:00:00,19:15:00,
59355,88,2026-06-17,15:00:00,19:00:00,1,74,VACACIONES,turno1,19:00:00,19:15:00,
42101,84,2026-06-17,10:30:00,22:30:00,7,76,vacaciones,turno3,22:30:00,22:45:00,
46472,79,2026-06-17,15:00:00,18:30:00,7,90,operacion,turno1,18:30:00,18:45:00,
46472,79,2026-06-18,15:00:00,17:30:00,7,90,operacion,turno1,17:30:00,17:45:00,
41842,79,2026-06-18,15:00:00,18:30:00,7,90,03:30,turno1,18:30:00,18:45:00,
41842,79,2026-06-18,15:00:00,18:30:00,7,90,OPERACION,turno1,18:30:00,18:45:00,
51831,79,2026-06-18,15:00:00,16:30:00,7,90,OPERACION,turno1,16:30:00,16:45:00,
41842,79,2026-06-17,15:00:00,18:30:00,7,90,OPERACION,turno1,18:30:00,18:45:00,
41842,79,2026-06-17,15:00:00,22:30:00,7,90,Doblete,turno1,22:30:00,22:45:00,
56189,74,2026-06-15,15:00:00,20:00:00,7,90,"Cubrir Montacarguista",turno1,20:00:00,20:15:00,
56189,89,2026-06-15,15:00:00,20:00:00,7,90,"Cubrir Montacarguista",turno1,20:00:00,20:15:00,
56189,89,2026-06-16,15:00:00,19:00:00,7,90,"Cubrir Montacarguista",turno1,19:00:00,19:15:00,
27982,89,2026-06-15,15:00:00,20:00:00,7,90,"Cubrir Montacarguista",turno1,20:00:00,20:15:00,
27982,89,2026-06-16,15:00:00,19:00:00,7,90,"Cubrir Montacarguista",turno1,19:00:00,19:15:00,
38325,89,2026-06-16,15:00:00,18:00:00,7,90,"Cubrir Montacarguista",turno1,18:00:00,18:15:00,
38325,89,2026-06-19,15:00:00,16:00:00,7,90,"Cubrir Montacarguista",turno1,16:00:00,16:15:00,
27866,89,2026-06-15,15:00:00,18:00:00,7,90,"Apoyo en Mermas",turno1,18:00:00,18:15:00,
27866,89,2026-06-16,15:00:00,17:00:00,7,90,"Apoyo en Mermas",turno1,17:00:00,17:15:00,
27866,89,2026-06-17,15:00:00,18:00:00,7,90,"Apoyo en Mermas",turno1,18:00:00,18:15:00,
27866,89,2026-06-18,15:00:00,16:00:00,7,90,"Apoyo en Mermas",turno1,16:00:00,16:15:00,
49821,89,2026-06-15,15:00:00,18:00:00,7,90,"Apoyo en Mermas",turno1,18:00:00,18:15:00,
49821,89,2026-06-16,15:00:00,18:00:00,7,90,"Apoyo en Mermas",turno1,18:00:00,18:15:00,
49821,89,2026-06-17,15:00:00,18:00:00,7,90,"Apoyo en Mermas",turno1,18:00:00,18:15:00,
57928,89,2026-06-18,15:00:00,19:00:00,7,90,"Apoyo en Mermas",turno1,19:00:00,19:15:00,
57928,89,2026-06-19,15:00:00,19:00:00,7,90,"Apoyo en Mermas",turno1,19:00:00,19:15:00,
27635,89,2026-06-17,15:00:00,19:00:00,7,90,"Apoyo en Mermas",turno1,19:00:00,19:15:00,
38264,89,2026-06-18,22:30:00,02:30:00,7,90,"Apoyo en Mermas",turno2,02:30:00,02:45:00,
56188,89,2026-06-15,15:00:00,16:00:00,7,90,"Cubrir Montacarguista",turno1,16:00:00,16:15:00,
56188,89,2026-06-17,15:00:00,19:00:00,7,90,"Cubrir Montacarguista",turno1,19:00:00,19:15:00,
50707,89,2026-06-17,15:00:00,19:00:00,7,90,"Cubrir Montacarguista",turno1,19:00:00,19:15:00,
50707,89,2026-06-18,15:00:00,17:00:00,7,90,"Cubrir Montacarguista",turno1,17:00:00,17:15:00,
40827,89,2026-06-16,15:00:00,16:00:00,7,90,"Trabajos Extraordinarios",turno1,16:00:00,16:15:00,
40827,89,2026-06-17,15:00:00,19:00:00,7,90,"Trabajos Extraordinarios",turno1,19:00:00,19:15:00,
40827,89,2026-06-18,15:00:00,19:00:00,7,90,"Trabajos Extraordinarios",turno1,19:00:00,19:15:00,
60568,89,2026-06-16,15:00:00,16:00:00,7,90,"Cubrir Montacarguista",turno1,16:00:00,16:15:00,
27906,89,2026-06-21,15:00:00,19:00:00,7,90,"Cubrir Montacarguista",turno1,19:00:00,19:15:00,
59552,89,2026-06-21,15:00:00,17:30:00,7,90,"Cubrir Montacarguista",turno1,17:30:00,17:45:00,
59694,89,2026-06-15,15:00:00,19:30:00,7,90,"Cubrir Montacarguista",turno1,19:30:00,19:45:00,
59694,89,2026-06-16,15:00:00,19:30:00,7,90,"Cubrir Montacarguista",turno1,19:30:00,19:45:00,
57647,89,2026-06-19,07:00:00,08:00:00,7,90,"Trabajos Extraordinarios",turno3,08:00:00,08:15:00,
57647,89,2026-06-20,07:00:00,08:00:00,7,90,"Trabajos Extraordinarios",turno3,08:00:00,08:15:00,
59167,89,2026-06-16,15:00:00,16:00:00,7,90,"Trabajos Extraordinarios",turno1,16:00:00,16:15:00,
27777,90,2026-06-15,17:00:00,18:30:00,7,90,"Trabajos Extraordinarios",mixto1,18:30:00,18:45:00,
27777,90,2026-06-17,17:00:00,19:30:00,7,90,"Trabajos Extraordinarios",mixto1,19:30:00,19:45:00,
27777,90,2026-06-18,17:00:00,18:30:00,7,90,"Trabajos Extraordinarios",mixto1,18:30:00,18:45:00,
27777,90,2026-06-19,17:00:00,19:00:00,7,90,"Trabajos Extraordinarios",mixto1,19:00:00,19:15:00,
52530,90,2026-06-15,07:00:00,08:30:00,7,90,"Trabajos Extraordinarios",turno3,08:30:00,08:45:00,
35025,90,2026-06-21,15:00:00,17:30:00,7,90,"Trabajos Extraordinarios",turno1,17:30:00,17:45:00,
32660,90,2026-06-19,07:00:00,09:00:00,7,90,"Trabajos Extraordinarios",turno3,09:00:00,09:15:00,
32660,90,2026-06-20,07:00:00,08:00:00,7,90,"Trabajos Extraordinarios",turno3,08:00:00,08:15:00,
38264,89,2026-06-18,01:00:00,03:30:00,8,90,"REDUCCIÓN DE HORARIO",turno3,08:00:00,08:15:00,
38264,91,2026-06-18,01:00:00,04:00:00,8,90,"REDUCCIÓN DE HORARIO",,,,
59046,91,2026-06-15,01:00:00,04:00:00,8,90,"REDUCCIÓN DE HORARIO",,,,
60027,91,2026-06-15,01:00:00,04:00:00,8,90,"REDUCCIÓN DE HORARIO",,,,
59552,91,2026-06-15,01:00:00,04:00:00,8,90,"REDUCCIÓN DE HORARIO",,,,
59936,90,2026-06-15,17:00:00,19:00:00,7,90,"Trabajos Extraordinarios",mixto4,19:00:00,19:15:00,
32660,90,2026-06-21,07:00:00,08:00:00,7,90,"Trabajos Extraordinarios",turno3,08:00:00,08:15:00,
59937,92,2026-06-15,17:00:00,19:30:00,7,90,"captura en AX",mixto4,19:30:00,19:45:00,
59937,92,2026-06-16,17:00:00,19:00:00,7,90,"Captura en Ax",mixto4,19:00:00,19:15:00,
59937,92,2026-06-17,17:00:00,20:30:00,7,90,"Captura en AX",mixto4,20:30:00,20:45:00,
46472,79,2026-06-15,15:00:00,16:00:00,7,90,OPERACION,turno1,16:00:00,16:15:00,
46472,79,2026-06-20,15:00:00,20:30:00,7,90,OPERACION,turno1,20:30:00,20:45:00,
46472,79,2026-06-21,07:00:00,15:00:00,10,90,"DESCANSO TRABAJADO",turno1,15:00:00,15:15:00,
41842,79,2026-06-19,15:00:00,16:00:00,7,90,OPERACION,turno1,16:00:00,16:15:00,
41842,79,2026-06-19,15:00:00,16:00:00,7,90,OPERACION,turno1,16:00:00,16:15:00,
41842,79,2026-06-21,20:30:00,22:30:00,7,90,Anticipo,turno3,22:30:00,22:45:00,
51831,79,2026-06-20,20:30:00,22:30:00,7,90,Anticipo,turno3,22:30:00,22:45:00,
51463,79,2026-06-19,18:30:00,20:30:00,7,90,OPERACION,mixto2,20:30:00,20:45:00,
51463,79,2026-06-20,08:30:00,18:30:00,10,90,"DESCANSO TRABAJADO",mixto2,18:30:00,18:45:00,
32708,79,2026-06-19,15:00:00,22:30:00,7,90,Anticipo,turno3,22:30:00,22:45:00,
32708,79,2026-06-20,19:30:00,22:30:00,7,90,Anticipo,turno3,22:30:00,22:45:00,
30322,79,2026-06-20,15:00:00,19:00:00,7,90,OPERACION,turno1,19:00:00,19:15:00,
56360,79,2026-06-15,22:30:00,23:30:00,7,90,OPERACION,turno2,23:30:00,23:45:00,
56360,79,2026-06-18,22:30:00,23:30:00,7,90,OPERACION,turno2,23:30:00,23:45:00,
56360,79,2026-06-19,22:30:00,23:30:00,7,90,OPERACION,turno2,23:30:00,23:45:00,
56360,79,2026-06-21,15:00:00,19:00:00,7,90,OPERACION,turno1,19:00:00,19:15:00,
30024,79,2026-06-21,19:27:00,22:30:00,7,90,Anticipo,turno3,22:30:00,22:45:00,
27855,79,2026-06-15,07:30:00,08:30:00,7,90,Anticipo,mixto2,08:30:00,08:45:00,
57723,94,2026-06-23,15:00:00,17:00:00,7,90,vacaciones,turno1,17:00:00,17:15:00,
36356,95,2026-06-16,18:30:00,19:30:00,7,90,operacion,mixto2,19:30:00,19:45:00,
36356,95,2026-06-17,18:30:00,20:00:00,7,90,operacion,mixto2,20:00:00,20:15:00,
36356,95,2026-06-19,18:30:00,20:00:00,7,90,OPERACION,mixto2,20:00:00,20:15:00,
